customerID,gender,SeniorCitizen,Partner,Dependents,tenure,PhoneService,MultipleLines,InternetService,OnlineSecurity,OnlineBackup,DeviceProtection,TechSupport,StreamingTV,StreamingMovies,Contract,PaperlessBilling,PaymentMethod,MonthlyCharges,TotalCharges,Churn
2824-A859,Male,1,No,Yes,62,Yes,Yes,Fiber optic,No,Yes,Yes,Yes,No,No,Month-to-month,No,Mailed check,24.4,1508.04,No
5506-H328,Female,0,No,No,69,Yes,Yes,Fiber optic,No internet service,Yes,Yes,Yes,No internet service,No internet service,Month-to-month,No,Bank transfer (automatic),44.62,3072.96,No
3286-X204,Male,0,No,No,63,No,No phone service,No,No,Yes,No,No,No,Yes,One year,No,Mailed check,42.82,2692.16,No
9935-C704,Male,1,Yes,No,2,Yes,Yes,No,No,No,Yes,No internet service,No internet service,No internet service,Two year,No,Mailed check,48.06,89.38,No
7912-B130,Male,0,Yes,Yes,54,Yes,No phone service,No,No,No,No internet service,No internet service,No,No,Month-to-month,No,Electronic check,82.65,4471.6,No
2535-G338,Female,0,Yes,No,16,Yes,Yes,Fiber optic,Yes,No,No internet service,No internet service,No,Yes,Month-to-month,Yes,Electronic check,88.31,1425.65,No
9279-T127,Male,1,Yes,No,55,Yes,No phone service,No,No internet service,No internet service,No internet service,No internet service,No,No internet service,Month-to-month,No,Mailed check,52.33,2870.56,No
4257-W765,Male,0,No,Yes,43,Yes,No phone service,Fiber optic,No,Yes,No,No internet service,Yes,No,Month-to-month,Yes,Electronic check,97.47,4182.28,No
9928-N325,Male,1,No,Yes,61,Yes,No phone service,Fiber optic,Yes,No,No,No internet service,No internet service,No,Two year,Yes,Bank transfer (automatic),60.24,3672.78,No
8359-S384,Female,1,No,Yes,38,Yes,Yes,DSL,Yes,No,No,No,No,No internet service,Month-to-month,No,Bank transfer (automatic),70.75,2679.77,No
1106-Y925,Male,0,No,Yes,45,Yes,No phone service,DSL,No internet service,Yes,No internet service,No internet service,Yes,Yes,Month-to-month,No,Mailed check,32.88,1469.43,No
3615-W532,Male,1,Yes,No,51,Yes,Yes,No,No,No,No,No,No,No,Month-to-month,Yes,Credit card (automatic),41.66,2121.17,No
6574-I259,Male,0,No,Yes,42,Yes,No,Fiber optic,No internet service,Yes,No internet service,No internet service,No internet service,Yes,Month-to-month,No,Mailed check,91.37,3839.98,No
4527-Y444,Male,0,Yes,No,24,Yes,Yes,Fiber optic,No,Yes,Yes,No internet service,No,No,One year,Yes,Credit card (automatic),116.44,2796.87,No
2674-C489,Female,0,No,Yes,30,Yes,Yes,Fiber optic,Yes,No,No,Yes,Yes,Yes,Month-to-month,Yes,Credit card (automatic),89.07,2668.97,No
2584-L967,Male,1,No,Yes,37,Yes,No phone service,DSL,Yes,No internet service,Yes,No internet service,No,Yes,One year,Yes,Credit card (automatic),23.7,871.66,No
6635-T370,Female,0,No,No,53,Yes,Yes,Fiber optic,No internet service,Yes,Yes,Yes,No,No,One year,Yes,Bank transfer (automatic),32.61,1734.42,No
1711-X570,Female,0,Yes,No,63,No,No,No,No,No internet service,No,Yes,No,No internet service,One year,Yes,Mailed check,63.05,3976.03,No
9785-D487,Female,0,Yes,No,11,Yes,No phone service,No,No internet service,No,No,Yes,No,No internet service,Two year,No,Credit card (automatic),91.87,1012.29,No
2291-R400,Male,0,No,Yes,23,Yes,Yes,DSL,No,Yes,Yes,No,Yes,No internet service,Two year,Yes,Mailed check,34.93,797.75,No
6925-S296,Female,0,No,Yes,50,Yes,Yes,No,No internet service,Yes,Yes,Yes,No,Yes,Month-to-month,Yes,Electronic check,93.71,4698.83,No
2139-B777,Male,0,No,No,55,Yes,No phone service,Fiber optic,Yes,No,Yes,Yes,No internet service,No internet service,One year,No,Electronic check,74.11,4062.94,No
4733-Y396,Female,0,Yes,No,55,Yes,No phone service,Fiber optic,No internet service,No internet service,No internet service,Yes,No internet service,No internet service,One year,Yes,Credit card (automatic),96.09,5279.36,No
2307-H987,Female,0,Yes,Yes,4,Yes,Yes,No,No,No,Yes,No internet service,No,No,Month-to-month,No,Bank transfer (automatic),74.29,287.29,No
2654-M384,Female,1,Yes,No,54,Yes,Yes,DSL,No internet service,No,No internet service,No,Yes,Yes,Two year,No,Bank transfer (automatic),78.8,4255.22,No
8428-U954,Female,0,No,No,61,Yes,No phone service,Fiber optic,No,No,No,No,No internet service,No internet service,Month-to-month,Yes,Credit card (automatic),43.25,2631.58,No
6977-F479,Female,0,Yes,Yes,5,Yes,No phone service,Fiber optic,No internet service,No internet service,Yes,No,No,No,One year,No,Bank transfer (automatic),90.63,454.09,No
6820-G786,Female,1,No,No,18,Yes,No,DSL,No,Yes,No,No,No,Yes,Month-to-month,Yes,Bank transfer (automatic),103.07,1860.5,No
5374-W799,Female,0,Yes,Yes,44,Yes,No,Fiber optic,No,Yes,Yes,No internet service,Yes,No,One year,No,Credit card (automatic),105.81,4668.29,No
2169-T750,Female,1,No,Yes,31,Yes,No,No,No,No,No,Yes,No,No internet service,Month-to-month,No,Bank transfer (automatic),21.21,659.66,No
3803-R846,Male,0,No,Yes,21,Yes,No phone service,No,No internet service,No,Yes,No internet service,Yes,Yes,Month-to-month,No,Electronic check,81.02,1703.41,No
5010-F573,Male,1,Yes,No,47,No,No phone service,DSL,No internet service,No internet service,No internet service,No,No internet service,Yes,Month-to-month,Yes,Mailed check,117.7,5536.2,No
7216-I755,Female,0,No,No,30,Yes,No phone service,DSL,Yes,No,No,No internet service,No,No internet service,Month-to-month,No,Credit card (automatic),77.24,2294.35,No
4598-V432,Female,0,No,No,55,No,Yes,No,No,No internet service,No,No internet service,Yes,No,Two year,Yes,Bank transfer (automatic),35.46,1950.87,No
1916-H941,Female,0,No,No,68,Yes,No phone service,DSL,Yes,No internet service,Yes,No,No,Yes,Month-to-month,Yes,Bank transfer (automatic),106.45,7227.53,No
1525-Z423,Male,1,Yes,Yes,69,Yes,Yes,No,Yes,No internet service,No internet service,Yes,No,Yes,Month-to-month,Yes,Credit card (automatic),44.81,3085.4,No
7572-I167,Female,0,No,Yes,41,Yes,No phone service,DSL,No,No,No internet service,No internet service,No internet service,Yes,One year,No,Electronic check,22.77,932.37,No
4456-S997,Male,0,Yes,No,45,Yes,No phone service,No,Yes,Yes,No internet service,No,No,No internet service,Month-to-month,No,Electronic check,61.52,2777.92,No
6155-G771,Male,0,Yes,No,30,Yes,Yes,Fiber optic,No internet service,No internet service,Yes,No internet service,Yes,No,Month-to-month,No,Electronic check,28.33,832.23,No
9179-M758,Male,0,No,No,45,No,No phone service,Fiber optic,Yes,Yes,No,No internet service,Yes,No internet service,Month-to-month,No,Electronic check,29.83,1344.74,No
8517-E371,Male,0,Yes,No,45,Yes,No phone service,No,No internet service,No internet service,Yes,No internet service,Yes,Yes,One year,No,Mailed check,64.81,2917.49,No
3287-H862,Male,0,No,Yes,45,Yes,No phone service,Fiber optic,No,No,No internet service,Yes,No,No,Two year,No,Credit card (automatic),79.82,3596.21,No
9830-I864,Female,1,Yes,No,55,Yes,No,No,No,No internet service,No internet service,No internet service,No,No,Two year,No,Mailed check,109.24,6030.57,No
8019-S508,Female,0,No,Yes,59,Yes,No phone service,DSL,No,No internet service,No,No internet service,No internet service,No internet service,Two year,No,Electronic check,89.13,5274.23,No
6930-H241,Female,0,Yes,No,5,Yes,Yes,Fiber optic,Yes,Yes,Yes,Yes,No,No internet service,One year,No,Electronic check,102.93,517.56,No
9348-P193,Female,0,No,No,32,Yes,Yes,Fiber optic,No,No,Yes,No internet service,Yes,Yes,Two year,No,Credit card (automatic),59.63,1913.77,No
1771-D256,Female,0,No,No,6,Yes,Yes,Fiber optic,No,No internet service,No internet service,No internet service,Yes,No internet service,Month-to-month,Yes,Bank transfer (automatic),50.27,301.25,No
3621-Z796,Male,0,No,Yes,26,Yes,No phone service,No,No internet service,No,No,Yes,No internet service,No internet service,Month-to-month,No,Credit card (automatic),77.83,2031.17,No
7916-T165,Female,0,No,No,37,Yes,Yes,Fiber optic,Yes,Yes,No,No,Yes,No internet service,Month-to-month,No,Mailed check,88.15,3261.91,No
7304-M710,Female,0,Yes,Yes,13,Yes,No,DSL,Yes,No,No internet service,No internet service,Yes,No internet service,Month-to-month,Yes,Bank transfer (automatic),75.36,983.95,No
8668-Q357,Male,0,Yes,Yes,69,Yes,Yes,Fiber optic,No,No,Yes,No,Yes,No internet service,Two year,Yes,Electronic check,44.83,3086.63,No
1188-V838,Female,0,No,No,25,Yes,No phone service,DSL,Yes,Yes,Yes,No,No internet service,Yes,Month-to-month,No,Credit card (automatic),55.41,1387.56,No
2876-V649,Male,1,Yes,Yes,13,Yes,No,Fiber optic,No,No internet service,No,No,No internet service,No,One year,Yes,Bank transfer (automatic),63.3,836.52,No
5371-Y756,Female,1,No,Yes,20,Yes,Yes,Fiber optic,No internet service,No internet service,No,Yes,Yes,No internet service,Month-to-month,No,Credit card (automatic),19.67,399.08,No
6573-D400,Male,0,No,Yes,72,Yes,No,DSL,Yes,No,No internet service,Yes,Yes,No,Month-to-month,Yes,Electronic check,106.67,7681.41,No
8123-F564,Female,1,Yes,No,60,Yes,Yes,Fiber optic,Yes,No internet service,No,No internet service,No,No,Month-to-month,Yes,Mailed check,69.65,4149.99,No
1053-X996,Female,0,Yes,Yes,21,Yes,No phone service,DSL,No internet service,Yes,Yes,No,No,No internet service,Month-to-month,No,Bank transfer (automatic),93.73,1972.17,No
5315-Q880,Male,0,No,Yes,61,Yes,No,DSL,Yes,No,Yes,Yes,Yes,No internet service,Two year,Yes,Bank transfer (automatic),35.53,2166.46,No
3927-Q208,Male,0,Yes,No,26,Yes,Yes,DSL,No,No,No,Yes,No,No,One year,No,Bank transfer (automatic),74.19,1918.21,No
5889-U619,Male,0,No,No,54,Yes,Yes,Fiber optic,Yes,No internet service,No internet service,No,Yes,Yes,Month-to-month,No,Mailed check,111.33,6011.15,No
4258-E482,Male,0,Yes,Yes,42,No,No,Fiber optic,Yes,No internet service,Yes,Yes,Yes,No,Month-to-month,Yes,Mailed check,39.78,1670.14,No
3646-R897,Male,0,Yes,Yes,11,Yes,No,DSL,No internet service,No internet service,Yes,No,No,Yes,Month-to-month,No,Bank transfer (automatic),53.01,583.17,No
9689-A713,Male,0,Yes,Yes,37,Yes,No,Fiber optic,No internet service,No,No internet service,Yes,No internet service,No,Month-to-month,Yes,Bank transfer (automatic),57.28,2126.81,No
6310-P119,Male,0,Yes,Yes,11,Yes,No,No,No,No internet service,No,No,No internet service,No internet service,One year,No,Bank transfer (automatic),56.77,622.36,No
2832-L999,Male,0,Yes,No,27,Yes,Yes,DSL,Yes,No,Yes,Yes,No internet service,Yes,Month-to-month,No,Electronic check,78.61,2120.02,No
6038-H159,Female,0,No,No,34,Yes,Yes,DSL,Yes,No internet service,Yes,Yes,Yes,No,One year,Yes,Credit card (automatic),57.82,1962.35,No
4946-S180,Female,0,Yes,Yes,38,Yes,Yes,No,No internet service,No,No internet service,Yes,Yes,Yes,One year,No,Electronic check,85.99,3270.06,No
2403-X597,Male,0,Yes,No,61,Yes,No phone service,No,No,No,No,Yes,No internet service,No internet service,Month-to-month,Yes,Electronic check,66.95,4089.37,No
2133-Y645,Female,1,No,Yes,53,Yes,No,DSL,Yes,No,No internet service,No,No internet service,Yes,One year,Yes,Mailed check,34.09,1819.66,No
3060-E775,Female,1,No,No,65,Yes,Yes,No,No,No internet service,No internet service,No internet service,No internet service,No internet service,One year,No,Bank transfer (automatic),113.58,7387.99,No
8787-R269,Female,0,No,No,3,Yes,No,DSL,Yes,No internet service,No,No internet service,Yes,No internet service,Month-to-month,Yes,Electronic check,42.32,137.73,No
5342-Q993,Female,1,Yes,Yes,67,Yes,No,Fiber optic,No internet service,Yes,Yes,Yes,Yes,Yes,One year,No,Bank transfer (automatic),74.78,,No
7932-G652,Male,0,Yes,Yes,28,Yes,Yes,No,No internet service,No,No internet service,No internet service,No,No internet service,One year,No,Mailed check,24.35,683.33,No
4295-W419,Female,0,No,Yes,14,Yes,No,DSL,No internet service,No internet service,Yes,Yes,No,No internet service,Month-to-month,Yes,Electronic check,110.57,1540.72,No
7537-V765,Male,0,No,Yes,52,Yes,No,DSL,No internet service,Yes,Yes,No internet service,No,No internet service,Month-to-month,Yes,Bank transfer (automatic),111.51,5802.56,No
7118-O629,Female,0,No,No,30,Yes,No,DSL,No internet service,Yes,Yes,Yes,No internet service,Yes,Month-to-month,No,Mailed check,54.89,1662.28,No
8397-D353,Female,1,No,No,58,Yes,No,No,No internet service,No internet service,Yes,No internet service,Yes,No internet service,Two year,No,Mailed check,30.41,1774.65,No
4681-C446,Female,0,Yes,Yes,54,Yes,No,Fiber optic,No,No,No internet service,No internet service,No,No,Month-to-month,No,Electronic check,95.63,5176.8,No
1344-S667,Male,0,Yes,No,69,Yes,Yes,Fiber optic,No internet service,Yes,No,Yes,No,No internet service,Month-to-month,No,Mailed check,44.61,3059.65,No
4770-S325,Female,0,Yes,No,15,Yes,Yes,No,No,Yes,Yes,No internet service,No,No,Month-to-month,Yes,Credit card (automatic),88.66,,No
1117-C824,Male,0,Yes,Yes,38,Yes,No,DSL,No internet service,No,Yes,Yes,No,Yes,Month-to-month,Yes,Mailed check,110.22,4183.51,No
1964-H169,Female,1,Yes,Yes,14,Yes,No,DSL,Yes,No internet service,Yes,No internet service,No internet service,No,Month-to-month,No,Electronic check,77.57,1090.73,No
1514-K172,Male,0,No,No,57,Yes,No,DSL,Yes,No,No,No,Yes,No internet service,Month-to-month,Yes,Bank transfer (automatic),104.8,5969.85,No
9423-H385,Female,0,Yes,Yes,59,Yes,No phone service,No,Yes,No,Yes,No,Yes,No internet service,Month-to-month,Yes,Credit card (automatic),40.83,2406.97,No
8953-G652,Male,0,No,Yes,8,Yes,No,No,No,No internet service,No,No,Yes,No internet service,Two year,No,Mailed check,109.75,863.2,No
3167-X684,Male,0,No,No,72,Yes,No phone service,DSL,No internet service,Yes,No internet service,Yes,No,No internet service,Two year,Yes,Bank transfer (automatic),41.03,2948.09,No
8744-H903,Female,0,No,No,19,Yes,No phone service,DSL,No,No,No,Yes,No internet service,No internet service,Month-to-month,No,Bank transfer (automatic),40.94,768.97,No
8749-Z516,Male,0,Yes,Yes,32,No,No phone service,DSL,No internet service,Yes,Yes,Yes,No internet service,No internet service,Two year,Yes,Bank transfer (automatic),106.68,3405.19,No
4119-D199,Female,0,No,No,29,Yes,Yes,No,Yes,Yes,No internet service,No,No internet service,Yes,Month-to-month,No,Electronic check,74.02,2139.22,No
8062-L533,Female,0,Yes,Yes,41,Yes,No phone service,No,No,Yes,No,No internet service,Yes,No internet service,One year,Yes,Mailed check,98.59,4031.23,No
7735-O984,Female,1,No,Yes,45,Yes,No,Fiber optic,No internet service,No internet service,Yes,Yes,Yes,No,Month-to-month,No,Credit card (automatic),98.9,4426.54,No
1887-V769,Female,1,Yes,No,13,Yes,No,DSL,No,Yes,No internet service,No,No internet service,No,Month-to-month,No,Electronic check,83.27,1096.63,No
2612-B512,Female,0,No,No,27,Yes,Yes,DSL,No,No,No internet service,Yes,No,No,Month-to-month,No,Bank transfer (automatic),37.25,1004.58,No
6559-Z982,Female,0,Yes,Yes,19,Yes,Yes,Fiber optic,Yes,No,No,Yes,Yes,Yes,Month-to-month,No,Mailed check,87.81,1661.52,No
2790-H296,Female,0,No,Yes,26,Yes,No,DSL,Yes,No,Yes,No internet service,Yes,No,One year,No,Bank transfer (automatic),24.65,639.47,No
4116-R559,Female,0,No,Yes,53,Yes,Yes,Fiber optic,Yes,No internet service,No,Yes,No,No,Month-to-month,Yes,Credit card (automatic),38.42,2039.59,No
3296-N287,Female,0,No,No,51,Yes,Yes,No,Yes,No,No internet service,Yes,No,No,Month-to-month,Yes,Bank transfer (automatic),82.86,4226.99,No
5563-O355,Female,0,No,Yes,37,Yes,No phone service,Fiber optic,Yes,No internet service,No internet service,No internet service,Yes,Yes,Two year,Yes,Electronic check,109.48,4043.41,No
2235-O927,Female,0,Yes,No,9,Yes,No phone service,Fiber optic,No internet service,Yes,Yes,Yes,No,No,One year,Yes,Electronic check,95.81,872.22,No
2604-B767,Male,0,Yes,Yes,52,Yes,Yes,No,No internet service,Yes,No internet service,Yes,No,No,Month-to-month,No,Credit card (automatic),51.66,2680.37,No
9856-A195,Male,0,Yes,No,54,Yes,No,DSL,Yes,No internet service,Yes,No internet service,No,Yes,Month-to-month,No,Credit card (automatic),101.03,5453.29,No
4872-F516,Female,0,No,Yes,3,Yes,No phone service,Fiber optic,Yes,No internet service,No,Yes,No,No internet service,Two year,Yes,Mailed check,115.39,363.41,No
8956-P318,Female,0,No,No,69,Yes,No,Fiber optic,Yes,No internet service,No internet service,Yes,No,No,Month-to-month,No,Mailed check,51.61,3581.69,No
7570-B268,Female,0,No,Yes,8,No,Yes,DSL,No,Yes,No internet service,No,No internet service,No internet service,One year,Yes,Bank transfer (automatic),37.03,307.72,No
7209-A499,Female,0,No,Yes,14,Yes,No,Fiber optic,Yes,No internet service,Yes,No internet service,Yes,No,One year,Yes,Bank transfer (automatic),38.1,526.71,No
5345-Z903,Female,0,No,Yes,3,Yes,No,No,No internet service,Yes,Yes,No,No internet service,Yes,Month-to-month,No,Credit card (automatic),58.48,171.19,No
8454-J533,Female,0,No,Yes,24,Yes,No,Fiber optic,No internet service,Yes,No,No internet service,No internet service,No internet service,Two year,Yes,Credit card (automatic),23.51,556.45,No
8973-E294,Female,0,Yes,No,13,Yes,No,DSL,No,No,Yes,Yes,No internet service,Yes,Month-to-month,Yes,Credit card (automatic),67.27,872.13,No
5861-G159,Female,0,Yes,No,43,Yes,Yes,DSL,No internet service,Yes,No internet service,No,Yes,No internet service,Two year,Yes,Bank transfer (automatic),91.85,3954.89,No
9883-B865,Male,0,Yes,No,29,Yes,Yes,Fiber optic,Yes,No internet service,No,No,Yes,Yes,One year,No,Electronic check,71.56,2056.44,No
6138-B151,Female,1,Yes,No,72,Yes,No phone service,DSL,No,No internet service,No,No,Yes,No internet service,One year,Yes,Credit card (automatic),115.74,8322.94,No
8811-Q973,Male,0,Yes,No,51,Yes,No phone service,DSL,No,No internet service,No,No,No internet service,No internet service,Two year,Yes,Credit card (automatic),64.65,3298.24,No
9701-F158,Female,0,Yes,Yes,42,Yes,No phone service,Fiber optic,No internet service,Yes,Yes,No internet service,Yes,No internet service,One year,No,Mailed check,19.58,821.4,No
9320-C971,Female,0,Yes,No,31,Yes,No phone service,Fiber optic,Yes,Yes,Yes,Yes,No internet service,No,One year,No,Electronic check,65.5,2026.02,No
4044-C709,Male,0,Yes,No,63,Yes,No,DSL,Yes,No,No internet service,Yes,No,No internet service,Month-to-month,No,Electronic check,111.7,7023.13,No
2113-V982,Female,0,No,No,26,Yes,No phone service,Fiber optic,Yes,No,No,No,Yes,No internet service,Two year,No,Bank transfer (automatic),27.88,718.92,No
4853-M222,Male,0,No,No,18,Yes,No phone service,No,No,No internet service,No,Yes,No,No,One year,No,Credit card (automatic),40.66,727.04,No
5033-S708,Female,0,No,Yes,57,Yes,No,Fiber optic,No internet service,Yes,No,Yes,No internet service,No,Two year,No,Bank transfer (automatic),90.16,5125.81,No
1651-T183,Female,1,No,Yes,7,Yes,Yes,DSL,No internet service,No internet service,No internet service,No internet service,Yes,Yes,Two year,No,Bank transfer (automatic),47.81,326.32,No
7868-V697,Male,0,No,Yes,48,Yes,No phone service,No,No internet service,No internet service,Yes,Yes,Yes,Yes,Month-to-month,Yes,Electronic check,95.16,4565.74,No
9565-K367,Female,0,No,Yes,60,Yes,Yes,DSL,Yes,No internet service,No,Yes,No,No,Month-to-month,No,Bank transfer (automatic),60.39,3628.12,No
4346-V833,Male,1,No,No,33,Yes,No phone service,DSL,No,No,Yes,Yes,No internet service,No,Two year,Yes,Credit card (automatic),98.25,3251.4,No
6147-H371,Female,0,Yes,No,3,Yes,Yes,No,No,No internet service,Yes,Yes,No internet service,No,One year,Yes,Electronic check,73.68,210.57,No
7484-E787,Male,1,Yes,Yes,4,Yes,No phone service,Fiber optic,No internet service,No,Yes,No,Yes,No,Month-to-month,No,Electronic check,26.54,102.66,No
5915-O423,Male,0,No,Yes,4,Yes,Yes,DSL,No internet service,Yes,Yes,No internet service,Yes,No,Month-to-month,Yes,Credit card (automatic),57.06,225.78,No
2188-A569,Female,1,Yes,No,42,Yes,Yes,Fiber optic,No,No internet service,Yes,No internet service,Yes,Yes,Month-to-month,Yes,Electronic check,51.74,2171.1,No
2638-C650,Female,0,Yes,No,9,Yes,No phone service,Fiber optic,No internet service,No,No internet service,No internet service,Yes,No,One year,No,Mailed check,99.66,894.27,No
4492-Q371,Male,0,Yes,Yes,51,Yes,Yes,No,No,Yes,Yes,Yes,Yes,No,One year,Yes,Credit card (automatic),81.05,4121.84,No
3170-L170,Female,0,Yes,Yes,17,Yes,No phone service,DSL,No,No,No,No,No internet service,Yes,Month-to-month,Yes,Electronic check,96.38,1643.21,No
5002-L391,Female,0,Yes,Yes,17,Yes,No phone service,No,No internet service,No internet service,No,No internet service,Yes,No internet service,Month-to-month,Yes,Bank transfer (automatic),55.65,,No
3584-O953,Female,0,No,Yes,20,Yes,No,No,No,Yes,No,No,No,Yes,One year,No,Bank transfer (automatic),87.77,1755.73,No
9900-W409,Male,0,Yes,No,14,Yes,No phone service,DSL,No,Yes,No internet service,No internet service,Yes,Yes,Two year,No,Credit card (automatic),24.81,348.13,No
9666-A783,Male,0,No,No,22,Yes,No phone service,DSL,No internet service,Yes,Yes,No,Yes,No,Month-to-month,No,Credit card (automatic),21.94,476.62,No
5905-V206,Male,0,No,No,52,Yes,No phone service,No,No internet service,No,No,Yes,No internet service,No internet service,Two year,Yes,Credit card (automatic),47.14,2458.93,No
3200-I218,Male,0,No,Yes,27,Yes,No phone service,No,No internet service,No,No,Yes,No internet service,Yes,Month-to-month,Yes,Mailed check,96.01,2587.76,No
2753-X666,Male,0,Yes,No,43,Yes,No,No,No,No,No,No internet service,No internet service,No internet service,Two year,No,Bank transfer (automatic),71.93,3094.68,No
3546-I388,Male,1,No,No,3,Yes,No,DSL,No internet service,Yes,Yes,No internet service,No,Yes,One year,No,Bank transfer (automatic),59.34,178.97,No
4450-W451,Male,0,No,Yes,8,Yes,No,DSL,No internet service,No internet service,No,No internet service,No internet service,No,Two year,Yes,Credit card (automatic),108.36,869.45,No
4335-V749,Male,1,No,Yes,10,Yes,No,No,No,No internet service,Yes,Yes,Yes,Yes,One year,Yes,Bank transfer (automatic),68.23,693.05,No
5325-Q600,Male,0,No,Yes,29,Yes,Yes,DSL,No,Yes,No,Yes,No internet service,Yes,Month-to-month,Yes,Mailed check,79.9,2309.89,No
5114-B194,Female,0,Yes,Yes,40,Yes,No phone service,DSL,No internet service,No internet service,No,No internet service,No,Yes,Two year,Yes,Electronic check,117.33,4693.09,No
7939-I145,Male,0,No,Yes,65,Yes,No,DSL,No internet service,Yes,Yes,No internet service,Yes,No internet service,One year,Yes,Mailed check,70.75,4598.33,No
1058-K889,Female,0,No,Yes,21,No,No phone service,Fiber optic,No,No internet service,No,Yes,Yes,No internet service,Month-to-month,No,Credit card (automatic),96.99,2033.87,No
3143-U368,Female,0,No,No,24,Yes,No,Fiber optic,No,No internet service,No internet service,No internet service,No,No,Month-to-month,No,Mailed check,59.84,1441.04,No
3647-X552,Female,0,No,No,60,Yes,No phone service,No,Yes,No internet service,Yes,No internet service,No internet service,No internet service,Month-to-month,Yes,Bank transfer (automatic),21.9,1302.35,No
8007-R109,Male,0,Yes,No,26,Yes,Yes,Fiber optic,No,No,No,No internet service,No internet service,No internet service,One year,Yes,Bank transfer (automatic),102.11,2668.84,No
2832-C807,Male,1,No,No,9,Yes,No,No,No,No,No internet service,Yes,No internet service,No internet service,One year,Yes,Mailed check,113.16,1032.89,No
3442-R136,Male,0,No,No,20,Yes,Yes,No,Yes,Yes,No internet service,Yes,No internet service,No,Month-to-month,No,Credit card (automatic),61.91,1231.88,No
7049-S665,Male,0,No,No,56,No,Yes,DSL,No internet service,No,Yes,No,No,No,Month-to-month,No,Credit card (automatic),68.87,3855.74,No
3426-N230,Female,0,No,Yes,36,Yes,No phone service,No,Yes,Yes,No,No,No,No,Month-to-month,Yes,Electronic check,60.88,2173.76,No
1685-J473,Male,0,No,Yes,36,Yes,No,No,No,No,Yes,No,No internet service,No,Month-to-month,Yes,Mailed check,118.44,4257.3,No
1653-L315,Male,0,No,Yes,22,Yes,Yes,No,Yes,No internet service,No internet service,No,No,Yes,Month-to-month,Yes,Electronic check,109.04,2421.98,No
5088-V205,Male,0,Yes,No,1,Yes,No phone service,No,Yes,No,No internet service,No internet service,Yes,No,Two year,No,Bank transfer (automatic),22.38,28.38,No
6794-Y673,Male,0,No,No,69,Yes,No phone service,DSL,Yes,No,Yes,Yes,No internet service,No,Two year,No,Mailed check,96.54,6668.1,No
7658-T867,Male,0,Yes,Yes,37,No,No phone service,DSL,Yes,No,Yes,Yes,Yes,Yes,Month-to-month,No,Electronic check,78.63,2904.36,No
3532-H985,Female,0,Yes,Yes,72,Yes,Yes,No,Yes,Yes,No,No,Yes,Yes,One year,Yes,Mailed check,20.78,1495.14,No
3662-Z930,Male,1,No,Yes,13,Yes,No phone service,Fiber optic,Yes,Yes,No internet service,No internet service,Yes,No internet service,Month-to-month,Yes,Mailed check,62.94,817.62,No
3900-N125,Female,1,Yes,Yes,43,No,No phone service,Fiber optic,No internet service,No internet service,Yes,Yes,No internet service,No internet service,Month-to-month,No,Bank transfer (automatic),33.3,1417.89,No
3938-X440,Male,0,No,Yes,37,Yes,No phone service,No,Yes,No internet service,No internet service,Yes,No internet service,No,Two year,No,Electronic check,105.99,3922.82,No
7745-Z785,Female,0,Yes,No,25,Yes,Yes,DSL,Yes,No internet service,Yes,No internet service,No internet service,No internet service,Month-to-month,No,Electronic check,19.53,495.75,No
5065-I263,Male,0,No,No,21,Yes,No phone service,No,Yes,No,No,No internet service,No,Yes,Month-to-month,No,Electronic check,106.0,2243.66,No
2771-M993,Male,1,Yes,No,41,Yes,Yes,No,Yes,No internet service,No internet service,No,No internet service,No internet service,One year,Yes,Electronic check,112.8,4627.2,No
1634-P327,Female,0,Yes,Yes,42,Yes,No phone service,DSL,No,Yes,No,No,Yes,No internet service,Month-to-month,Yes,Electronic check,25.58,1073.01,No
4269-O458,Female,0,No,No,42,Yes,Yes,Fiber optic,Yes,No internet service,No,No internet service,No internet service,No,Month-to-month,Yes,Bank transfer (automatic),90.59,3803.45,No
6000-Z992,Female,0,Yes,Yes,2,Yes,Yes,No,Yes,No internet service,No internet service,Yes,No,Yes,Month-to-month,Yes,Mailed check,73.41,150.51,No
4728-H124,Male,0,Yes,No,68,Yes,No,DSL,Yes,No internet service,Yes,No internet service,No internet service,Yes,Month-to-month,No,Bank transfer (automatic),114.15,7769.89,No
4164-M436,Female,0,Yes,Yes,8,Yes,No,DSL,No internet service,No internet service,No,No internet service,No,No internet service,Month-to-month,Yes,Mailed check,98.46,798.35,No
5564-C891,Male,0,Yes,Yes,61,Yes,No,No,Yes,No internet service,No,Yes,Yes,No internet service,Two year,No,Electronic check,88.04,5349.2,No
5573-L756,Male,0,Yes,No,14,Yes,Yes,DSL,No,Yes,No internet service,Yes,Yes,No internet service,One year,No,Bank transfer (automatic),111.26,1568.29,No
9346-M795,Female,0,No,No,21,Yes,No phone service,No,No internet service,No,No internet service,No,Yes,No,Two year,Yes,Credit card (automatic),34.37,709.77,No
9785-K128,Female,0,Yes,No,24,Yes,No phone service,Fiber optic,No,No internet service,No internet service,No internet service,Yes,No internet service,Two year,No,Mailed check,56.03,1334.89,No
2889-I282,Male,0,Yes,No,50,Yes,Yes,No,No internet service,No,No,No,Yes,No internet service,One year,No,Mailed check,102.97,5146.4,No
5349-B211,Male,0,No,No,45,No,No phone service,Fiber optic,No internet service,No internet service,Yes,No internet service,Yes,No,Month-to-month,Yes,Mailed check,28.46,1285.71,No
8119-L846,Female,0,No,Yes,64,Yes,Yes,DSL,Yes,No,Yes,No internet service,No,Yes,One year,Yes,Electronic check,112.26,7171.5,No
6139-N720,Female,1,No,No,64,Yes,No phone service,No,Yes,Yes,No internet service,Yes,Yes,No,Month-to-month,Yes,Bank transfer (automatic),93.14,5955.01,No
9379-D494,Female,0,Yes,No,26,Yes,Yes,DSL,No internet service,No,No,No internet service,No internet service,No internet service,Month-to-month,Yes,Mailed check,62.4,1625.26,No
4114-I145,Male,0,Yes,Yes,32,Yes,No,No,Yes,No internet service,No,No internet service,No,No internet service,One year,No,Electronic check,52.29,1678.11,No
8144-A632,Male,0,Yes,No,57,Yes,No,DSL,Yes,No,No,Yes,No,Yes,One year,Yes,Bank transfer (automatic),33.08,1890.15,No
9821-V836,Male,0,Yes,Yes,53,Yes,No phone service,Fiber optic,No internet service,No,No internet service,Yes,No internet service,No,Month-to-month,Yes,Credit card (automatic),27.66,,No
4228-L541,Male,0,No,No,33,Yes,No phone service,No,No internet service,No internet service,No,Yes,No internet service,No internet service,Month-to-month,Yes,Mailed check,60.82,2018.5,No
2146-V438,Male,0,No,No,52,Yes,No phone service,DSL,No,No,No,No internet service,No internet service,Yes,Month-to-month,No,Electronic check,102.98,5356.03,No
6143-V968,Male,1,Yes,Yes,18,No,No phone service,No,No internet service,No internet service,Yes,Yes,No internet service,No internet service,One year,Yes,Mailed check,71.7,1289.91,No
3041-X407,Female,0,Yes,No,35,Yes,No,No,No,Yes,No internet service,No internet service,No internet service,Yes,Two year,No,Electronic check,63.59,2217.71,No
9308-J782,Male,0,Yes,No,12,Yes,No,Fiber optic,No,No internet service,No internet service,No,Yes,No internet service,One year,No,Credit card (automatic),50.31,597.94,No
7691-K512,Male,0,Yes,No,51,Yes,Yes,DSL,Yes,Yes,No internet service,Yes,No,No internet service,Two year,No,Bank transfer (automatic),34.02,1721.39,No
5844-R230,Male,0,No,No,10,Yes,No phone service,No,Yes,No,No,No,No internet service,Yes,Month-to-month,No,Mailed check,117.75,1191.39,No
4143-N780,Female,0,No,Yes,52,Yes,No,No,No internet service,No internet service,No,No,No internet service,Yes,Month-to-month,No,Credit card (automatic),20.84,1083.0,No
7211-V866,Male,0,Yes,Yes,34,Yes,Yes,No,No internet service,No,Yes,Yes,No,No internet service,One year,Yes,Credit card (automatic),49.59,1693.5,No
3851-T682,Male,0,No,No,67,Yes,Yes,No,No,Yes,No internet service,Yes,No,Yes,Month-to-month,Yes,Credit card (automatic),95.57,6429.96,No
5930-M661,Female,0,Yes,No,39,Yes,Yes,No,No,Yes,No,No internet service,Yes,No internet service,Month-to-month,No,Electronic check,70.57,2774.49,No
1006-J393,Male,0,Yes,Yes,8,Yes,No,DSL,Yes,No,Yes,Yes,No,No internet service,One year,No,Electronic check,49.79,409.41,No
4443-N904,Male,0,No,Yes,29,Yes,Yes,No,No internet service,No internet service,No,No,No internet service,No,Two year,No,Electronic check,118.02,3418.81,No
6279-O552,Male,0,Yes,No,22,Yes,No phone service,No,No internet service,No internet service,No,No,No,No internet service,Month-to-month,Yes,Bank transfer (automatic),80.48,1778.57,No
8244-V318,Male,0,No,Yes,70,Yes,Yes,No,No internet service,No internet service,No internet service,No,No internet service,No internet service,Two year,Yes,Credit card (automatic),47.91,3353.65,No
9375-P912,Male,1,Yes,Yes,61,Yes,Yes,DSL,No internet service,No internet service,No internet service,No internet service,No,Yes,Month-to-month,No,Electronic check,103.47,6302.27,No
3780-V186,Female,0,No,Yes,43,Yes,No,No,Yes,Yes,No,No internet service,No,No,Month-to-month,No,Mailed check,33.34,1424.5,No
5649-Q779,Female,0,Yes,Yes,49,Yes,Yes,No,Yes,No internet service,No,Yes,Yes,Yes,Month-to-month,No,Bank transfer (automatic),64.84,3185.68,No
6491-C938,Female,0,No,No,29,Yes,No,Fiber optic,No,No,No,Yes,No internet service,Yes,Two year,Yes,Mailed check,102.63,2983.63,No
4848-V417,Male,0,Yes,Yes,31,Yes,No,Fiber optic,Yes,Yes,No,Yes,Yes,No internet service,Month-to-month,No,Electronic check,117.11,3642.61,No
4680-Z303,Male,0,Yes,No,53,Yes,No phone service,No,No,No,No,No,Yes,No internet service,One year,No,Credit card (automatic),56.75,3005.39,No
3414-A147,Male,0,No,No,34,Yes,Yes,No,Yes,No,No internet service,No,No internet service,No internet service,Month-to-month,No,Electronic check,32.13,1088.01,No
5011-P725,Female,1,Yes,Yes,38,Yes,No phone service,Fiber optic,Yes,No,No internet service,No,No,Yes,Month-to-month,Yes,Mailed check,75.23,2847.85,No
2193-O524,Male,0,No,No,57,Yes,No phone service,DSL,No internet service,Yes,No,Yes,Yes,Yes,Month-to-month,No,Mailed check,113.12,6431.27,No
4185-W813,Male,0,No,No,4,Yes,Yes,DSL,No,No internet service,No,Yes,No,No internet service,Month-to-month,No,Bank transfer (automatic),85.14,332.09,No
7291-P509,Female,0,Yes,Yes,2,Yes,Yes,Fiber optic,No,No,No internet service,No,No,Yes,Month-to-month,No,Electronic check,78.77,151.02,No
4997-E771,Male,1,Yes,Yes,12,Yes,No,No,No,No,No,Yes,Yes,No,Month-to-month,No,Credit card (automatic),49.33,580.59,No
1090-Y981,Female,0,Yes,Yes,35,Yes,Yes,Fiber optic,Yes,No internet service,No internet service,No internet service,Yes,No,Two year,Yes,Bank transfer (automatic),79.19,2766.52,No
2746-Y535,Female,0,Yes,No,70,Yes,No,DSL,No internet service,No internet service,No internet service,Yes,Yes,No,Two year,No,Electronic check,107.16,7520.16,No
4585-F923,Female,0,No,No,72,Yes,No phone service,Fiber optic,Yes,No internet service,No internet service,No,No,Yes,Month-to-month,No,Credit card (automatic),55.99,4024.4,No
9486-O151,Male,0,Yes,No,21,Yes,No phone service,DSL,No internet service,No internet service,No internet service,Yes,No internet service,No,One year,No,Mailed check,42.58,875.69,No
5082-D567,Male,0,Yes,No,61,Yes,No,No,Yes,No,Yes,No internet service,No internet service,No internet service,Month-to-month,Yes,Credit card (automatic),66.59,4063.51,No
3184-Z575,Male,0,Yes,Yes,35,Yes,Yes,No,No,Yes,No,No,Yes,No internet service,One year,No,Bank transfer (automatic),56.06,1968.51,No
9702-R709,Male,0,No,No,48,Yes,Yes,No,Yes,No internet service,No,Yes,No,No internet service,One year,No,Electronic check,65.48,3134.18,No
6198-Y553,Male,0,Yes,Yes,15,No,No,DSL,No,No internet service,No,Yes,Yes,No,Month-to-month,No,Mailed check,27.87,425.63,No
9270-N950,Male,0,No,Yes,71,Yes,No phone service,Fiber optic,No internet service,No,No internet service,Yes,No,No,Two year,Yes,Bank transfer (automatic),52.04,3712.89,No
9976-O262,Male,0,Yes,Yes,15,Yes,No,No,No,No internet service,No internet service,Yes,No internet service,Yes,Two year,Yes,Bank transfer (automatic),101.32,1517.47,No
8777-O365,Female,0,No,Yes,6,Yes,Yes,DSL,No,No,No internet service,No internet service,No internet service,No internet service,Month-to-month,Yes,Bank transfer (automatic),58.48,358.31,No
5050-U383,Male,1,Yes,No,68,Yes,Yes,No,No,No,No,Yes,Yes,Yes,One year,Yes,Mailed check,115.52,7864.6,No
9540-P741,Female,1,Yes,Yes,22,Yes,No,Fiber optic,No,No,No internet service,Yes,Yes,No,Month-to-month,No,Bank transfer (automatic),89.49,1972.89,No
4919-I550,Male,0,No,No,32,Yes,Yes,No,No internet service,No,Yes,No,No internet service,Yes,Month-to-month,No,Electronic check,55.04,1770.36,No
2269-W392,Male,1,Yes,Yes,22,Yes,No phone service,DSL,Yes,No internet service,No,No internet service,No,No internet service,Two year,No,Mailed check,43.54,963.2,No
4841-I443,Male,0,Yes,Yes,27,Yes,No,DSL,Yes,Yes,Yes,No,No internet service,Yes,One year,Yes,Bank transfer (automatic),87.13,2343.04,No
6238-R182,Female,0,Yes,Yes,15,Yes,No phone service,No,Yes,No internet service,Yes,No internet service,No,Yes,Month-to-month,Yes,Mailed check,48.65,707.35,No
3267-E336,Female,0,No,No,44,Yes,No phone service,No,Yes,Yes,No,Yes,Yes,No,One year,Yes,Electronic check,111.4,4903.47,No
7275-W256,Female,0,Yes,Yes,9,Yes,No,DSL,No,No internet service,Yes,No internet service,No internet service,No,Two year,Yes,Bank transfer (automatic),29.94,267.15,No
4505-C524,Female,0,No,Yes,34,No,No,No,No internet service,No,Yes,No,Yes,No,Two year,Yes,Mailed check,21.14,702.49,No
7678-K655,Male,0,No,Yes,15,Yes,Yes,No,No internet service,No internet service,No internet service,Yes,No internet service,No,Month-to-month,No,Mailed check,40.46,604.75,No
8633-N163,Female,0,No,Yes,62,Yes,Yes,No,Yes,No,Yes,No,Yes,No internet service,Two year,Yes,Credit card (automatic),79.22,4910.29,No
4388-N498,Male,0,Yes,No,45,Yes,No,Fiber optic,Yes,No internet service,No internet service,No,No internet service,No internet service,Two year,No,Electronic check,102.16,4600.19,No
1320-Y689,Male,0,No,No,72,Yes,No,Fiber optic,No internet service,No,Yes,No internet service,No internet service,Yes,One year,Yes,Electronic check,35.35,2556.35,No
7232-P106,Female,0,No,Yes,58,Yes,Yes,Fiber optic,No internet service,Yes,No,Yes,Yes,No internet service,Month-to-month,Yes,Credit card (automatic),77.01,4458.51,No
6763-J871,Female,0,Yes,Yes,19,No,Yes,No,No,No,No,No,No internet service,Yes,Month-to-month,No,Mailed check,32.74,601.42,No
7389-N651,Female,0,No,No,16,Yes,Yes,DSL,No internet service,No internet service,No,No,No internet service,No,Month-to-month,No,Bank transfer (automatic),74.85,1193.58,No
9947-Z717,Female,1,No,No,8,Yes,No,No,No internet service,No,No,No internet service,No internet service,Yes,Month-to-month,No,Bank transfer (automatic),20.08,168.78,No
4613-P324,Female,1,Yes,No,33,No,No,No,No,Yes,No internet service,No,No internet service,Yes,Two year,No,Mailed check,74.31,2465.61,No
5471-N597,Female,0,Yes,Yes,18,Yes,Yes,Fiber optic,No,Yes,Yes,Yes,Yes,No internet service,Two year,Yes,Electronic check,70.69,1266.39,No
1475-M444,Female,1,No,No,35,Yes,No phone service,DSL,No,No internet service,Yes,Yes,Yes,Yes,Month-to-month,Yes,Credit card (automatic),22.56,795.45,No
7624-X269,Female,0,Yes,Yes,43,Yes,No phone service,Fiber optic,No internet service,No,No,No internet service,No internet service,No internet service,One year,Yes,Bank transfer (automatic),87.54,3753.22,No
8657-E737,Male,1,Yes,No,50,Yes,Yes,DSL,No internet service,No internet service,No internet service,No,No internet service,Yes,One year,Yes,Bank transfer (automatic),75.76,3788.07,No
9751-A503,Female,0,Yes,No,3,Yes,No,No,No internet service,No,No internet service,No internet service,Yes,No internet service,One year,Yes,Electronic check,80.87,214.12,No
1444-C758,Female,0,No,Yes,59,No,No,No,No,Yes,No,No internet service,No internet service,No,Month-to-month,Yes,Electronic check,71.49,4214.63,No
8022-E987,Male,0,No,No,28,Yes,No phone service,No,No internet service,No internet service,Yes,No,No,No internet service,Month-to-month,Yes,Electronic check,90.81,2545.88,No
8564-F151,Female,0,Yes,Yes,46,Yes,Yes,DSL,No internet service,Yes,No,Yes,Yes,No,Month-to-month,No,Credit card (automatic),71.01,3261.87,No
5262-M435,Male,0,No,No,64,Yes,No phone service,Fiber optic,No,No,Yes,No internet service,No internet service,No internet service,Month-to-month,Yes,Mailed check,110.94,7086.12,No
4467-O434,Male,0,Yes,Yes,70,Yes,No phone service,Fiber optic,Yes,Yes,No,Yes,No,No,Month-to-month,No,Credit card (automatic),113.07,7915.68,No
6529-Y488,Female,0,Yes,No,47,Yes,Yes,Fiber optic,Yes,No,Yes,Yes,No internet service,No,One year,No,Mailed check,91.28,4308.29,No
5558-Y951,Male,0,Yes,No,14,Yes,No phone service,DSL,No internet service,No internet service,No internet service,No,No internet service,No internet service,Month-to-month,No,Credit card (automatic),109.88,1530.01,No
7906-I954,Male,0,Yes,Yes,7,Yes,No,DSL,No,No,No,No,No internet service,No,Month-to-month,Yes,Mailed check,111.03,770.06,No
2341-P119,Male,1,Yes,Yes,31,Yes,No phone service,No,No,No,Yes,Yes,No,Yes,Two year,No,Electronic check,44.58,1379.58,No
9837-B458,Male,0,No,Yes,51,Yes,Yes,Fiber optic,No internet service,No internet service,Yes,Yes,No,Yes,One year,Yes,Mailed check,118.14,6041.78,No
4673-U170,Female,0,No,Yes,29,Yes,No,DSL,No internet service,No internet service,Yes,Yes,Yes,No,One year,No,Electronic check,45.13,1295.44,No
1659-Y131,Male,0,No,No,15,Yes,No,Fiber optic,Yes,Yes,Yes,No internet service,No internet service,No,Month-to-month,No,Credit card (automatic),20.11,293.96,No
5051-G959,Female,0,No,No,25,Yes,No phone service,Fiber optic,No,No,No internet service,Yes,No internet service,No,One year,No,Mailed check,114.95,2880.51,No
1333-T256,Male,0,Yes,No,61,No,No,DSL,No internet service,No,Yes,No internet service,No,No internet service,Month-to-month,No,Mailed check,40.73,2472.18,No
4908-E584,Male,1,Yes,No,41,Yes,Yes,DSL,No,Yes,No internet service,No,No internet service,Yes,One year,Yes,Bank transfer (automatic),76.95,3146.38,No
2874-S323,Male,0,No,No,69,Yes,No phone service,No,No internet service,No,Yes,No,No internet service,No,Month-to-month,No,Electronic check,115.8,8007.95,No
8619-W362,Male,0,No,No,4,Yes,No,No,Yes,No,No internet service,Yes,No internet service,No,Month-to-month,Yes,Bank transfer (automatic),23.22,110.34,No
7043-F720,Female,1,Yes,Yes,57,Yes,Yes,No,No internet service,No internet service,No internet service,No,No,No internet service,Two year,No,Credit card (automatic),45.32,2589.14,No
2876-Y938,Female,0,Yes,No,31,Yes,No phone service,Fiber optic,Yes,No internet service,Yes,Yes,No internet service,Yes,Month-to-month,No,Credit card (automatic),79.44,2465.92,No
3683-J210,Male,0,Yes,No,3,Yes,Yes,Fiber optic,Yes,No internet service,No internet service,No internet service,No internet service,No,Month-to-month,Yes,Electronic check,94.89,278.8,No
1420-J689,Male,0,No,Yes,67,Yes,No,No,No internet service,Yes,No,Yes,Yes,Yes,Month-to-month,No,Credit card (automatic),99.39,6659.17,No
7149-M832,Female,0,Yes,No,50,Yes,No phone service,Fiber optic,No internet service,No internet service,Yes,No,No internet service,No internet service,Month-to-month,No,Credit card (automatic),107.08,5346.37,No
4249-C706,Male,0,Yes,No,17,No,No phone service,Fiber optic,Yes,Yes,No,Yes,No,Yes,Month-to-month,No,Mailed check,35.18,613.24,No
4978-D813,Male,0,No,No,60,Yes,No,Fiber optic,No,No internet service,No internet service,No,No,No,Two year,Yes,Mailed check,55.44,3327.87,No
5941-V714,Male,0,No,Yes,66,Yes,Yes,Fiber optic,No,No,No internet service,No internet service,No internet service,No,Month-to-month,Yes,Mailed check,90.03,5940.43,No
2983-Z679,Female,1,No,Yes,24,Yes,No,DSL,Yes,No,No,No,Yes,Yes,Month-to-month,Yes,Electronic check,90.14,2163.9,No
1672-L645,Female,0,Yes,No,32,Yes,No phone service,DSL,Yes,No internet service,Yes,No,No internet service,No internet service,One year,No,Electronic check,49.21,1568.36,No
8018-V479,Female,0,Yes,Yes,19,Yes,No phone service,No,No internet service,No internet service,No,No,No internet service,No internet service,One year,No,Mailed check,48.82,932.72,No
2129-Q763,Male,0,No,No,66,Yes,No,No,No internet service,Yes,No internet service,No,No internet service,No internet service,Two year,Yes,Credit card (automatic),50.47,3328.82,No
6590-A969,Male,0,Yes,No,60,Yes,Yes,Fiber optic,Yes,No,Yes,No,No,No internet service,Month-to-month,No,Bank transfer (automatic),107.9,6503.07,Yes
7882-P208,Female,0,Yes,No,66,Yes,No,Fiber optic,Yes,No internet service,No,No,No internet service,No,Month-to-month,Yes,Mailed check,109.66,7233.19,No
8102-L750,Female,0,Yes,Yes,15,Yes,Yes,DSL,No,No internet service,No,Yes,No,Yes,Month-to-month,Yes,Mailed check,19.74,304.45,No
8532-W256,Female,1,No,No,35,Yes,Yes,Fiber optic,No,No,Yes,No internet service,Yes,No,Two year,No,Credit card (automatic),50.91,1800.31,No
8135-F851,Female,0,No,No,69,Yes,No phone service,Fiber optic,No,No internet service,No,Yes,No internet service,Yes,Month-to-month,Yes,Credit card (automatic),57.65,3949.95,No
9548-U376,Male,0,Yes,No,27,Yes,Yes,No,Yes,No,Yes,No internet service,No,Yes,Two year,No,Mailed check,116.98,3154.16,No
9817-Y595,Female,0,Yes,No,7,No,No phone service,Fiber optic,Yes,No internet service,Yes,Yes,No,No internet service,Two year,No,Mailed check,113.14,807.27,No
8616-N945,Male,0,Yes,No,6,Yes,Yes,DSL,No,No,No,No internet service,No,No internet service,One year,Yes,Bank transfer (automatic),81.4,465.93,No
5397-K972,Female,0,Yes,Yes,33,Yes,Yes,Fiber optic,No,Yes,Yes,No internet service,No internet service,Yes,Month-to-month,Yes,Bank transfer (automatic),22.85,765.99,No
5022-C385,Male,0,No,No,58,Yes,No phone service,Fiber optic,No internet service,No internet service,Yes,Yes,Yes,Yes,Month-to-month,Yes,Credit card (automatic),37.47,2176.54,No
8385-H868,Female,0,No,Yes,49,Yes,Yes,Fiber optic,No internet service,No internet service,No internet service,Yes,No,Yes,Month-to-month,No,Bank transfer (automatic),61.89,3048.03,No
8613-S724,Female,0,Yes,No,17,Yes,No,Fiber optic,Yes,No internet service,No internet service,No internet service,No internet service,No,Two year,Yes,Credit card (automatic),114.63,1945.72,No
7209-K129,Female,1,Yes,Yes,42,Yes,Yes,Fiber optic,No internet service,Yes,No internet service,No,No,Yes,Month-to-month,No,Electronic check,27.77,1168.99,No
9098-K286,Female,1,No,No,72,Yes,No phone service,DSL,Yes,No internet service,No,No internet service,No,No,One year,Yes,Mailed check,97.78,7028.46,No
8988-G463,Male,0,Yes,No,40,Yes,No phone service,No,Yes,No internet service,No,No,No internet service,Yes,Month-to-month,Yes,Electronic check,37.46,1496.12,No
5232-K386,Female,1,No,Yes,46,Yes,No,Fiber optic,Yes,No,No,No internet service,No,No internet service,Month-to-month,Yes,Mailed check,69.29,3179.57,No
5526-R110,Male,0,Yes,Yes,71,Yes,Yes,No,No,No internet service,No,No,No,Yes,Month-to-month,Yes,Bank transfer (automatic),95.33,6762.58,No
9464-G187,Male,1,No,No,70,Yes,No,No,No internet service,No internet service,Yes,Yes,No internet service,Yes,One year,No,Mailed check,87.85,6150.99,No
4954-X516,Male,0,Yes,Yes,68,Yes,Yes,DSL,No internet service,No,Yes,Yes,Yes,No,Month-to-month,No,Credit card (automatic),96.21,6534.45,No
9004-R876,Male,1,Yes,Yes,1,Yes,No,No,No internet service,Yes,No internet service,No,Yes,Yes,One year,Yes,Credit card (automatic),100.02,77.7,No
4937-W587,Female,1,No,No,52,Yes,No phone service,Fiber optic,No internet service,Yes,Yes,No,Yes,No,One year,Yes,Bank transfer (automatic),48.98,2549.41,No
9041-O911,Male,0,No,No,35,Yes,No phone service,Fiber optic,No,No,No,No,Yes,No,Two year,Yes,Credit card (automatic),54.84,1921.57,No
1282-C401,Male,1,Yes,No,69,Yes,No,Fiber optic,No internet service,Yes,Yes,No,No internet service,No internet service,Two year,Yes,Mailed check,100.23,6923.3,No
4630-M808,Male,0,Yes,No,5,Yes,Yes,Fiber optic,No internet service,Yes,No internet service,Yes,No internet service,No internet service,One year,Yes,Mailed check,22.13,110.59,No
4986-J779,Female,0,No,No,17,Yes,Yes,DSL,No,No internet service,No,No internet service,Yes,No internet service,One year,Yes,Bank transfer (automatic),69.95,1178.32,No
7046-P666,Female,0,No,Yes,53,Yes,No phone service,No,No internet service,No internet service,Yes,Yes,No internet service,No internet service,Month-to-month,Yes,Mailed check,110.75,5885.0,No
9698-L535,Female,0,Yes,No,52,No,Yes,DSL,No internet service,No internet service,No internet service,No internet service,Yes,No,One year,Yes,Bank transfer (automatic),107.19,5570.49,No
6419-L819,Female,0,Yes,Yes,14,Yes,No,No,No,Yes,Yes,Yes,No,Yes,Month-to-month,Yes,Bank transfer (automatic),99.08,1377.42,No
8434-I413,Male,0,No,No,29,Yes,No,DSL,No,No internet service,No internet service,No,No,No,Month-to-month,Yes,Credit card (automatic),20.42,606.72,No
5118-H223,Male,1,No,No,8,Yes,Yes,DSL,No,Yes,No internet service,Yes,No,No internet service,One year,No,Credit card (automatic),107.46,876.7,No
4155-K222,Female,0,No,Yes,1,Yes,No phone service,DSL,No,No internet service,No internet service,Yes,Yes,Yes,Month-to-month,Yes,Mailed check,109.87,82.22,No
9779-Y806,Male,0,No,No,29,Yes,No phone service,Fiber optic,Yes,Yes,No,No,No,No,Month-to-month,Yes,Credit card (automatic),84.95,2454.27,No
4033-G321,Male,1,No,Yes,36,Yes,No phone service,Fiber optic,No,No,Yes,No,Yes,Yes,Month-to-month,Yes,Bank transfer (automatic),48.29,1736.61,No
8933-I841,Male,1,Yes,Yes,51,Yes,No phone service,DSL,No internet service,No,Yes,Yes,No internet service,No,Two year,Yes,Electronic check,67.49,3444.77,No
9595-T389,Female,1,Yes,Yes,37,Yes,No phone service,No,No internet service,No internet service,No,Yes,No,Yes,Month-to-month,No,Credit card (automatic),94.89,3517.47,No
2647-G403,Female,0,No,No,69,Yes,No,No,No internet service,Yes,No,No internet service,No,Yes,Month-to-month,No,Credit card (automatic),99.96,6922.42,No
4727-L283,Male,1,Yes,No,53,Yes,Yes,Fiber optic,No internet service,No,Yes,No internet service,No,No internet service,Two year,No,Electronic check,52.76,2785.32,No
5952-A825,Female,0,Yes,No,52,Yes,No,DSL,Yes,No,No,Yes,No internet service,No internet service,Month-to-month,No,Mailed check,51.02,2654.61,No
9751-E380,Female,0,No,No,12,Yes,No phone service,Fiber optic,Yes,No internet service,No,No internet service,Yes,Yes,Two year,No,Bank transfer (automatic),92.24,1092.13,No
1745-B666,Female,0,Yes,No,52,Yes,No phone service,Fiber optic,Yes,No internet service,Yes,No,No,Yes,Two year,No,Electronic check,87.23,4538.23,No
5786-W229,Female,0,Yes,No,1,Yes,Yes,Fiber optic,No internet service,Yes,No internet service,Yes,No,No internet service,Month-to-month,No,Electronic check,69.83,86.41,No
9042-D993,Female,0,Yes,Yes,7,Yes,Yes,DSL,No internet service,No,No,Yes,Yes,No,One year,Yes,Bank transfer (automatic),60.49,395.47,No
1200-S391,Male,0,No,No,17,Yes,Yes,DSL,No,Yes,Yes,No internet service,No,Yes,Two year,Yes,Electronic check,84.29,1418.56,No
8690-P551,Female,0,No,No,43,Yes,No,Fiber optic,No,Yes,Yes,Yes,No,No,One year,No,Electronic check,21.51,932.76,No
6582-F152,Male,0,Yes,No,71,Yes,Yes,DSL,No internet service,No internet service,Yes,Yes,No,No internet service,Month-to-month,Yes,Credit card (automatic),25.86,1844.15,No
5136-P216,Male,0,Yes,No,17,Yes,No,No,No,Yes,No,No,Yes,Yes,Two year,Yes,Mailed check,75.85,1281.16,No
2070-M603,Female,0,Yes,Yes,59,Yes,No phone service,No,No,Yes,No internet service,Yes,No,No,Month-to-month,No,Mailed check,39.38,2331.59,No
2213-S744,Male,0,Yes,Yes,3,Yes,No,Fiber optic,No internet service,No,No internet service,No internet service,No internet service,No internet service,Month-to-month,No,Credit card (automatic),96.12,301.41,No
1878-E252,Male,0,Yes,Yes,29,No,Yes,No,Yes,Yes,Yes,No,Yes,Yes,Two year,Yes,Credit card (automatic),95.87,2785.74,No
5978-C354,Male,0,Yes,Yes,22,Yes,No,Fiber optic,No internet service,No,No,No internet service,No,No,Month-to-month,No,Bank transfer (automatic),89.6,1985.8,No
2940-R882,Female,0,No,Yes,38,No,No,Fiber optic,No internet service,No,No,Yes,No internet service,Yes,One year,No,Bank transfer (automatic),109.06,4147.52,No
7818-T710,Female,1,Yes,No,54,Yes,No,Fiber optic,No,Yes,No internet service,No internet service,No internet service,No,Month-to-month,Yes,Electronic check,32.4,1746.98,No
4697-Y635,Male,0,Yes,Yes,50,Yes,Yes,DSL,No,Yes,No internet service,No internet service,No internet service,No,One year,No,Mailed check,44.3,2217.85,No
7232-O553,Female,0,No,Yes,69,Yes,No,DSL,No internet service,No,No,No,No internet service,Yes,Month-to-month,No,Bank transfer (automatic),43.61,3017.52,No
5871-S539,Female,0,Yes,No,30,Yes,Yes,DSL,Yes,Yes,No internet service,Yes,No internet service,No internet service,Month-to-month,No,Electronic check,96.88,2890.28,No
6003-S735,Female,0,Yes,No,23,Yes,No,DSL,No internet service,No,Yes,No,No,Yes,Month-to-month,Yes,Mailed check,70.65,1627.65,No
1986-T857,Female,1,Yes,Yes,47,Yes,No,Fiber optic,Yes,Yes,No internet service,Yes,No internet service,No internet service,Month-to-month,Yes,Bank transfer (automatic),43.64,2049.79,No
2625-Y312,Male,0,Yes,No,21,Yes,No,DSL,Yes,No,No,No,Yes,No,Month-to-month,No,Mailed check,31.96,665.85,No
4457-I776,Male,0,No,No,20,Yes,Yes,No,No internet service,No,Yes,Yes,No,No,Month-to-month,No,Electronic check,108.0,2148.65,No
2330-F345,Female,0,Yes,Yes,23,Yes,Yes,No,No internet service,No internet service,No,No,No,No,Two year,Yes,Credit card (automatic),87.81,2000.82,No
3847-R176,Female,0,No,No,68,Yes,Yes,DSL,No internet service,Yes,No internet service,Yes,No internet service,No internet service,Month-to-month,No,Electronic check,71.37,4847.99,No
3564-A518,Male,0,Yes,Yes,21,Yes,No phone service,No,Yes,No,No internet service,No,No internet service,No,Month-to-month,Yes,Credit card (automatic),115.28,2414.92,No
8381-W708,Male,0,Yes,Yes,21,Yes,Yes,No,No,No,Yes,No internet service,No,Yes,Month-to-month,Yes,Credit card (automatic),103.63,2185.65,No
8699-J133,Female,0,No,No,1,Yes,No,DSL,Yes,Yes,Yes,No,Yes,No,Two year,Yes,Electronic check,36.15,47.45,No
4792-J823,Male,0,Yes,Yes,15,Yes,No phone service,Fiber optic,Yes,Yes,Yes,No internet service,No,No internet service,One year,Yes,Credit card (automatic),69.32,1031.27,No
5632-W980,Female,0,No,Yes,17,Yes,Yes,Fiber optic,Yes,Yes,Yes,No,No,No internet service,One year,Yes,Mailed check,67.1,1132.08,No
8438-C803,Female,1,No,No,51,Yes,Yes,Fiber optic,No,No internet service,No internet service,No internet service,No internet service,Yes,Month-to-month,Yes,Bank transfer (automatic),103.1,5252.48,No
4824-I906,Male,1,No,No,63,Yes,No phone service,DSL,Yes,Yes,No,Yes,Yes,Yes,Month-to-month,Yes,Bank transfer (automatic),33.23,,No
4241-N217,Male,0,Yes,No,14,Yes,No phone service,Fiber optic,Yes,No internet service,No internet service,No internet service,No internet service,No internet service,Month-to-month,Yes,Electronic check,63.65,884.39,No
9922-H763,Female,0,Yes,No,59,Yes,Yes,Fiber optic,Yes,Yes,No internet service,Yes,No internet service,No internet service,One year,Yes,Electronic check,82.22,4870.62,No
3441-I946,Female,0,Yes,Yes,50,Yes,No phone service,No,No,No internet service,Yes,No internet service,No internet service,Yes,Month-to-month,No,Electronic check,113.25,5663.76,No
3330-C161,Male,0,Yes,No,34,Yes,No,Fiber optic,Yes,Yes,Yes,Yes,No internet service,Yes,One year,No,Electronic check,108.63,3697.85,No
3718-Z414,Female,0,No,No,6,Yes,No,DSL,No,No internet service,No,No internet service,Yes,Yes,Month-to-month,Yes,Mailed check,71.9,426.7,No
5728-O227,Male,1,Yes,Yes,49,Yes,No,Fiber optic,No,No,No,No,No internet service,Yes,Month-to-month,No,Electronic check,79.23,3898.46,No
8679-W411,Female,1,Yes,Yes,6,Yes,Yes,No,No internet service,No internet service,No internet service,Yes,No internet service,No internet service,Month-to-month,No,Electronic check,103.92,627.87,No
7594-I612,Male,0,No,Yes,69,Yes,No,No,No internet service,No internet service,No,Yes,Yes,No,Month-to-month,Yes,Bank transfer (automatic),93.06,6416.34,No
9847-P548,Male,0,No,Yes,7,Yes,No phone service,No,No internet service,No,Yes,No internet service,No,No internet service,Month-to-month,Yes,Mailed check,106.62,733.15,No
2317-T140,Male,0,Yes,No,51,Yes,No,No,No,Yes,Yes,No,No internet service,Yes,Month-to-month,Yes,Electronic check,108.29,5529.66,No
8078-X430,Female,0,No,No,1,Yes,No phone service,Fiber optic,No internet service,No,Yes,Yes,No,No internet service,Month-to-month,No,Mailed check,101.92,95.52,No
5102-A193,Female,0,No,Yes,13,Yes,No,No,No internet service,No,No internet service,Yes,No internet service,Yes,One year,Yes,Electronic check,19.19,247.69,No
4750-V956,Male,0,No,Yes,43,Yes,No phone service,No,No internet service,No,No,No,No internet service,No internet service,Month-to-month,Yes,Mailed check,49.5,2119.14,No
1339-Y788,Female,0,No,Yes,27,Yes,No,No,No,No internet service,Yes,No,Yes,Yes,Month-to-month,No,Electronic check,58.8,1578.38,No
5415-S141,Male,0,No,Yes,71,Yes,No,Fiber optic,Yes,No,No internet service,No,Yes,Yes,Month-to-month,No,Electronic check,86.38,6126.88,No
3870-P631,Male,0,Yes,No,3,Yes,No,DSL,No internet service,Yes,No internet service,Yes,No,No internet service,Month-to-month,No,Mailed check,49.09,146.62,No
8245-I285,Female,1,Yes,Yes,58,Yes,No phone service,No,No internet service,No internet service,No internet service,No internet service,No internet service,Yes,Month-to-month,Yes,Electronic check,50.77,2932.78,No
8141-U933,Female,0,Yes,No,17,Yes,No phone service,No,No internet service,No internet service,No,No internet service,Yes,No,Month-to-month,No,Electronic check,58.47,991.46,No
9056-C581,Male,0,Yes,Yes,45,Yes,No,No,No internet service,No,No,Yes,No internet service,Yes,Month-to-month,Yes,Mailed check,114.26,5134.5,No
6700-N441,Female,0,Yes,No,58,Yes,No phone service,Fiber optic,No,No internet service,No,Yes,No internet service,Yes,Month-to-month,No,Bank transfer (automatic),62.18,3605.23,No
6260-V207,Female,0,Yes,No,56,Yes,No phone service,Fiber optic,Yes,Yes,No internet service,Yes,No,Yes,One year,No,Credit card (automatic),32.39,1823.01,No
3634-K521,Male,0,Yes,No,54,Yes,Yes,No,Yes,No internet service,No internet service,Yes,No internet service,No,One year,No,Bank transfer (automatic),18.89,1022.16,No
9117-J778,Male,0,No,No,29,No,No,DSL,No internet service,No,No,No,Yes,No internet service,Month-to-month,No,Electronic check,42.03,1212.79,No
7561-Y663,Female,1,Yes,Yes,54,Yes,No phone service,No,Yes,No,Yes,Yes,No,No,Month-to-month,Yes,Mailed check,112.6,6079.92,No
1601-O190,Male,0,Yes,No,27,Yes,No phone service,DSL,No internet service,No,No,Yes,Yes,No,Month-to-month,No,Bank transfer (automatic),114.23,3090.18,No
6153-I431,Male,1,Yes,Yes,45,Yes,No phone service,DSL,No internet service,No internet service,No internet service,Yes,No,No,Month-to-month,Yes,Mailed check,71.41,3220.46,No
2899-Y513,Female,0,No,No,31,Yes,No phone service,Fiber optic,Yes,No,No internet service,No,No,No internet service,Month-to-month,Yes,Bank transfer (automatic),83.21,2581.59,No
9431-A773,Male,0,Yes,No,36,Yes,Yes,Fiber optic,Yes,No internet service,No internet service,No,No internet service,Yes,Month-to-month,Yes,Credit card (automatic),98.24,3554.62,No
9889-O523,Male,0,Yes,Yes,61,Yes,No phone service,Fiber optic,No,No,No internet service,No,No,No,One year,Yes,Electronic check,23.87,1447.23,No
1888-G630,Female,0,No,Yes,37,Yes,No phone service,DSL,No internet service,No,No internet service,Yes,No,Yes,Month-to-month,Yes,Mailed check,55.87,2072.46,No
6927-T874,Female,0,Yes,No,67,Yes,Yes,DSL,Yes,No,No internet service,No,No internet service,No,One year,Yes,Electronic check,82.8,5546.92,No
9167-U552,Male,0,Yes,No,36,No,No,DSL,No,Yes,No,Yes,No,No,One year,No,Electronic check,108.52,3916.91,No
1845-G373,Male,0,No,Yes,5,Yes,No,Fiber optic,Yes,Yes,No internet service,Yes,No,No,One year,Yes,Credit card (automatic),91.3,456.6,No
9998-E394,Female,1,Yes,No,46,Yes,Yes,Fiber optic,Yes,No,No internet service,No internet service,Yes,No,Two year,No,Credit card (automatic),53.43,2478.62,No
8178-W596,Female,1,No,Yes,52,Yes,No,Fiber optic,No internet service,No,No internet service,No,Yes,No,Month-to-month,No,Electronic check,109.7,5705.29,No
2989-A745,Female,1,Yes,Yes,49,Yes,No,No,No,No internet service,No internet service,No internet service,No internet service,No,Month-to-month,Yes,Mailed check,85.04,4174.29,No
4920-W262,Female,0,Yes,Yes,6,Yes,Yes,DSL,No internet service,No internet service,No internet service,No internet service,No,No internet service,One year,No,Credit card (automatic),101.69,608.14,No
6091-R114,Male,0,Yes,No,10,Yes,No phone service,DSL,Yes,Yes,Yes,No,No internet service,Yes,Month-to-month,Yes,Credit card (automatic),56.99,573.33,No
7684-C330,Female,0,No,No,23,Yes,Yes,No,No,No internet service,No,No,No internet service,Yes,Two year,No,Credit card (automatic),18.47,418.69,No
2858-O220,Female,0,No,Yes,17,Yes,Yes,DSL,No internet service,No internet service,No,No internet service,No internet service,No internet service,Month-to-month,Yes,Bank transfer (automatic),34.95,598.44,No
3522-P833,Male,0,No,Yes,44,Yes,Yes,DSL,No,No internet service,Yes,Yes,Yes,No,Month-to-month,Yes,Credit card (automatic),111.43,4883.29,No
5781-Q822,Female,0,Yes,Yes,41,Yes,Yes,No,Yes,No internet service,Yes,No internet service,No internet service,No internet service,One year,No,Electronic check,21.58,879.4,No
5479-N954,Male,0,Yes,Yes,15,No,Yes,DSL,No,Yes,No internet service,No,No,No internet service,Month-to-month,Yes,Mailed check,78.15,1165.35,No
8905-P349,Female,0,No,No,44,Yes,No phone service,Fiber optic,Yes,Yes,No,Yes,Yes,No internet service,Month-to-month,Yes,Bank transfer (automatic),59.37,2631.32,No
8483-R248,Female,1,No,Yes,58,Yes,No,No,No internet service,No internet service,No,No internet service,Yes,Yes,Two year,No,Credit card (automatic),61.42,3555.1,No
7284-G713,Female,0,Yes,No,50,Yes,Yes,DSL,Yes,No internet service,Yes,No internet service,Yes,No internet service,Month-to-month,Yes,Electronic check,58.53,2921.66,No
9327-X239,Male,0,Yes,Yes,52,Yes,No phone service,Fiber optic,Yes,Yes,No,No internet service,No,No,Month-to-month,No,Bank transfer (automatic),25.03,1293.94,No
2143-I891,Male,0,Yes,No,70,Yes,Yes,DSL,No,No,No,No,No internet service,No internet service,Month-to-month,Yes,Bank transfer (automatic),30.54,2141.91,No
7798-K906,Female,1,Yes,No,68,Yes,No phone service,No,No,No internet service,No internet service,No internet service,No internet service,Yes,Month-to-month,No,Mailed check,24.58,1668.12,No
9318-I940,Male,0,No,No,63,Yes,No,Fiber optic,No internet service,No,No internet service,No,Yes,Yes,Month-to-month,Yes,Credit card (automatic),23.67,1486.66,No
1042-J843,Male,0,Yes,No,58,Yes,No phone service,DSL,No,No internet service,No internet service,Yes,Yes,No,Month-to-month,No,Mailed check,26.85,1578.69,No
5891-S693,Male,1,Yes,No,23,Yes,No phone service,No,No internet service,Yes,No,Yes,No internet service,No internet service,Month-to-month,Yes,Mailed check,88.26,2031.51,No
9022-E557,Male,1,Yes,Yes,44,Yes,No,DSL,Yes,No internet service,No,No internet service,No,No,Two year,Yes,Bank transfer (automatic),29.73,1314.9,No
9824-P453,Male,0,Yes,Yes,44,Yes,No,DSL,Yes,No,No internet service,No,Yes,No internet service,One year,Yes,Credit card (automatic),44.53,1963.39,No
6446-R881,Male,0,Yes,No,52,Yes,No phone service,Fiber optic,No,Yes,No internet service,No internet service,Yes,No,One year,No,Bank transfer (automatic),84.27,4373.64,No
9903-M566,Female,0,Yes,Yes,67,Yes,Yes,DSL,Yes,No internet service,No,Yes,No,No,Month-to-month,Yes,Mailed check,29.53,1972.73,No
6272-G814,Female,0,Yes,Yes,28,Yes,Yes,No,Yes,No internet service,No,No,Yes,No,Month-to-month,Yes,Bank transfer (automatic),109.73,3061.23,No
4912-S492,Male,0,No,Yes,67,Yes,No,No,No internet service,Yes,Yes,Yes,No,Yes,One year,No,Bank transfer (automatic),66.24,4425.8,No
4826-Y520,Female,1,No,Yes,18,Yes,Yes,Fiber optic,No,No internet service,No internet service,Yes,No internet service,Yes,One year,No,Bank transfer (automatic),115.04,2071.06,No
1715-K862,Female,0,No,Yes,27,Yes,No,Fiber optic,No internet service,Yes,No internet service,No,No internet service,No internet service,Month-to-month,Yes,Mailed check,37.6,1016.21,No
8749-W930,Female,0,Yes,Yes,51,Yes,No phone service,DSL,Yes,No internet service,No internet service,No,Yes,Yes,Month-to-month,No,Electronic check,21.33,1086.55,No
7246-M779,Female,0,No,Yes,60,Yes,No phone service,No,Yes,Yes,No,No,No internet service,No,Month-to-month,Yes,Electronic check,77.57,4657.96,No
3492-P137,Male,0,Yes,No,49,Yes,Yes,Fiber optic,Yes,No internet service,No,No internet service,No,Yes,Month-to-month,No,Mailed check,51.29,2511.54,No
3068-Q704,Female,0,Yes,Yes,15,Yes,No,DSL,No,Yes,Yes,No internet service,Yes,Yes,One year,No,Credit card (automatic),75.78,1149.09,No
6439-D995,Female,0,Yes,Yes,68,Yes,Yes,DSL,Yes,Yes,Yes,No,No,No internet service,Month-to-month,No,Bank transfer (automatic),65.85,4472.8,No
8213-D638,Male,0,Yes,Yes,15,No,Yes,No,Yes,No internet service,No internet service,No,No internet service,No,Month-to-month,Yes,Mailed check,64.19,972.65,No
8486-A839,Male,0,No,No,51,Yes,No phone service,No,No internet service,Yes,Yes,No internet service,No internet service,Yes,One year,Yes,Electronic check,103.79,5300.84,No
3361-N991,Female,0,Yes,No,48,Yes,Yes,DSL,No,No internet service,No,No,No internet service,Yes,Month-to-month,Yes,Mailed check,37.53,1775.81,No
3529-C580,Female,0,Yes,Yes,72,Yes,No phone service,No,Yes,No internet service,Yes,Yes,Yes,No internet service,One year,Yes,Electronic check,68.46,4914.03,No
5342-K738,Female,1,No,No,1,Yes,No,DSL,No internet service,No internet service,Yes,No,No,No internet service,Two year,No,Credit card (automatic),60.06,42.81,No
7512-U182,Female,0,No,No,7,Yes,Yes,DSL,Yes,Yes,No,No internet service,Yes,No,Month-to-month,Yes,Electronic check,85.96,604.74,No
6383-V979,Female,0,No,Yes,53,Yes,No phone service,No,No internet service,No internet service,No internet service,No,No internet service,No internet service,One year,Yes,Credit card (automatic),23.29,1223.5,No
9742-M424,Female,0,Yes,No,31,Yes,Yes,Fiber optic,Yes,Yes,No internet service,No,No internet service,No,Month-to-month,Yes,Credit card (automatic),71.46,2225.7,No
8994-R136,Male,0,No,Yes,18,Yes,No,DSL,No,No,Yes,Yes,Yes,No,Month-to-month,No,Credit card (automatic),66.34,1183.18,No
2121-H746,Female,0,Yes,No,12,Yes,Yes,No,No,No,No,No,No,Yes,One year,No,Mailed check,116.09,1394.85,No
5708-H864,Female,0,Yes,Yes,48,Yes,Yes,DSL,No internet service,No,No,No internet service,No internet service,Yes,One year,Yes,Mailed check,94.21,4511.94,No
2480-N200,Male,1,No,No,30,Yes,No phone service,DSL,Yes,No internet service,Yes,No internet service,No,Yes,One year,No,Credit card (automatic),33.83,1020.62,No
2646-O270,Male,0,No,Yes,7,Yes,No,DSL,No,Yes,No internet service,Yes,No internet service,Yes,Two year,No,Electronic check,69.43,482.82,No
5906-A147,Male,0,No,Yes,3,Yes,No,No,Yes,No internet service,No internet service,Yes,Yes,Yes,Month-to-month,No,Bank transfer (automatic),97.02,286.55,No
6314-Z157,Male,0,Yes,No,63,No,No,No,No,Yes,No internet service,No internet service,No internet service,No,One year,No,Bank transfer (automatic),70.97,,No
5806-L483,Female,1,Yes,Yes,6,Yes,Yes,No,No internet service,No,No,No,Yes,Yes,One year,No,Electronic check,54.1,313.52,No
8056-E350,Female,0,Yes,Yes,15,Yes,No phone service,Fiber optic,No,No,No,No internet service,Yes,Yes,Month-to-month,Yes,Bank transfer (automatic),56.1,845.11,No
9702-N679,Female,0,Yes,No,71,Yes,Yes,DSL,Yes,No,No,Yes,Yes,Yes,Two year,No,Electronic check,55.13,3907.42,No
3950-F279,Female,0,Yes,Yes,43,Yes,Yes,Fiber optic,Yes,No internet service,No internet service,No internet service,No internet service,No,Month-to-month,No,Electronic check,20.26,895.12,No
2293-T991,Female,0,Yes,Yes,18,Yes,Yes,DSL,Yes,No internet service,Yes,Yes,No,No internet service,One year,No,Credit card (automatic),91.67,1665.97,No
7267-T799,Female,1,No,No,22,Yes,No,No,No internet service,Yes,No,No internet service,No,No internet service,One year,Yes,Electronic check,79.64,1749.4,No
4945-P697,Male,0,Yes,Yes,61,Yes,No phone service,DSL,No internet service,Yes,No,No,No internet service,Yes,Month-to-month,No,Mailed check,45.25,2756.13,No
3344-H572,Female,0,No,No,61,Yes,No,DSL,Yes,No,Yes,No,Yes,No internet service,Month-to-month,No,Mailed check,81.57,4973.82,No
5161-O361,Male,1,No,Yes,53,Yes,Yes,DSL,Yes,No internet service,No internet service,Yes,No,No,Month-to-month,No,Mailed check,49.28,2626.84,No
1153-Z576,Male,1,No,No,26,Yes,Yes,Fiber optic,No,No internet service,No,No,No,Yes,Month-to-month,No,Electronic check,42.71,1131.5,No
5712-V659,Female,1,No,No,40,Yes,No phone service,No,No,Yes,No internet service,Yes,No internet service,No,Month-to-month,Yes,Mailed check,92.74,3689.93,No
3588-C552,Male,0,No,Yes,8,Yes,No,No,No,Yes,No,No,Yes,No,Month-to-month,Yes,Credit card (automatic),99.57,809.93,No
6661-S406,Female,0,Yes,No,21,Yes,Yes,DSL,Yes,No internet service,No,No internet service,No,Yes,Month-to-month,Yes,Credit card (automatic),81.13,1700.84,No
7951-W356,Male,0,Yes,Yes,43,Yes,Yes,No,No,No internet service,Yes,No,No internet service,No,Month-to-month,Yes,Bank transfer (automatic),97.06,4165.35,No
8484-J303,Female,0,Yes,Yes,21,Yes,No phone service,Fiber optic,Yes,Yes,Yes,No internet service,No internet service,Yes,Month-to-month,No,Bank transfer (automatic),55.0,1166.18,No
7302-P209,Male,0,Yes,No,3,Yes,Yes,Fiber optic,No internet service,No internet service,Yes,Yes,Yes,No,Month-to-month,Yes,Credit card (automatic),25.47,77.23,No
4886-M685,Female,0,No,Yes,31,Yes,No,No,No,No internet service,Yes,No,No internet service,No internet service,One year,Yes,Mailed check,79.04,2463.92,No
6881-S402,Female,0,No,Yes,27,Yes,No,Fiber optic,Yes,No,No internet service,No,Yes,No internet service,One year,Yes,Credit card (automatic),43.98,1196.98,No
5837-A949,Female,0,No,No,27,Yes,Yes,Fiber optic,Yes,No internet service,No internet service,No internet service,No,No internet service,Month-to-month,No,Mailed check,96.39,2605.85,No
7484-I108,Female,0,Yes,Yes,57,Yes,Yes,No,No internet service,No internet service,No internet service,Yes,No internet service,No,Month-to-month,Yes,Electronic check,54.24,3107.91,No
1803-T863,Female,0,Yes,Yes,33,Yes,Yes,No,No internet service,No internet service,Yes,No,No,Yes,Two year,No,Mailed check,85.65,2824.93,No
9138-J894,Male,1,Yes,No,44,Yes,No phone service,DSL,No internet service,Yes,No,Yes,Yes,No internet service,Month-to-month,No,Mailed check,73.81,3236.67,No
4770-T921,Male,0,Yes,Yes,43,Yes,No phone service,DSL,No internet service,No,No internet service,Yes,Yes,Yes,One year,No,Mailed check,100.41,4336.81,No
6772-H751,Male,0,No,Yes,31,Yes,No,Fiber optic,No,Yes,Yes,No,Yes,No internet service,Month-to-month,Yes,Electronic check,101.9,3156.53,No
4115-T356,Female,0,No,No,65,Yes,No,No,No internet service,No,Yes,No internet service,No internet service,No internet service,Month-to-month,Yes,Credit card (automatic),25.11,1633.88,No
3240-U199,Male,0,Yes,Yes,17,Yes,Yes,Fiber optic,Yes,No,Yes,Yes,No internet service,No,One year,Yes,Bank transfer (automatic),47.91,808.85,No
1645-J907,Female,0,Yes,Yes,15,Yes,Yes,No,Yes,No internet service,No internet service,Yes,No internet service,No internet service,Two year,Yes,Electronic check,105.77,1587.56,No
8222-B693,Female,0,No,No,34,Yes,Yes,Fiber optic,Yes,No,No,No,No,Yes,Two year,No,Mailed check,58.85,2004.1,No
6977-X234,Male,0,No,Yes,4,Yes,No phone service,Fiber optic,Yes,No,No internet service,Yes,No,Yes,One year,Yes,Mailed check,69.99,268.84,No
2476-J434,Male,0,No,Yes,72,Yes,No phone service,Fiber optic,Yes,No internet service,Yes,No,No internet service,No internet service,Month-to-month,Yes,Bank transfer (automatic),36.68,2630.06,No
7807-F305,Female,0,No,No,28,Yes,Yes,DSL,No internet service,No internet service,Yes,Yes,No,Yes,Month-to-month,Yes,Mailed check,73.79,2057.29,No
3165-Z652,Male,0,Yes,No,2,Yes,Yes,No,Yes,No,Yes,No internet service,Yes,Yes,Month-to-month,No,Credit card (automatic),44.84,88.41,No
6994-Q613,Female,1,No,Yes,17,Yes,No,Fiber optic,No internet service,Yes,No internet service,No internet service,No internet service,Yes,Month-to-month,No,Electronic check,101.59,1731.36,No
5465-F363,Female,1,No,Yes,58,Yes,No phone service,DSL,No internet service,No,No,No internet service,Yes,Yes,Two year,No,Electronic check,38.37,2238.42,No
8894-Z402,Female,0,No,No,9,Yes,Yes,Fiber optic,No internet service,Yes,No internet service,No internet service,Yes,Yes,Month-to-month,No,Electronic check,54.42,514.28,No
6549-Z217,Female,0,No,Yes,31,Yes,No phone service,Fiber optic,No internet service,Yes,Yes,No,Yes,No internet service,Month-to-month,Yes,Electronic check,27.8,863.6,No
8673-C244,Female,0,Yes,Yes,66,Yes,Yes,No,No,No,Yes,No,No,Yes,Month-to-month,No,Credit card (automatic),77.34,5099.93,No
4696-V841,Male,1,Yes,Yes,62,Yes,Yes,Fiber optic,No,Yes,Yes,No,Yes,Yes,Month-to-month,No,Credit card (automatic),112.92,6977.24,No
7511-Z670,Male,0,Yes,No,19,Yes,No,No,No,No,No internet service,No,No,No internet service,Month-to-month,Yes,Mailed check,35.65,679.94,No
6992-C909,Female,0,Yes,Yes,55,Yes,No,DSL,No,Yes,No internet service,No,Yes,No,Month-to-month,Yes,Electronic check,20.23,1110.95,No
7464-A370,Female,1,Yes,Yes,28,Yes,No,DSL,No,Yes,No internet service,No internet service,No internet service,Yes,Month-to-month,Yes,Mailed check,60.71,1696.31,No
9791-D565,Male,0,Yes,No,50,Yes,Yes,Fiber optic,Yes,No,Yes,Yes,Yes,No,One year,No,Electronic check,93.47,4666.93,No
7038-V866,Male,1,No,No,65,Yes,No,DSL,No,No internet service,No internet service,Yes,Yes,No,One year,No,Credit card (automatic),116.25,7549.99,No
5295-S490,Female,0,No,No,3,Yes,Yes,No,Yes,No internet service,No,No internet service,No internet service,No internet service,Month-to-month,Yes,Bank transfer (automatic),23.4,73.49,No
7086-D791,Male,0,No,Yes,52,Yes,No phone service,No,Yes,No,No,No internet service,No,No,One year,No,Bank transfer (automatic),97.24,5062.9,No
4830-P125,Female,0,No,Yes,10,Yes,No phone service,DSL,No internet service,No,No,No,No internet service,No,One year,Yes,Electronic check,55.3,552.74,No
6374-T326,Male,1,Yes,No,21,Yes,Yes,No,No internet service,No internet service,No internet service,No,Yes,No,Month-to-month,Yes,Credit card (automatic),33.7,715.57,No
2035-U943,Female,1,No,Yes,37,Yes,No,No,No internet service,No internet service,Yes,Yes,Yes,No internet service,Month-to-month,No,Bank transfer (automatic),37.58,1403.33,No
8606-W409,Male,0,Yes,Yes,15,Yes,No,Fiber optic,No,Yes,Yes,Yes,No,Yes,Two year,Yes,Bank transfer (automatic),111.1,1665.57,No
7689-D243,Female,0,No,Yes,9,Yes,No phone service,Fiber optic,Yes,Yes,Yes,No,Yes,No internet service,Month-to-month,Yes,Bank transfer (automatic),99.59,908.54,No
1742-B411,Male,0,No,Yes,44,Yes,Yes,No,No,Yes,Yes,No,Yes,No internet service,Month-to-month,No,Credit card (automatic),49.58,2172.0,No
9071-D199,Male,1,No,No,39,Yes,Yes,DSL,No internet service,No internet service,Yes,No internet service,No,No internet service,Month-to-month,No,Bank transfer (automatic),112.74,4399.76,No
4846-R238,Female,0,Yes,No,5,Yes,Yes,No,No internet service,No,No internet service,No,No,Yes,One year,No,Mailed check,28.83,140.32,No
7367-O479,Male,0,No,Yes,25,Yes,No phone service,Fiber optic,Yes,Yes,No,No internet service,No,No,One year,No,Electronic check,50.66,1271.41,No
9850-N701,Female,0,Yes,No,56,Yes,No phone service,DSL,Yes,No,No internet service,No,No,Yes,Two year,Yes,Bank transfer (automatic),83.87,4675.16,No
3531-N770,Male,0,Yes,Yes,64,Yes,No,No,No internet service,No internet service,Yes,Yes,Yes,No,Month-to-month,No,Credit card (automatic),118.69,7607.93,No
2622-P730,Female,0,No,Yes,72,Yes,Yes,DSL,No,Yes,No internet service,No internet service,No,Yes,Month-to-month,No,Mailed check,65.05,4683.12,No
7686-I133,Male,0,Yes,No,52,Yes,Yes,DSL,No,No internet service,No internet service,Yes,No,No internet service,One year,Yes,Bank transfer (automatic),99.73,5190.3,No
7070-G554,Female,0,Yes,No,9,Yes,Yes,DSL,Yes,No,No internet service,No internet service,Yes,No internet service,Month-to-month,Yes,Mailed check,110.29,984.75,No
8285-H975,Male,1,No,Yes,10,Yes,Yes,No,No internet service,Yes,Yes,No internet service,No,No,Month-to-month,Yes,Credit card (automatic),19.22,208.89,No
6942-D802,Female,0,No,Yes,10,Yes,No phone service,Fiber optic,No,No,Yes,Yes,Yes,No internet service,Month-to-month,Yes,Electronic check,47.29,476.35,Yes
7018-R760,Male,0,No,Yes,62,Yes,No,DSL,Yes,No,Yes,Yes,No,No internet service,Month-to-month,No,Mailed check,28.34,1753.28,No
6876-B507,Female,1,No,Yes,60,Yes,No phone service,DSL,Yes,Yes,No internet service,No,No,Yes,Two year,No,Electronic check,96.24,5753.43,No
5520-G225,Female,0,No,No,19,Yes,No,No,Yes,Yes,No internet service,No internet service,No internet service,No,One year,No,Credit card (automatic),75.24,1426.08,No
8450-C778,Female,0,No,No,38,Yes,Yes,Fiber optic,No,No internet service,No,No,Yes,Yes,Month-to-month,Yes,Mailed check,27.85,1035.11,No
4475-U754,Male,0,Yes,Yes,6,Yes,Yes,Fiber optic,Yes,Yes,No,No internet service,No,Yes,One year,Yes,Credit card (automatic),60.53,364.46,No
1349-B905,Female,1,No,Yes,15,Yes,Yes,No,No,Yes,Yes,No,No internet service,No internet service,One year,Yes,Mailed check,69.9,1054.41,No
6464-H228,Male,0,No,No,47,Yes,Yes,DSL,Yes,Yes,No,Yes,No internet service,Yes,Two year,Yes,Credit card (automatic),88.37,4160.48,No
4362-C949,Female,1,Yes,Yes,45,Yes,Yes,No,No,Yes,Yes,Yes,Yes,No,Two year,Yes,Credit card (automatic),96.59,4337.97,No
4394-S321,Male,0,No,No,5,Yes,No phone service,Fiber optic,No internet service,Yes,Yes,No,No internet service,No internet service,Month-to-month,No,Bank transfer (automatic),27.08,129.07,No
4817-K892,Female,0,Yes,Yes,53,Yes,No,DSL,No,No internet service,No internet service,Yes,Yes,No,Two year,No,Bank transfer (automatic),67.26,3563.85,No
3417-Z710,Male,0,No,No,66,Yes,No phone service,DSL,No internet service,No,No,No,No internet service,No,Month-to-month,Yes,Credit card (automatic),34.44,2267.57,No
1046-I979,Male,1,No,Yes,62,Yes,Yes,Fiber optic,Yes,No internet service,Yes,No internet service,Yes,No,Month-to-month,Yes,Mailed check,93.95,5808.3,No
3370-E653,Female,0,Yes,Yes,23,Yes,No,DSL,No,No,Yes,No internet service,No,No,Month-to-month,No,Mailed check,84.35,1933.85,No
5106-Z278,Male,1,No,Yes,44,No,No,No,Yes,Yes,No,Yes,Yes,Yes,Month-to-month,No,Mailed check,90.91,4004.03,No
2801-V987,Male,0,Yes,No,52,Yes,Yes,Fiber optic,No internet service,No internet service,No,Yes,No internet service,No internet service,Two year,No,Credit card (automatic),25.79,1336.48,No
1422-E115,Female,0,No,No,46,Yes,No,Fiber optic,Yes,No,No,Yes,Yes,Yes,One year,Yes,Electronic check,69.54,3196.49,No
6869-Z907,Male,0,No,Yes,19,Yes,No phone service,DSL,Yes,No,No,No internet service,No,No internet service,One year,Yes,Mailed check,102.73,1946.67,No
4898-S431,Male,1,Yes,Yes,47,Yes,No phone service,Fiber optic,Yes,Yes,No,No,No,Yes,Two year,Yes,Electronic check,89.94,4250.6,No
1258-F371,Male,0,No,Yes,52,Yes,No phone service,No,No internet service,Yes,No,Yes,No internet service,No internet service,Month-to-month,No,Electronic check,104.86,5453.97,No
1858-E859,Female,0,No,Yes,24,Yes,No phone service,Fiber optic,No internet service,No,No,No,No internet service,No,Month-to-month,No,Credit card (automatic),38.96,937.28,No
7897-Q216,Male,0,Yes,No,17,Yes,No,DSL,No,No internet service,Yes,Yes,No internet service,No,One year,No,Electronic check,47.08,794.65,No
2041-P559,Female,1,No,No,46,Yes,No phone service,Fiber optic,No,No,No internet service,Yes,No,Yes,Two year,Yes,Electronic check,62.6,2884.33,No
6931-Q707,Male,0,Yes,No,64,Yes,No,DSL,No,No internet service,Yes,Yes,No,Yes,Two year,No,Electronic check,70.84,4534.74,No
2786-O615,Male,0,No,Yes,28,Yes,Yes,DSL,No,No internet service,Yes,No,No internet service,No,Month-to-month,Yes,Electronic check,43.59,1203.11,No
4629-T144,Male,0,Yes,Yes,50,Yes,No phone service,No,Yes,No,No internet service,No,No,Yes,Two year,Yes,Credit card (automatic),56.56,2842.96,No
9543-J569,Female,0,No,No,64,Yes,Yes,Fiber optic,No internet service,No internet service,No internet service,No,No,Yes,Two year,Yes,Credit card (automatic),87.3,5586.1,No
1510-B590,Male,0,Yes,Yes,28,Yes,No phone service,No,No internet service,No,No internet service,No internet service,No internet service,No internet service,Month-to-month,Yes,Electronic check,83.11,2332.44,No
7580-N802,Male,1,Yes,No,56,Yes,Yes,No,Yes,No,No,No internet service,No,No internet service,One year,No,Credit card (automatic),29.35,1637.25,No
2768-P829,Female,1,No,No,59,Yes,Yes,Fiber optic,No,Yes,No,No internet service,No internet service,No internet service,Month-to-month,Yes,Mailed check,117.31,6925.76,No
8267-C182,Male,0,No,No,5,Yes,Yes,No,No internet service,No,No,No,No,Yes,Month-to-month,No,Electronic check,74.81,380.71,No
6277-T251,Female,0,Yes,No,54,No,Yes,No,Yes,No,Yes,No internet service,Yes,No,Two year,Yes,Mailed check,66.85,3595.26,No
2076-E381,Female,0,No,Yes,44,Yes,Yes,DSL,Yes,Yes,No internet service,Yes,Yes,No,One year,No,Mailed check,115.46,5085.46,No
9984-W432,Male,0,Yes,No,42,Yes,No,No,No,Yes,No internet service,No,No,No,One year,No,Electronic check,32.35,1357.63,No
7240-T643,Female,0,No,Yes,72,Yes,No,Fiber optic,No,No internet service,Yes,Yes,No,No,Two year,Yes,Mailed check,72.89,5237.8,No
5831-O617,Male,0,No,No,57,Yes,No phone service,DSL,No internet service,No internet service,No,Yes,Yes,No internet service,Month-to-month,Yes,Credit card (automatic),99.16,5668.85,No
8048-D912,Female,0,Yes,No,47,Yes,No,No,No internet service,Yes,No internet service,No,No internet service,No internet service,Month-to-month,Yes,Mailed check,58.34,2732.65,No
2874-U766,Female,0,Yes,No,25,Yes,Yes,No,No,Yes,Yes,Yes,No internet service,Yes,Month-to-month,No,Electronic check,92.25,2308.59,No
4522-N562,Male,0,No,No,44,Yes,No,Fiber optic,No internet service,Yes,No,No,Yes,No,One year,No,Mailed check,108.62,4766.87,No
4743-N447,Female,0,No,Yes,15,Yes,No,No,No,No,Yes,No internet service,No internet service,Yes,Two year,Yes,Credit card (automatic),44.55,657.24,No
8430-M525,Female,0,No,Yes,51,Yes,Yes,Fiber optic,Yes,No,No,No,No internet service,No,One year,Yes,Mailed check,42.52,2179.11,No
2557-K537,Female,0,No,Yes,53,Yes,No,No,Yes,No,Yes,No,Yes,No,Two year,No,Credit card (automatic),54.5,2884.99,No
6120-V361,Female,0,No,Yes,34,Yes,Yes,No,Yes,Yes,No,Yes,Yes,Yes,One year,Yes,Bank transfer (automatic),60.3,2064.62,No
7132-E803,Female,0,Yes,No,8,Yes,No,Fiber optic,No internet service,No internet service,Yes,Yes,No,No internet service,One year,Yes,Bank transfer (automatic),29.41,231.16,No
8770-C193,Male,0,No,Yes,70,Yes,Yes,DSL,No,No internet service,Yes,Yes,Yes,Yes,One year,Yes,Electronic check,41.49,2899.74,No
2398-C542,Female,0,No,Yes,21,Yes,No phone service,Fiber optic,Yes,No,Yes,Yes,Yes,Yes,Two year,Yes,Electronic check,106.01,2218.6,No
2582-X856,Male,0,Yes,No,7,Yes,No,DSL,Yes,No,Yes,Yes,No internet service,No,Month-to-month,No,Electronic check,75.19,521.41,No
7105-Z233,Female,0,Yes,Yes,56,No,No phone service,DSL,No internet service,Yes,No internet service,Yes,No internet service,No internet service,Month-to-month,No,Electronic check,45.17,2535.71,No
1982-S675,Male,0,Yes,Yes,49,Yes,Yes,Fiber optic,No internet service,Yes,No internet service,Yes,No,Yes,Month-to-month,Yes,Electronic check,113.08,5541.79,No
6400-V225,Male,1,No,Yes,42,Yes,Yes,Fiber optic,Yes,No internet service,No internet service,Yes,No internet service,No internet service,Two year,Yes,Credit card (automatic),96.07,4031.87,No
7730-L994,Female,0,Yes,Yes,23,Yes,No phone service,No,No internet service,No internet service,No internet service,Yes,No internet service,No internet service,Two year,No,Bank transfer (automatic),54.67,1264.31,No
7929-X152,Female,0,Yes,No,52,Yes,Yes,No,No internet service,Yes,Yes,No,No internet service,No internet service,Month-to-month,Yes,Bank transfer (automatic),95.18,4954.86,No
5712-T419,Female,0,Yes,No,53,No,Yes,DSL,No internet service,No internet service,No internet service,Yes,Yes,No internet service,Two year,Yes,Mailed check,78.15,4139.15,No
6761-D691,Male,0,Yes,Yes,16,Yes,Yes,No,No internet service,No internet service,No internet service,Yes,No internet service,No,Month-to-month,No,Bank transfer (automatic),86.97,1406.76,No
9313-G258,Female,0,No,No,37,Yes,Yes,Fiber optic,No,No,Yes,No,Yes,No,Month-to-month,No,Electronic check,50.56,1855.3,No
8900-H967,Male,0,No,Yes,18,Yes,Yes,DSL,No internet service,Yes,No internet service,No internet service,No internet service,No,Two year,No,Credit card (automatic),39.3,711.46,No
2773-L965,Male,0,No,Yes,20,Yes,Yes,No,No internet service,Yes,No internet service,No internet service,Yes,No,Month-to-month,No,Credit card (automatic),43.73,873.37,No
7022-D880,Male,0,Yes,Yes,46,Yes,Yes,No,No,Yes,No,No,No internet service,No,Month-to-month,No,Credit card (automatic),26.67,1231.85,No
5564-S331,Female,0,Yes,No,2,Yes,Yes,Fiber optic,No internet service,No,No internet service,No internet service,No,Yes,Month-to-month,No,Bank transfer (automatic),65.59,132.22,No
8030-R885,Female,0,Yes,No,63,Yes,No phone service,Fiber optic,No internet service,Yes,No,Yes,No,No internet service,Month-to-month,No,Mailed check,59.08,3724.67,No
1430-T773,Male,1,Yes,No,3,Yes,No,No,Yes,No internet service,No internet service,Yes,No,No,One year,Yes,Electronic check,18.51,37.64,No
5381-A284,Male,0,Yes,No,46,Yes,Yes,DSL,Yes,No,Yes,Yes,No internet service,No internet service,Month-to-month,Yes,Credit card (automatic),104.31,4800.52,Yes
5477-W880,Female,0,Yes,No,49,Yes,No phone service,DSL,Yes,No,No internet service,No internet service,No,No,One year,No,Credit card (automatic),86.78,4262.64,No
6062-K459,Male,0,No,No,1,Yes,Yes,Fiber optic,No,Yes,Yes,No,Yes,No,One year,Yes,Electronic check,63.15,57.11,No
1100-F990,Female,1,No,Yes,22,Yes,No,Fiber optic,No internet service,No internet service,No internet service,Yes,No,Yes,Month-to-month,No,Mailed check,115.44,2549.64,No
3347-S773,Male,0,Yes,No,14,Yes,Yes,Fiber optic,No,Yes,No internet service,No,No,No internet service,One year,No,Bank transfer (automatic),112.77,1575.25,No
7566-C245,Female,0,No,Yes,45,Yes,No phone service,No,No,No internet service,Yes,No,No,No,Two year,No,Mailed check,27.81,1245.52,No
1502-C864,Male,0,Yes,Yes,6,Yes,No phone service,No,No internet service,Yes,Yes,Yes,No,No,Month-to-month,Yes,Electronic check,80.07,474.72,No
9691-G485,Female,0,Yes,No,65,Yes,No,Fiber optic,No internet service,No internet service,Yes,No,Yes,Yes,One year,No,Electronic check,100.36,6513.19,No
7878-O449,Male,0,No,Yes,21,No,Yes,DSL,Yes,No internet service,Yes,No,No,No internet service,Two year,No,Credit card (automatic),35.63,748.95,No
3578-L419,Female,0,Yes,Yes,4,Yes,No phone service,Fiber optic,No internet service,No internet service,No,Yes,No internet service,No internet service,Month-to-month,Yes,Bank transfer (automatic),31.11,118.2,No
6314-Y681,Female,0,No,Yes,3,No,No,Fiber optic,No,No,No,No,No,No,Month-to-month,No,Mailed check,44.36,127.61,No
2391-B259,Male,0,Yes,No,30,Yes,No,DSL,Yes,Yes,Yes,No internet service,No internet service,Yes,Month-to-month,Yes,Bank transfer (automatic),46.36,1383.96,No
3579-Y732,Male,0,Yes,No,31,Yes,Yes,DSL,No,Yes,No,Yes,No internet service,Yes,One year,Yes,Electronic check,115.23,3575.4,No
1815-V183,Female,0,No,Yes,34,Yes,No phone service,DSL,No internet service,Yes,No internet service,Yes,No,No,Month-to-month,No,Credit card (automatic),96.69,3274.8,No
5458-O777,Male,0,Yes,No,20,Yes,Yes,DSL,Yes,No,No internet service,Yes,No,No internet service,Month-to-month,No,Credit card (automatic),24.25,490.92,No
7947-P721,Female,0,Yes,Yes,54,Yes,Yes,No,No internet service,No internet service,No internet service,Yes,No internet service,No,Month-to-month,Yes,Mailed check,97.29,5258.68,No
8242-N379,Male,0,Yes,No,25,Yes,Yes,No,Yes,No,No,Yes,Yes,No internet service,Month-to-month,No,Mailed check,35.3,887.58,No
4531-Y624,Female,1,No,Yes,15,Yes,No phone service,Fiber optic,Yes,No,No,Yes,Yes,Yes,One year,No,Bank transfer (automatic),54.15,802.44,No
2864-L540,Female,0,Yes,Yes,38,Yes,No,No,Yes,No internet service,No internet service,Yes,No,No,One year,No,Electronic check,50.26,1912.27,No
2816-J794,Female,0,Yes,No,23,No,Yes,Fiber optic,No internet service,Yes,Yes,No internet service,Yes,No,Month-to-month,Yes,Mailed check,45.62,1062.29,No
8972-Q783,Female,0,Yes,No,52,Yes,Yes,Fiber optic,Yes,No,No internet service,No,Yes,No,Month-to-month,No,Bank transfer (automatic),49.28,2550.48,No
6053-B325,Female,1,No,No,66,No,No phone service,DSL,Yes,No internet service,No,No internet service,No,No internet service,One year,No,Credit card (automatic),94.05,6209.11,No
7475-T156,Female,0,No,No,57,Yes,Yes,DSL,No internet service,No internet service,No internet service,No,No internet service,No internet service,One year,No,Electronic check,45.04,2556.14,No
1125-G408,Male,0,No,No,57,Yes,No,No,No,Yes,No internet service,Yes,No internet service,Yes,Two year,Yes,Credit card (automatic),98.72,5624.31,No
4460-Y240,Male,0,No,Yes,52,Yes,Yes,No,No internet service,No internet service,No,No internet service,Yes,No internet service,Month-to-month,No,Electronic check,27.4,1424.47,No
5186-J435,Male,0,No,Yes,35,Yes,No,No,No internet service,No internet service,No,Yes,No internet service,No internet service,One year,Yes,Electronic check,78.06,2725.77,No
2965-A609,Female,0,Yes,Yes,14,Yes,Yes,No,Yes,No internet service,No,No,No,No,Month-to-month,Yes,Bank transfer (automatic),104.98,1462.21,No
8055-F232,Female,0,No,No,14,Yes,Yes,DSL,No internet service,Yes,No,No internet service,Yes,Yes,Two year,Yes,Credit card (automatic),26.22,369.64,No
7229-R820,Female,0,No,No,33,Yes,Yes,DSL,No internet service,Yes,No internet service,No internet service,No internet service,Yes,Month-to-month,Yes,Electronic check,82.06,2697.88,No
4770-Q672,Female,1,Yes,Yes,52,Yes,No,No,No internet service,No internet service,No,No,Yes,No,One year,Yes,Credit card (automatic),69.67,3628.0,No
6802-C506,Male,0,No,Yes,1,Yes,Yes,Fiber optic,Yes,No internet service,Yes,No,No internet service,No internet service,Month-to-month,Yes,Bank transfer (automatic),51.61,69.03,No
1693-N119,Male,0,Yes,Yes,34,Yes,Yes,DSL,No internet service,Yes,No,No internet service,Yes,No internet service,Month-to-month,Yes,Electronic check,28.37,951.8,No
8532-C982,Female,0,No,Yes,19,Yes,Yes,DSL,Yes,Yes,No,No internet service,No internet service,No,Month-to-month,Yes,Bank transfer (automatic),86.24,1625.18,No
6129-S539,Male,0,Yes,No,24,Yes,No,DSL,No internet service,Yes,No internet service,No internet service,No internet service,No,Month-to-month,Yes,Bank transfer (automatic),49.34,1169.0,No
7626-W755,Male,0,Yes,Yes,4,Yes,Yes,DSL,Yes,No,Yes,No,No,No internet service,Month-to-month,No,Mailed check,52.31,204.48,No
7843-J217,Female,0,No,No,36,Yes,No phone service,No,Yes,Yes,Yes,Yes,No,Yes,Month-to-month,Yes,Credit card (automatic),90.37,3261.9,No
7636-A432,Male,0,No,Yes,58,Yes,No,No,No internet service,No internet service,Yes,No internet service,No,No,Month-to-month,Yes,Bank transfer (automatic),113.26,6578.56,No
3815-Z732,Female,1,Yes,No,32,No,No phone service,Fiber optic,No,Yes,No,No,Yes,No internet service,Month-to-month,No,Mailed check,51.78,1661.17,No
8538-W470,Male,1,Yes,No,9,Yes,Yes,DSL,No internet service,No internet service,No internet service,No internet service,Yes,No,One year,No,Credit card (automatic),93.3,841.7,No
2443-N964,Female,0,Yes,No,67,Yes,No,No,No,No internet service,No internet service,No,Yes,Yes,One year,Yes,Electronic check,114.39,7676.89,No
2734-H546,Female,0,Yes,No,20,Yes,No,No,Yes,No internet service,No,No internet service,No internet service,Yes,Month-to-month,No,Electronic check,28.08,556.71,No
7560-Q180,Female,1,Yes,Yes,62,Yes,Yes,DSL,No,Yes,Yes,No,No internet service,No internet service,Month-to-month,No,Bank transfer (automatic),71.43,4434.25,No
7484-J863,Female,0,Yes,Yes,58,Yes,No phone service,No,No,Yes,Yes,No,No internet service,Yes,Month-to-month,Yes,Electronic check,19.37,1143.31,No
6562-H441,Male,1,Yes,Yes,22,Yes,No,No,Yes,Yes,No internet service,No internet service,Yes,No,Month-to-month,Yes,Credit card (automatic),101.18,2238.3,No
3754-C622,Female,0,No,No,67,Yes,No,No,No,Yes,No,No,No,Yes,Month-to-month,Yes,Electronic check,47.08,3143.15,No
2868-Q622,Female,0,Yes,Yes,48,Yes,No,Fiber optic,No internet service,Yes,Yes,No,Yes,No internet service,Month-to-month,Yes,Bank transfer (automatic),51.69,2475.33,No
4176-Y457,Female,0,No,Yes,8,Yes,No,No,No,No,No,No,Yes,No,Two year,Yes,Credit card (automatic),87.32,718.9,No
6752-X938,Male,0,No,Yes,15,Yes,No,DSL,Yes,Yes,No internet service,No,No,Yes,Two year,Yes,Electronic check,97.56,1457.64,No
3419-H205,Female,0,Yes,No,32,Yes,Yes,DSL,No,No,No,No,No,Yes,Month-to-month,Yes,Electronic check,58.45,1886.38,Yes
3399-I302,Male,0,Yes,No,53,Yes,No,DSL,Yes,No internet service,No,No,Yes,Yes,One year,Yes,Credit card (automatic),85.13,4507.57,No
3842-T256,Female,0,No,No,67,Yes,No phone service,No,Yes,No internet service,No,No,No internet service,No internet service,Month-to-month,Yes,Credit card (automatic),114.36,7660.13,No
2234-F891,Male,0,Yes,Yes,4,Yes,No,Fiber optic,No internet service,No internet service,No,No,No internet service,No internet service,Month-to-month,No,Electronic check,107.38,420.34,Yes
9095-O872,Male,0,Yes,Yes,30,Yes,Yes,No,Yes,No internet service,Yes,No internet service,No,Yes,Two year,No,Mailed check,88.73,2654.43,No
8354-V678,Female,1,No,Yes,13,Yes,Yes,DSL,No,No,No internet service,No,Yes,No,Month-to-month,No,Electronic check,113.03,1467.44,No
6295-U423,Male,0,No,No,21,Yes,No phone service,Fiber optic,No internet service,No,Yes,Yes,No internet service,Yes,One year,No,Credit card (automatic),106.28,2233.73,No
3473-O169,Female,1,No,Yes,41,Yes,No,Fiber optic,No internet service,No internet service,Yes,No internet service,No internet service,No,Month-to-month,No,Credit card (automatic),91.52,3748.29,No
8682-O746,Female,0,Yes,No,19,Yes,No phone service,No,No,Yes,Yes,No internet service,No,No,One year,Yes,Bank transfer (automatic),110.43,2105.17,No
5961-Z381,Female,0,Yes,No,48,Yes,No phone service,DSL,No,No internet service,Yes,Yes,Yes,No internet service,Month-to-month,Yes,Bank transfer (automatic),100.4,4815.2,No
1920-L619,Male,1,No,No,63,Yes,No phone service,No,No internet service,No internet service,No internet service,No,No,Yes,One year,Yes,Electronic check,68.73,4309.35,No
2215-J572,Male,0,Yes,No,20,Yes,No phone service,DSL,Yes,No,No internet service,Yes,Yes,No internet service,Month-to-month,Yes,Bank transfer (automatic),68.73,1372.52,No
8404-B158,Female,0,No,Yes,64,Yes,No,Fiber optic,No internet service,No internet service,Yes,Yes,Yes,Yes,Month-to-month,No,Credit card (automatic),19.13,1219.59,No
7041-J178,Female,0,Yes,Yes,37,Yes,Yes,No,No internet service,No,No,Yes,Yes,No,Two year,Yes,Bank transfer (automatic),21.29,802.6,No
2479-T708,Male,0,No,No,31,Yes,Yes,Fiber optic,No internet service,No,No,No internet service,Yes,No internet service,One year,Yes,Bank transfer (automatic),93.25,2899.71,No
9307-M573,Female,0,Yes,Yes,18,No,No,DSL,Yes,No internet service,No,No,Yes,No internet service,Two year,No,Bank transfer (automatic),74.0,1341.93,No
1672-O929,Female,1,No,No,20,Yes,No phone service,Fiber optic,No,Yes,No,No internet service,Yes,No internet service,Month-to-month,Yes,Credit card (automatic),94.73,1901.63,No
4084-K719,Female,0,Yes,Yes,11,Yes,No,Fiber optic,No,No,No,No,No internet service,No,Month-to-month,No,Electronic check,113.69,1254.98,No
8792-Q254,Male,0,Yes,Yes,44,Yes,No phone service,Fiber optic,No,No,No internet service,Yes,No internet service,No internet service,Month-to-month,Yes,Credit card (automatic),63.73,2808.48,No
2013-O205,Male,0,No,No,64,Yes,No phone service,No,Yes,No,No,No internet service,No internet service,Yes,Month-to-month,No,Bank transfer (automatic),27.14,1746.19,No
6626-W186,Male,0,Yes,No,34,Yes,No,DSL,Yes,No internet service,No internet service,No,No internet service,Yes,One year,No,Mailed check,81.22,2767.28,No
9266-U276,Female,0,Yes,No,65,Yes,No,Fiber optic,No,No internet service,No,No,Yes,No,Two year,Yes,Mailed check,28.27,1832.28,No
1641-H824,Female,0,No,No,55,Yes,No phone service,Fiber optic,No,No,No,Yes,No internet service,No internet service,Two year,Yes,Credit card (automatic),80.69,4423.8,No
8172-O636,Female,0,Yes,Yes,1,Yes,No phone service,Fiber optic,No,Yes,Yes,No internet service,Yes,Yes,Month-to-month,Yes,Mailed check,71.29,52.42,No
9564-T262,Male,0,Yes,No,38,Yes,No phone service,Fiber optic,No,No internet service,Yes,No internet service,No,No internet service,Month-to-month,Yes,Credit card (automatic),89.83,3405.05,No
6962-L389,Female,0,Yes,Yes,9,Yes,No phone service,DSL,Yes,Yes,Yes,No internet service,No,Yes,Two year,Yes,Electronic check,53.52,474.32,No
7347-N893,Female,0,No,No,71,Yes,No,DSL,No,Yes,No internet service,No internet service,No internet service,No,One year,No,Credit card (automatic),32.71,2321.46,No
6543-V712,Female,0,No,Yes,17,Yes,Yes,No,No internet service,No internet service,No internet service,No internet service,Yes,Yes,Two year,No,Credit card (automatic),41.99,712.6,No
1857-Z746,Female,0,No,No,52,Yes,Yes,DSL,No,No,Yes,No internet service,No internet service,Yes,One year,No,Credit card (automatic),86.96,4539.3,No
6482-C437,Male,1,No,Yes,18,Yes,No phone service,DSL,Yes,Yes,Yes,No internet service,Yes,Yes,Two year,No,Bank transfer (automatic),66.31,1199.2,No
2548-R794,Male,0,No,Yes,63,Yes,Yes,Fiber optic,No internet service,No,No,Yes,No internet service,No,Month-to-month,Yes,Electronic check,72.6,4566.34,No
7333-J358,Female,0,Yes,Yes,33,Yes,Yes,No,No internet service,Yes,No internet service,No,No,Yes,One year,No,Credit card (automatic),50.71,1687.14,No
3463-K183,Male,0,Yes,No,4,No,Yes,No,No internet service,No,No,Yes,No,No,Month-to-month,Yes,Bank transfer (automatic),102.34,407.06,No
3317-L417,Male,0,No,No,52,No,Yes,Fiber optic,Yes,No internet service,No,No,No internet service,No,One year,No,Bank transfer (automatic),118.7,6178.07,No
7421-E709,Female,0,Yes,No,9,Yes,Yes,No,No,Yes,Yes,No,No internet service,Yes,One year,Yes,Bank transfer (automatic),49.63,451.35,No
2388-J672,Female,0,Yes,No,64,Yes,Yes,DSL,Yes,Yes,No,No,Yes,No internet service,Month-to-month,Yes,Bank transfer (automatic),90.47,5790.48,No
7171-U910,Male,0,Yes,Yes,30,Yes,No phone service,No,Yes,Yes,No,No internet service,No,Yes,One year,Yes,Bank transfer (automatic),35.45,1077.64,No
6381-E786,Female,0,Yes,Yes,8,Yes,No phone service,Fiber optic,No internet service,No,Yes,No internet service,No internet service,No,Month-to-month,Yes,Electronic check,92.86,737.04,No
9624-C761,Male,0,No,Yes,5,Yes,No phone service,No,No internet service,Yes,Yes,No,Yes,No internet service,Month-to-month,No,Electronic check,61.55,309.04,No
7937-Q470,Female,0,No,No,63,Yes,No,No,Yes,Yes,No,No,No,Yes,Month-to-month,No,Mailed check,79.08,4973.02,No
1298-L416,Male,0,Yes,Yes,1,Yes,Yes,No,No internet service,No,No,No internet service,Yes,Yes,Month-to-month,No,Electronic check,42.12,45.62,No
3953-G449,Female,0,Yes,Yes,15,Yes,Yes,Fiber optic,Yes,No,No,No internet service,No,Yes,Month-to-month,No,Mailed check,103.84,1561.68,No
8967-G331,Male,1,No,No,38,No,No,DSL,No internet service,No internet service,No internet service,No,No,Yes,Month-to-month,No,Mailed check,35.67,1356.32,No
3253-E179,Male,1,Yes,No,42,Yes,Yes,No,No,No,No,No,Yes,Yes,Month-to-month,No,Bank transfer (automatic),111.57,4686.62,No
5846-Z203,Male,1,Yes,Yes,46,Yes,No phone service,DSL,No,Yes,Yes,Yes,Yes,No internet service,Month-to-month,Yes,Electronic check,24.41,1121.11,No
9317-Y652,Female,1,Yes,No,53,Yes,No phone service,DSL,No,Yes,No,No internet service,No,Yes,Month-to-month,No,Electronic check,47.19,2504.84,No
9626-B777,Male,1,No,No,26,Yes,No,DSL,No internet service,No internet service,No internet service,No internet service,No,No,One year,Yes,Bank transfer (automatic),74.83,1951.76,No
6517-Y732,Male,0,No,No,61,Yes,No phone service,No,No internet service,No internet service,No,No,Yes,No,One year,Yes,Credit card (automatic),104.53,6364.21,No
3147-T485,Female,0,Yes,No,67,Yes,No,DSL,No,Yes,No internet service,Yes,No internet service,No internet service,Two year,Yes,Bank transfer (automatic),76.24,5105.31,No
3527-F285,Female,0,Yes,Yes,54,Yes,No phone service,No,Yes,No,No internet service,No internet service,Yes,No,Month-to-month,No,Mailed check,39.97,2154.76,No
3712-X548,Male,0,Yes,Yes,22,Yes,Yes,No,Yes,Yes,Yes,Yes,No internet service,No internet service,Two year,Yes,Electronic check,104.58,2307.37,No
1715-N473,Male,0,Yes,Yes,26,Yes,No phone service,No,No,No internet service,No,Yes,Yes,No,Month-to-month,No,Electronic check,78.16,2044.24,No
4891-O725,Female,0,Yes,Yes,60,Yes,No,DSL,No internet service,Yes,No internet service,No internet service,No internet service,No internet service,Month-to-month,No,Mailed check,41.6,2500.28,No
5668-Y866,Female,0,Yes,Yes,39,Yes,Yes,No,Yes,Yes,No,No,No internet service,Yes,Month-to-month,No,Mailed check,74.72,2915.51,No
8355-H646,Female,0,No,No,36,Yes,No,Fiber optic,Yes,Yes,No internet service,Yes,No,No,Month-to-month,Yes,Mailed check,86.12,3092.63,No
4918-J928,Female,1,No,Yes,21,Yes,Yes,Fiber optic,Yes,No internet service,Yes,No,Yes,No,Month-to-month,Yes,Bank transfer (automatic),86.64,1838.06,No
8684-G476,Female,0,Yes,Yes,41,Yes,Yes,Fiber optic,No internet service,No internet service,Yes,No internet service,Yes,No internet service,One year,No,Credit card (automatic),91.01,3722.19,No
8218-O887,Male,0,No,No,48,Yes,No phone service,No,Yes,No internet service,No,Yes,Yes,No internet service,Two year,No,Mailed check,108.27,5184.41,No
5616-Y491,Female,0,Yes,No,26,Yes,No phone service,Fiber optic,Yes,No,No,No,No internet service,No internet service,Two year,Yes,Mailed check,101.14,2636.84,No
9239-Q528,Male,0,Yes,No,63,Yes,Yes,No,No,No internet service,No,Yes,No internet service,No,One year,No,Bank transfer (automatic),79.32,4992.04,No
3655-G920,Male,1,No,Yes,36,Yes,No phone service,No,No internet service,No,No,Yes,No,No internet service,One year,No,Mailed check,21.48,780.93,No
3267-I153,Male,0,No,No,24,Yes,No phone service,No,No,No,No,Yes,No internet service,Yes,Month-to-month,Yes,Mailed check,93.58,2260.24,No
8873-L667,Female,0,Yes,No,21,Yes,No,DSL,Yes,No internet service,No internet service,No internet service,Yes,No internet service,Two year,No,Electronic check,116.23,2438.16,No
2680-W966,Male,0,Yes,No,18,Yes,No phone service,Fiber optic,No internet service,No,No,No,No internet service,Yes,One year,No,Mailed check,48.96,885.84,No
9452-D391,Male,0,No,Yes,15,Yes,Yes,No,No internet service,No,No internet service,Yes,No internet service,Yes,Month-to-month,No,Credit card (automatic),79.24,1184.14,No
2374-Y264,Female,0,No,No,6,Yes,No phone service,Fiber optic,No,Yes,No internet service,No,No,No internet service,One year,No,Credit card (automatic),95.5,573.74,No
5469-O625,Male,0,Yes,No,43,Yes,Yes,Fiber optic,No,No,No internet service,No internet service,No internet service,Yes,Month-to-month,No,Mailed check,82.48,3545.36,No
3414-N193,Male,0,Yes,Yes,31,No,Yes,DSL,No internet service,No,No,Yes,Yes,Yes,One year,No,Bank transfer (automatic),110.97,3449.67,No
4637-O457,Female,0,Yes,No,28,Yes,No,Fiber optic,No internet service,No internet service,Yes,Yes,Yes,Yes,Two year,No,Mailed check,65.82,1837.51,No
1436-N154,Male,0,No,Yes,8,Yes,Yes,No,No,Yes,Yes,Yes,Yes,No internet service,One year,Yes,Electronic check,71.7,566.86,No
7495-Q482,Male,1,Yes,Yes,29,Yes,Yes,No,Yes,No,No,No,Yes,No internet service,Two year,Yes,Credit card (automatic),22.09,638.64,No
4862-M183,Male,0,No,No,21,Yes,No,Fiber optic,No internet service,No,No,No,No,Yes,Two year,No,Electronic check,108.72,2289.75,No
7142-H128,Female,1,Yes,Yes,58,Yes,Yes,Fiber optic,Yes,No,No,Yes,No,No,Month-to-month,Yes,Bank transfer (automatic),44.61,2579.39,No
6221-D959,Female,0,No,No,60,Yes,No,DSL,No,No internet service,No internet service,No,Yes,Yes,Month-to-month,No,Electronic check,116.58,6982.97,No
6493-Z249,Female,0,No,No,50,No,Yes,No,No internet service,No internet service,Yes,No,Yes,No internet service,Month-to-month,No,Bank transfer (automatic),38.56,1939.75,No
3254-B393,Male,0,No,No,31,Yes,No phone service,Fiber optic,No,Yes,Yes,Yes,No internet service,Yes,Two year,Yes,Credit card (automatic),43.72,1333.09,No
8740-W951,Male,0,No,No,47,Yes,No,Fiber optic,No internet service,No,Yes,Yes,No internet service,Yes,Month-to-month,Yes,Electronic check,66.95,3133.63,No
3273-Y822,Female,0,Yes,Yes,34,Yes,No,No,No internet service,Yes,Yes,Yes,No internet service,No internet service,One year,No,Electronic check,84.63,2899.08,No
8685-O730,Male,0,No,No,2,Yes,Yes,Fiber optic,No,No internet service,No internet service,No internet service,No internet service,No internet service,Month-to-month,Yes,Mailed check,62.54,107.56,No
1086-C119,Male,0,No,No,67,Yes,No,DSL,No,No,No,Yes,No internet service,No,One year,Yes,Bank transfer (automatic),53.61,3587.49,No
5193-G955,Female,1,No,No,72,Yes,Yes,Fiber optic,Yes,No,No internet service,Yes,Yes,Yes,Month-to-month,Yes,Mailed check,72.53,5215.67,No
3449-R844,Female,0,Yes,Yes,52,Yes,No,Fiber optic,No,Yes,No,Yes,No internet service,Yes,Month-to-month,No,Bank transfer (automatic),114.56,5934.18,No
9647-N213,Male,0,Yes,Yes,7,Yes,No,DSL,No,No,No,Yes,No internet service,Yes,Month-to-month,No,Mailed check,114.93,794.48,No
5720-H408,Male,0,Yes,No,19,No,No phone service,DSL,Yes,No internet service,Yes,Yes,No internet service,No,Month-to-month,Yes,Credit card (automatic),51.22,975.83,No
2996-B344,Male,0,Yes,Yes,15,Yes,Yes,DSL,No,Yes,Yes,Yes,No,No,Month-to-month,No,Electronic check,86.61,1306.7,No
7878-U912,Female,0,Yes,Yes,48,Yes,No phone service,No,Yes,Yes,No,Yes,No,Yes,Two year,No,Mailed check,90.8,4369.43,No
8489-C213,Female,0,Yes,No,14,Yes,No,Fiber optic,Yes,No,No,Yes,No,No internet service,Month-to-month,Yes,Electronic check,83.92,1171.14,Yes
9189-T648,Female,0,No,No,3,Yes,Yes,Fiber optic,No,No internet service,Yes,No internet service,Yes,Yes,One year,No,Bank transfer (automatic),29.61,70.33,No
1269-U627,Female,0,No,No,50,Yes,No phone service,DSL,Yes,No,Yes,No,No,Yes,Two year,Yes,Bank transfer (automatic),72.47,3624.02,No
4963-W247,Male,0,No,No,54,Yes,No,No,Yes,Yes,Yes,No internet service,No internet service,Yes,One year,Yes,Credit card (automatic),94.96,5141.58,No
5772-N101,Female,0,Yes,No,6,Yes,No phone service,DSL,Yes,Yes,Yes,No internet service,No internet service,No internet service,Month-to-month,Yes,Credit card (automatic),38.43,245.84,No
6780-H684,Female,1,No,Yes,49,Yes,No,Fiber optic,No,No internet service,Yes,Yes,No internet service,No,Two year,No,Electronic check,53.24,2618.58,No
7825-F780,Female,1,No,No,23,No,No,No,No,Yes,No internet service,Yes,Yes,No,Month-to-month,No,Mailed check,38.73,877.16,No
2402-Q469,Female,0,Yes,No,20,No,Yes,No,Yes,No internet service,No internet service,Yes,No,Yes,Month-to-month,No,Credit card (automatic),107.39,2145.85,No
2108-Q657,Female,0,No,No,60,Yes,Yes,Fiber optic,No,No,No internet service,Yes,No,Yes,Month-to-month,No,Electronic check,104.53,6274.1,No
9312-Z619,Male,0,Yes,No,45,Yes,Yes,No,No internet service,No internet service,Yes,No,No internet service,Yes,Month-to-month,No,Mailed check,35.25,1590.17,No
1333-M994,Male,0,No,No,61,Yes,No,No,Yes,No,No,No,No internet service,No internet service,One year,Yes,Credit card (automatic),94.69,5758.3,No
8702-B750,Female,0,Yes,Yes,56,Yes,No phone service,DSL,No internet service,No,No,No internet service,No,Yes,One year,Yes,Electronic check,54.83,3091.04,No
7338-L359,Male,0,Yes,No,2,Yes,Yes,No,No,Yes,Yes,No,No,No internet service,Month-to-month,No,Electronic check,87.21,187.62,Yes
1266-L907,Female,0,Yes,Yes,45,Yes,Yes,DSL,No internet service,No,No internet service,No internet service,No internet service,Yes,Month-to-month,No,Credit card (automatic),67.83,3052.32,No
2106-L346,Female,0,No,No,40,Yes,Yes,No,No,Yes,No,Yes,No,Yes,Month-to-month,No,Credit card (automatic),65.68,2628.48,No
2698-Y695,Male,0,No,No,24,Yes,Yes,DSL,No,No internet service,Yes,No internet service,No,Yes,Month-to-month,Yes,Credit card (automatic),106.82,2558.68,No
6447-E145,Male,1,Yes,No,29,Yes,No,DSL,Yes,No internet service,No internet service,No internet service,Yes,No,Month-to-month,No,Bank transfer (automatic),82.26,2397.9,No
6772-R446,Female,0,Yes,Yes,67,Yes,No phone service,No,No internet service,No,No internet service,No,No internet service,Yes,Month-to-month,No,Mailed check,41.94,2798.41,No
3868-Y801,Female,0,No,No,68,Yes,No,DSL,Yes,No internet service,No internet service,No internet service,No,Yes,One year,No,Credit card (automatic),29.38,1998.98,No
8612-W590,Female,1,No,No,66,Yes,No,Fiber optic,No internet service,No,No internet service,Yes,Yes,Yes,One year,No,Mailed check,112.06,7387.59,No
3986-Z238,Male,1,Yes,No,54,Yes,No,Fiber optic,No,No internet service,No internet service,Yes,Yes,Yes,Month-to-month,Yes,Electronic check,33.67,,No
2033-W894,Female,0,No,No,53,Yes,Yes,No,No,No,No internet service,Yes,Yes,No internet service,Two year,No,Mailed check,92.02,4888.75,No
8498-B400,Female,0,No,No,49,Yes,No phone service,No,Yes,No,No internet service,Yes,Yes,No internet service,Month-to-month,No,Credit card (automatic),68.08,3329.49,No
4302-B910,Female,0,No,No,32,Yes,No,No,No internet service,No internet service,No internet service,No,Yes,Yes,One year,No,Electronic check,32.33,1036.37,No
4268-B423,Male,1,Yes,No,61,Yes,No,Fiber optic,No internet service,No internet service,No internet service,No internet service,Yes,No internet service,Month-to-month,Yes,Credit card (automatic),96.3,5873.02,No
6080-Q507,Female,1,Yes,Yes,42,Yes,No,No,No,No internet service,No internet service,No internet service,Yes,Yes,One year,No,Credit card (automatic),109.15,4576.96,No
9897-P359,Female,0,No,No,1,No,Yes,No,Yes,No internet service,Yes,No internet service,No internet service,Yes,Month-to-month,Yes,Electronic check,30.46,24.28,No
1599-Y762,Male,0,Yes,No,63,Yes,Yes,DSL,No,No,No,No internet service,No internet service,No internet service,One year,No,Mailed check,24.99,1568.3,No
4131-J465,Female,0,No,No,35,Yes,No,No,No,No,Yes,Yes,No internet service,No internet service,Month-to-month,No,Mailed check,103.66,3610.05,No
1783-U439,Female,0,No,Yes,51,Yes,Yes,Fiber optic,Yes,No internet service,No,No,Yes,Yes,Month-to-month,No,Electronic check,68.6,3497.03,No
5476-D918,Male,0,Yes,Yes,71,Yes,No phone service,Fiber optic,No internet service,No internet service,Yes,No internet service,No,No,One year,No,Credit card (automatic),86.04,6109.62,No
7029-N509,Female,1,Yes,No,45,Yes,Yes,No,No internet service,Yes,No,No internet service,Yes,Yes,One year,No,Mailed check,62.62,2802.74,No
8204-M447,Male,0,Yes,Yes,65,Yes,No,Fiber optic,No,No,No,No,No internet service,Yes,Month-to-month,Yes,Mailed check,59.7,3875.97,No
4060-P808,Male,1,No,No,14,Yes,No phone service,DSL,No internet service,No,No,No internet service,No internet service,No,Month-to-month,No,Credit card (automatic),48.37,674.92,No
9151-L916,Female,1,No,No,3,Yes,Yes,DSL,Yes,No internet service,Yes,No,Yes,No internet service,Month-to-month,Yes,Mailed check,74.82,232.54,No
9507-I920,Female,0,Yes,Yes,24,Yes,No,No,No internet service,Yes,No,No internet service,No internet service,No,Month-to-month,No,Mailed check,34.31,840.69,No
2353-X534,Female,0,Yes,No,65,Yes,No phone service,No,No internet service,No internet service,No internet service,No,No,Yes,Month-to-month,No,Bank transfer (automatic),90.33,5875.38,No
2293-N716,Female,0,Yes,Yes,48,Yes,No phone service,DSL,No,No,No,No internet service,No,No internet service,Month-to-month,No,Bank transfer (automatic),73.47,3512.79,No
3956-R400,Male,0,No,Yes,10,Yes,No phone service,DSL,No internet service,No,Yes,Yes,No,No,One year,No,Electronic check,103.43,1025.05,No
6262-D181,Female,0,No,Yes,13,Yes,Yes,No,Yes,Yes,Yes,No internet service,Yes,No,Month-to-month,No,Electronic check,110.81,1441.26,No
6372-V402,Male,0,No,No,14,No,No phone service,Fiber optic,No,No internet service,No internet service,Yes,No internet service,Yes,One year,No,Credit card (automatic),108.76,1518.12,No
6021-O717,Female,0,Yes,No,10,No,Yes,No,Yes,Yes,No,No,No internet service,No,One year,Yes,Bank transfer (automatic),78.67,786.3,No
7981-F806,Female,0,Yes,No,40,Yes,No,No,No internet service,No internet service,Yes,Yes,No,Yes,One year,No,Electronic check,50.28,2019.48,No
8272-L557,Female,0,No,No,23,Yes,Yes,No,No internet service,Yes,No,No internet service,No internet service,No internet service,Month-to-month,No,Bank transfer (automatic),54.15,1243.73,No
1693-X990,Male,0,Yes,No,55,Yes,Yes,No,No,No internet service,No internet service,Yes,Yes,No,Two year,Yes,Electronic check,83.83,4635.12,No
6776-T545,Female,0,Yes,No,63,No,No,No,Yes,No internet service,No internet service,Yes,No,No internet service,One year,No,Mailed check,89.8,5641.62,No
5498-U910,Female,0,Yes,No,71,Yes,Yes,No,No internet service,No internet service,Yes,No internet service,Yes,No internet service,Month-to-month,No,Mailed check,34.46,2452.05,No
1939-C787,Female,0,Yes,Yes,42,Yes,Yes,No,No internet service,No,No,No,Yes,Yes,Two year,No,Credit card (automatic),118.54,4962.0,No
7655-L625,Female,0,No,No,66,Yes,No,Fiber optic,No,No internet service,No internet service,Yes,No internet service,No,Month-to-month,Yes,Bank transfer (automatic),29.05,1908.77,No
3621-A246,Male,0,Yes,No,47,Yes,No phone service,No,No internet service,No,No internet service,No internet service,Yes,No internet service,One year,Yes,Bank transfer (automatic),79.26,3733.63,No
8179-B229,Female,0,No,No,52,Yes,No,DSL,No internet service,Yes,Yes,Yes,No,No,Month-to-month,No,Bank transfer (automatic),71.62,3703.63,No
2101-H897,Male,0,No,Yes,18,Yes,No phone service,No,No internet service,No internet service,No internet service,No,Yes,No,Two year,No,Bank transfer (automatic),77.64,1400.49,No
7001-L492,Male,0,Yes,Yes,18,Yes,Yes,Fiber optic,Yes,No,Yes,No,No internet service,No,One year,No,Mailed check,71.89,1281.58,No
1530-T257,Male,1,No,Yes,24,Yes,No,DSL,Yes,Yes,No internet service,No,Yes,No,Month-to-month,No,Mailed check,24.07,576.98,No
8371-L480,Male,0,No,No,23,Yes,No phone service,No,Yes,No internet service,No internet service,Yes,Yes,No internet service,One year,Yes,Bank transfer (automatic),118.34,2715.52,No
8273-Y178,Male,0,Yes,Yes,12,Yes,Yes,No,No internet service,Yes,Yes,No internet service,No internet service,No,One year,No,Credit card (automatic),116.87,1402.58,No
3255-Q475,Male,0,No,Yes,23,Yes,Yes,DSL,No,No,Yes,No,No internet service,Yes,Month-to-month,Yes,Bank transfer (automatic),70.95,1635.83,No
7521-K765,Female,0,No,No,21,Yes,Yes,No,No,No,No,No internet service,No internet service,Yes,Two year,Yes,Electronic check,39.19,833.58,No
5566-H216,Male,0,No,No,64,Yes,No phone service,Fiber optic,No,No internet service,No internet service,No,No internet service,No,Month-to-month,Yes,Mailed check,36.64,2346.35,No
1424-X290,Male,0,No,No,72,Yes,No phone service,No,Yes,No,No,Yes,No internet service,No,Two year,Yes,Mailed check,23.98,1732.72,No
9176-Q496,Male,0,No,Yes,34,Yes,No phone service,Fiber optic,Yes,No,No,Yes,No internet service,Yes,One year,Yes,Bank transfer (automatic),79.74,2710.49,No
2929-I893,Female,0,No,No,2,Yes,Yes,No,Yes,Yes,Yes,No,No internet service,No,Month-to-month,No,Electronic check,66.31,119.19,No
5264-W556,Female,0,No,No,69,Yes,No phone service,DSL,Yes,No internet service,No internet service,No internet service,Yes,No internet service,Month-to-month,No,Credit card (automatic),60.09,4134.82,No
4515-T392,Male,0,No,No,31,Yes,No,Fiber optic,No internet service,No internet service,Yes,No internet service,Yes,No,Month-to-month,No,Mailed check,71.03,2216.85,No
9047-G225,Female,0,Yes,No,68,Yes,No phone service,No,No,No internet service,No internet service,No,Yes,No,Two year,No,Electronic check,105.97,7193.75,No
3223-C562,Male,1,Yes,No,70,Yes,No phone service,No,No,Yes,Yes,Yes,No,No internet service,Month-to-month,Yes,Electronic check,25.36,1777.11,No
3828-W555,Male,0,Yes,No,19,Yes,Yes,DSL,Yes,No,No internet service,No internet service,No internet service,No,Month-to-month,No,Mailed check,72.93,1387.41,No
2438-Z798,Female,0,No,Yes,72,Yes,No,DSL,No,No internet service,No,No internet service,Yes,No internet service,Month-to-month,No,Mailed check,88.7,6387.58,No
6236-V455,Male,0,No,No,13,Yes,No,Fiber optic,No,No internet service,No internet service,Yes,No internet service,No internet service,Month-to-month,No,Electronic check,115.8,1515.63,No
2063-R655,Female,0,No,Yes,65,Yes,No,Fiber optic,Yes,Yes,No internet service,No internet service,No,Yes,Month-to-month,Yes,Credit card (automatic),92.59,6011.9,No
5757-J971,Female,0,Yes,Yes,6,Yes,No phone service,Fiber optic,Yes,Yes,Yes,No,No internet service,Yes,Month-to-month,No,Electronic check,73.34,437.92,No
3580-W826,Male,0,Yes,No,71,Yes,Yes,No,Yes,No internet service,No internet service,Yes,Yes,No,Two year,No,Mailed check,95.31,6763.6,No
3852-Z470,Male,0,Yes,Yes,27,Yes,No phone service,No,Yes,No internet service,No internet service,No,No,Yes,One year,No,Bank transfer (automatic),118.45,3175.49,No
9335-H224,Female,0,No,Yes,52,Yes,Yes,Fiber optic,No internet service,Yes,No internet service,Yes,No internet service,No,Two year,Yes,Credit card (automatic),107.57,5586.03,No
4292-Z242,Male,0,Yes,Yes,48,No,No,No,No,Yes,No internet service,No,No,No,One year,Yes,Electronic check,27.2,1316.26,No
4878-Z605,Male,0,Yes,No,68,Yes,No phone service,DSL,No internet service,Yes,No,No,No internet service,Yes,Month-to-month,No,Mailed check,76.02,5189.6,No
1430-L667,Male,1,No,Yes,44,Yes,Yes,No,No,Yes,Yes,No,No,Yes,Two year,No,Electronic check,97.29,4290.26,No
7044-O922,Female,0,Yes,Yes,17,Yes,No phone service,Fiber optic,No internet service,No,No internet service,No internet service,Yes,No,Month-to-month,No,Credit card (automatic),85.77,1461.98,No
3126-T188,Female,0,No,Yes,38,Yes,Yes,No,Yes,No,Yes,No internet service,No internet service,No,Month-to-month,Yes,Credit card (automatic),60.16,2272.33,No
2077-J507,Male,0,Yes,Yes,10,No,No,DSL,No internet service,No internet service,No,No,No internet service,No,Month-to-month,No,Credit card (automatic),50.66,508.45,No
8842-Q520,Female,0,No,No,54,Yes,No phone service,Fiber optic,Yes,No,No,No,No internet service,No internet service,Month-to-month,Yes,Credit card (automatic),81.26,4389.03,No
7708-S175,Female,0,No,No,6,Yes,No,Fiber optic,Yes,Yes,No internet service,Yes,Yes,No,Month-to-month,No,Credit card (automatic),59.69,381.55,No
3053-K757,Female,0,No,Yes,6,Yes,No phone service,Fiber optic,No internet service,No internet service,Yes,No internet service,No,No,One year,Yes,Mailed check,57.65,328.43,No
2215-O577,Female,0,No,No,52,Yes,No phone service,Fiber optic,No,Yes,Yes,No,Yes,No,Two year,No,Electronic check,102.34,5309.17,No
9476-L231,Female,0,No,No,15,Yes,Yes,No,No internet service,No,Yes,No internet service,No,Yes,One year,Yes,Electronic check,49.97,761.67,No
3981-Y232,Male,0,Yes,Yes,68,Yes,Yes,DSL,Yes,Yes,No,Yes,No internet service,Yes,Month-to-month,Yes,Bank transfer (automatic),83.06,5663.53,No
8088-Q989,Male,0,No,No,57,Yes,Yes,No,Yes,No internet service,No,No,No,No internet service,One year,Yes,Credit card (automatic),106.03,6047.02,No
1907-D630,Male,1,No,No,56,Yes,No,No,No,No,No internet service,No internet service,No,No,Two year,No,Electronic check,80.74,4517.79,No
3507-J268,Female,0,No,Yes,7,Yes,No,Fiber optic,No,No internet service,Yes,Yes,No internet service,No,Month-to-month,Yes,Credit card (automatic),67.78,480.19,No
3653-K826,Female,0,No,Yes,51,Yes,No phone service,DSL,No,No,Yes,No,No internet service,No,Month-to-month,No,Electronic check,21.8,1133.58,No
4694-L631,Male,0,Yes,No,58,Yes,Yes,No,Yes,Yes,No,No internet service,No,No,Month-to-month,No,Electronic check,86.75,,No
5653-C356,Female,0,No,No,64,Yes,No,DSL,No internet service,No internet service,No internet service,Yes,No internet service,No,Month-to-month,Yes,Mailed check,118.5,7588.65,No
4216-U664,Male,0,Yes,No,26,Yes,No phone service,DSL,No,No,No internet service,Yes,No internet service,No,One year,Yes,Mailed check,99.5,2584.98,No
5496-E740,Male,0,No,No,58,Yes,No,DSL,Yes,No,No internet service,No internet service,No,Yes,One year,Yes,Mailed check,82.01,4760.27,No
5961-T646,Male,0,No,Yes,31,Yes,No phone service,DSL,No internet service,No,No,No,Yes,No internet service,Month-to-month,No,Credit card (automatic),65.4,2035.19,No
2530-Q756,Female,0,Yes,Yes,66,Yes,Yes,No,No,No,Yes,No internet service,Yes,Yes,One year,No,Credit card (automatic),40.79,2686.27,No
3762-S694,Female,0,Yes,Yes,13,Yes,No phone service,DSL,No internet service,Yes,No internet service,Yes,No internet service,Yes,One year,Yes,Mailed check,87.81,1151.34,No
3526-F774,Male,0,Yes,Yes,18,Yes,No phone service,No,No internet service,Yes,No internet service,Yes,No,Yes,One year,No,Electronic check,36.07,644.34,No
6531-S142,Male,0,No,Yes,13,No,Yes,DSL,Yes,No,Yes,No,No internet service,No internet service,Month-to-month,Yes,Credit card (automatic),107.4,1401.93,No
1464-C146,Male,0,Yes,No,24,Yes,Yes,DSL,Yes,Yes,No internet service,No internet service,Yes,No,Month-to-month,Yes,Credit card (automatic),53.83,1272.49,No
5336-U315,Male,0,No,No,57,Yes,No phone service,No,Yes,Yes,No,No,Yes,No internet service,Month-to-month,No,Bank transfer (automatic),58.43,3338.14,No
7825-T754,Female,0,Yes,Yes,29,Yes,No,Fiber optic,No internet service,No,No internet service,No,No,Yes,Two year,Yes,Electronic check,39.96,1149.97,No
1496-P742,Female,1,Yes,Yes,56,Yes,Yes,No,No,Yes,Yes,Yes,No,Yes,One year,Yes,Electronic check,66.66,3727.96,No
9938-J757,Male,1,No,Yes,54,No,No phone service,DSL,No,No internet service,No,No internet service,Yes,Yes,Month-to-month,No,Bank transfer (automatic),86.64,4655.99,No
5949-P350,Male,1,Yes,No,5,No,Yes,No,No,No internet service,No internet service,No internet service,No,Yes,Month-to-month,No,Bank transfer (automatic),48.68,241.15,No
7653-J564,Female,0,Yes,No,35,Yes,Yes,DSL,Yes,Yes,Yes,Yes,Yes,No,One year,Yes,Bank transfer (automatic),88.78,3120.58,No
2195-W161,Female,0,No,No,19,Yes,No,No,No,No,Yes,Yes,No internet service,Yes,Month-to-month,No,Bank transfer (automatic),80.62,1516.12,No
3589-O525,Male,0,No,Yes,55,Yes,Yes,No,No,No internet service,Yes,No internet service,Yes,Yes,Month-to-month,Yes,Bank transfer (automatic),55.68,3064.35,No
8933-O308,Male,0,No,Yes,69,Yes,No phone service,No,Yes,Yes,Yes,No,Yes,No,Month-to-month,No,Bank transfer (automatic),49.69,3408.21,No
6573-T247,Male,0,Yes,Yes,44,Yes,No phone service,Fiber optic,No,Yes,No internet service,No,No,Yes,Month-to-month,Yes,Credit card (automatic),104.81,4610.14,No
6121-W426,Female,1,Yes,Yes,38,Yes,Yes,No,No,No,No internet service,No internet service,No,No,Month-to-month,No,Credit card (automatic),19.45,747.68,No
6658-M233,Female,1,Yes,Yes,62,Yes,Yes,No,No,No,No,No,No,No internet service,Month-to-month,No,Credit card (automatic),90.2,5591.31,No
7070-Q675,Female,0,Yes,No,22,Yes,No,Fiber optic,No internet service,Yes,No,No,No internet service,No,One year,No,Mailed check,60.18,1331.77,No
2739-K347,Male,0,Yes,Yes,40,Yes,No,Fiber optic,No internet service,No,Yes,Yes,No,Yes,Two year,Yes,Bank transfer (automatic),90.38,3610.18,No
8642-D373,Male,0,No,No,26,No,No,DSL,Yes,No internet service,Yes,No,No internet service,No,Month-to-month,No,Bank transfer (automatic),69.26,1826.6,No
8366-H244,Female,1,Yes,No,5,No,No phone service,DSL,Yes,No internet service,No,Yes,No,Yes,Month-to-month,Yes,Bank transfer (automatic),26.68,144.41,No
2586-B397,Female,1,No,No,54,Yes,No,No,No internet service,Yes,No internet service,No,No,Yes,Month-to-month,Yes,Bank transfer (automatic),116.95,6317.39,No
7293-T528,Male,0,Yes,No,49,Yes,No phone service,DSL,Yes,Yes,No internet service,No internet service,Yes,No internet service,Month-to-month,Yes,Credit card (automatic),26.9,1335.22,No
5067-F933,Female,0,No,No,3,Yes,No,No,Yes,No,No internet service,Yes,Yes,Yes,One year,Yes,Bank transfer (automatic),34.17,116.46,No
6364-S838,Female,1,Yes,Yes,38,Yes,No phone service,Fiber optic,No,No internet service,Yes,No internet service,Yes,Yes,Month-to-month,No,Mailed check,60.49,2293.25,No
6123-G881,Male,0,Yes,Yes,14,Yes,Yes,Fiber optic,Yes,No,No,Yes,No internet service,Yes,Month-to-month,Yes,Credit card (automatic),113.18,1589.53,No
3610-P627,Female,0,No,Yes,47,Yes,No phone service,No,Yes,Yes,No,No,No,No,One year,No,Credit card (automatic),47.7,2238.94,No
8648-P415,Male,1,Yes,No,14,No,Yes,DSL,No,Yes,No,No internet service,Yes,Yes,One year,Yes,Credit card (automatic),75.4,1064.79,No
9148-A192,Male,0,No,No,38,Yes,No phone service,DSL,No,Yes,No internet service,Yes,No,Yes,Month-to-month,No,Mailed check,70.65,2700.42,No
7442-Q568,Male,0,Yes,No,64,Yes,No phone service,DSL,No internet service,Yes,No,No internet service,Yes,Yes,Month-to-month,No,Credit card (automatic),51.43,3276.72,No
4944-G697,Male,0,Yes,No,44,Yes,Yes,No,Yes,Yes,No,No internet service,No,No internet service,Month-to-month,Yes,Mailed check,88.23,3883.31,No
6781-B151,Male,0,No,No,70,Yes,No phone service,DSL,No,Yes,No internet service,No,Yes,No internet service,Month-to-month,No,Electronic check,68.65,4820.12,No
5609-P711,Male,1,Yes,No,65,Yes,No phone service,Fiber optic,Yes,No,Yes,Yes,Yes,No,Month-to-month,Yes,Bank transfer (automatic),76.37,4971.65,No
8710-J649,Male,0,No,Yes,25,Yes,No,Fiber optic,Yes,No,Yes,No,Yes,No internet service,One year,No,Mailed check,39.37,988.53,No
1133-D541,Female,1,Yes,No,16,No,Yes,Fiber optic,No internet service,No,No internet service,No internet service,Yes,No internet service,Month-to-month,Yes,Bank transfer (automatic),111.37,1792.67,No
3194-I844,Male,0,Yes,No,15,Yes,Yes,Fiber optic,No internet service,No internet service,No,Yes,Yes,No,Two year,Yes,Bank transfer (automatic),29.36,427.02,No
6992-Y512,Male,0,Yes,Yes,3,Yes,No,Fiber optic,No internet service,No,Yes,No internet service,No,No internet service,One year,Yes,Credit card (automatic),87.62,268.54,No
6995-B510,Female,0,Yes,No,67,Yes,No,Fiber optic,No internet service,Yes,Yes,No internet service,Yes,Yes,Month-to-month,No,Credit card (automatic),107.28,7200.1,No
1838-S675,Female,0,Yes,Yes,37,Yes,Yes,Fiber optic,No internet service,No,Yes,Yes,No,Yes,Month-to-month,No,Mailed check,26.69,993.22,No
4189-L666,Female,0,Yes,Yes,55,Yes,Yes,Fiber optic,No,No,No internet service,No internet service,Yes,Yes,One year,No,Mailed check,21.14,1150.51,No
5728-C495,Male,0,Yes,Yes,38,Yes,Yes,Fiber optic,No internet service,No internet service,Yes,Yes,No,No internet service,Month-to-month,No,Credit card (automatic),51.73,1961.97,No
9261-O882,Female,0,No,No,63,Yes,No,No,No,Yes,No,Yes,Yes,No,Month-to-month,Yes,Bank transfer (automatic),97.64,6151.43,No
5582-T796,Male,0,Yes,Yes,1,Yes,No,No,No internet service,No internet service,No internet service,Yes,Yes,No internet service,Month-to-month,No,Credit card (automatic),90.35,82.16,No
2946-E199,Male,0,Yes,Yes,71,Yes,No phone service,Fiber optic,No,No internet service,No internet service,No internet service,Yes,No,One year,No,Bank transfer (automatic),100.88,7153.47,No
7453-L913,Male,0,Yes,No,19,Yes,No,Fiber optic,Yes,No internet service,Yes,No,No internet service,Yes,Month-to-month,No,Electronic check,58.2,1110.71,No
6555-R474,Male,0,No,Yes,52,Yes,No phone service,Fiber optic,No internet service,No,No,No internet service,No,No,Month-to-month,No,Mailed check,118.12,6158.71,No
3363-G716,Female,0,No,No,30,Yes,No phone service,DSL,No,Yes,No internet service,No internet service,No,Yes,Two year,Yes,Credit card (automatic),55.04,1632.35,No
9341-M612,Female,0,Yes,No,55,Yes,No,No,No internet service,Yes,Yes,Yes,Yes,No internet service,One year,No,Bank transfer (automatic),99.19,5450.62,No
1659-B139,Male,0,Yes,Yes,14,Yes,No,Fiber optic,No,No internet service,No,No,Yes,No internet service,One year,No,Electronic check,53.51,741.92,No
3245-W441,Male,0,Yes,No,13,Yes,No,No,No,Yes,No,Yes,Yes,No,One year,Yes,Bank transfer (automatic),40.2,537.61,No
8761-Q567,Male,0,No,No,27,Yes,No,Fiber optic,No internet service,Yes,No internet service,No internet service,No internet service,No internet service,Month-to-month,No,Mailed check,52.09,1413.66,No
3440-T627,Female,1,Yes,Yes,9,Yes,Yes,DSL,No,No internet service,Yes,No,Yes,No,Two year,Yes,Credit card (automatic),37.61,352.41,No
3290-K727,Male,0,No,Yes,41,Yes,No,Fiber optic,Yes,No,No,Yes,Yes,No internet service,Month-to-month,No,Bank transfer (automatic),31.23,1289.29,No
6218-F502,Male,0,Yes,Yes,48,Yes,No phone service,No,No internet service,No internet service,No internet service,No internet service,No,No internet service,One year,No,Mailed check,54.83,2643.65,No
5902-S444,Female,0,No,Yes,12,Yes,No phone service,No,Yes,No internet service,No internet service,No internet service,No internet service,No internet service,Month-to-month,No,Credit card (automatic),33.0,398.87,No
9311-Q645,Female,0,No,No,10,Yes,Yes,No,No,No,No internet service,No,No,No,Two year,Yes,Electronic check,68.73,692.06,No
9025-W676,Male,0,Yes,Yes,6,Yes,Yes,No,No,No,No internet service,No internet service,No internet service,No,One year,Yes,Bank transfer (automatic),21.81,136.11,No
5911-P935,Female,0,Yes,Yes,34,Yes,No,Fiber optic,No internet service,No,No internet service,No internet service,No internet service,No,One year,Yes,Credit card (automatic),61.6,2094.73,No
1272-L439,Female,0,Yes,Yes,52,Yes,Yes,DSL,Yes,No,No,No internet service,No,No internet service,Two year,No,Credit card (automatic),114.53,5955.61,No
2795-N697,Male,1,Yes,No,41,Yes,No,DSL,Yes,No internet service,No internet service,No internet service,No,Yes,Two year,No,Credit card (automatic),54.31,2231.46,No
6040-Z842,Female,0,Yes,No,6,Yes,No,Fiber optic,No internet service,No,Yes,No,No internet service,No,Month-to-month,Yes,Mailed check,32.08,196.98,No
1436-T585,Male,0,Yes,No,2,Yes,Yes,Fiber optic,Yes,Yes,Yes,No internet service,No internet service,Yes,Month-to-month,No,Electronic check,48.92,99.95,No
5350-U901,Female,0,Yes,No,15,Yes,Yes,No,No internet service,No internet service,No,No internet service,Yes,No,One year,Yes,Electronic check,97.77,1468.36,No
4728-X152,Male,0,No,No,17,Yes,No phone service,Fiber optic,No internet service,No internet service,No internet service,No internet service,Yes,No,Two year,Yes,Mailed check,49.77,853.21,No
8871-F636,Male,0,Yes,Yes,16,Yes,Yes,DSL,No,No,No internet service,No,No,Yes,Month-to-month,No,Bank transfer (automatic),56.79,907.36,No
7229-E941,Male,0,Yes,No,28,Yes,Yes,Fiber optic,No,No,No,No,No internet service,Yes,Month-to-month,No,Mailed check,97.52,2718.35,No
4968-B686,Female,0,No,No,72,Yes,Yes,Fiber optic,Yes,Yes,No internet service,Yes,No,No internet service,One year,Yes,Electronic check,44.44,3201.74,No
2800-G119,Male,1,Yes,No,10,Yes,No phone service,DSL,No internet service,No,No internet service,No,Yes,Yes,Month-to-month,Yes,Mailed check,66.32,654.22,No
8225-K528,Female,0,Yes,Yes,10,No,No,DSL,No internet service,No internet service,Yes,No internet service,Yes,No,One year,No,Electronic check,24.6,256.39,No
3481-N807,Male,1,Yes,Yes,10,No,No phone service,Fiber optic,No internet service,No,No internet service,No,Yes,Yes,Month-to-month,No,Electronic check,35.74,351.53,No
4340-N613,Male,0,Yes,No,28,Yes,Yes,No,No internet service,Yes,No,No,No internet service,Yes,One year,Yes,Electronic check,39.3,1095.4,No
8726-X844,Female,0,No,Yes,24,Yes,Yes,No,No,No internet service,Yes,No,No,Yes,Two year,No,Electronic check,64.84,1560.31,No
2020-W241,Male,0,No,No,19,Yes,Yes,No,Yes,No internet service,No,No internet service,No internet service,Yes,Month-to-month,Yes,Bank transfer (automatic),100.76,1914.32,No
9498-G674,Male,1,Yes,Yes,68,Yes,No,DSL,No,No,No,Yes,No internet service,No internet service,Month-to-month,No,Electronic check,53.88,3675.66,No
6325-V589,Female,0,Yes,Yes,56,No,No phone service,DSL,No internet service,Yes,No internet service,Yes,Yes,No,One year,Yes,Credit card (automatic),56.49,3161.35,No
9609-M421,Male,0,No,No,67,Yes,No phone service,No,Yes,Yes,No internet service,Yes,Yes,No,Month-to-month,No,Credit card (automatic),48.5,3246.56,No
3837-O645,Male,0,Yes,Yes,42,Yes,No,Fiber optic,Yes,No,Yes,Yes,No,No,One year,No,Electronic check,50.46,2111.69,No
6608-R462,Male,0,No,No,12,Yes,No phone service,Fiber optic,No internet service,No internet service,No,No,No internet service,No internet service,Month-to-month,No,Electronic check,58.8,693.75,No
5331-T595,Male,0,No,No,18,Yes,No,Fiber optic,No internet service,No internet service,No,Yes,No,Yes,One year,No,Mailed check,108.64,1950.26,No
4150-H385,Female,0,No,No,23,Yes,No,DSL,No,No internet service,No internet service,No,No,No,Two year,No,Bank transfer (automatic),20.7,480.21,No
5890-H404,Female,0,Yes,Yes,6,Yes,No phone service,DSL,No,No,No,No,No,No,Month-to-month,Yes,Electronic check,81.02,498.96,No
5735-W312,Male,0,Yes,Yes,53,Yes,No phone service,No,No internet service,No internet service,No,Yes,No,Yes,Two year,No,Mailed check,107.46,5703.89,No
9011-K591,Female,0,Yes,No,42,Yes,No,Fiber optic,No internet service,No internet service,No,No internet service,Yes,No,Month-to-month,No,Electronic check,60.15,2520.6,No
6714-R914,Male,0,No,No,66,Yes,No phone service,DSL,No,No,No,Yes,No,Yes,One year,Yes,Bank transfer (automatic),83.67,5523.84,No
5480-J224,Female,0,Yes,Yes,30,Yes,No,DSL,Yes,No internet service,No,Yes,Yes,No internet service,Month-to-month,No,Bank transfer (automatic),77.11,2313.58,No
9899-M504,Male,1,Yes,No,9,Yes,No phone service,No,Yes,No,Yes,No,No,No,Month-to-month,Yes,Credit card (automatic),52.28,482.11,No
6654-Y923,Male,0,No,Yes,42,Yes,No phone service,Fiber optic,Yes,Yes,No,No,Yes,No,One year,No,Bank transfer (automatic),32.06,1359.67,No
3399-J143,Male,0,Yes,Yes,34,Yes,No phone service,DSL,No,Yes,No,Yes,No,Yes,Month-to-month,No,Credit card (automatic),40.32,1351.41,No
5712-W180,Male,0,Yes,Yes,40,Yes,No phone service,DSL,No internet service,No,Yes,Yes,No internet service,No internet service,Month-to-month,Yes,Bank transfer (automatic),24.02,974.73,No
6674-O771,Male,0,Yes,No,17,Yes,No phone service,DSL,Yes,No,No internet service,No internet service,No internet service,No,Month-to-month,Yes,Mailed check,95.11,1601.17,No
5201-X590,Male,0,No,No,29,No,Yes,DSL,No internet service,No,No internet service,No internet service,Yes,Yes,One year,No,Bank transfer (automatic),71.8,2084.93,No
4505-G947,Female,1,Yes,Yes,50,Yes,Yes,Fiber optic,No,No internet service,Yes,No internet service,Yes,No internet service,Month-to-month,No,Mailed check,97.21,4839.6,No
9824-I675,Male,0,No,No,49,No,No phone service,No,No,No internet service,Yes,No,No,Yes,Month-to-month,Yes,Credit card (automatic),47.41,2333.25,No
5450-E211,Female,0,No,No,61,Yes,No phone service,Fiber optic,No internet service,No,No internet service,No internet service,No internet service,No,One year,Yes,Mailed check,99.12,,No
4920-H151,Male,0,No,Yes,46,Yes,No phone service,No,No internet service,No,No,No,No,No,Month-to-month,No,Credit card (automatic),49.33,2275.95,No
9700-H753,Female,0,Yes,Yes,46,Yes,No,DSL,No internet service,No internet service,No,No,Yes,No,Month-to-month,No,Bank transfer (automatic),30.44,,No
4814-B202,Female,0,Yes,No,17,Yes,Yes,Fiber optic,No internet service,No internet service,Yes,Yes,No,Yes,One year,Yes,Mailed check,71.9,1232.01,No
7771-K834,Female,1,Yes,Yes,66,Yes,No,No,Yes,No,No,No internet service,No internet service,No internet service,One year,Yes,Mailed check,113.25,7457.83,No
8739-D797,Male,0,No,No,5,Yes,Yes,No,No internet service,No internet service,Yes,Yes,No internet service,No,Month-to-month,No,Credit card (automatic),59.9,305.6,No
3252-A663,Male,0,No,Yes,54,Yes,Yes,DSL,Yes,No internet service,No internet service,Yes,No internet service,No,One year,Yes,Bank transfer (automatic),70.05,3786.87,No
3587-N768,Female,0,Yes,Yes,16,Yes,No phone service,No,No,Yes,No,No,No internet service,Yes,Month-to-month,No,Electronic check,63.6,1021.35,No
8793-P766,Male,0,No,No,7,Yes,No phone service,No,Yes,No,No internet service,No internet service,No internet service,No,One year,No,Electronic check,64.22,454.68,No
4267-Y394,Female,0,Yes,No,8,Yes,No,No,No internet service,No,No,Yes,Yes,Yes,Month-to-month,Yes,Mailed check,39.79,329.67,No
6262-J761,Male,0,Yes,No,72,Yes,No,DSL,Yes,No internet service,No,No,No,No,Month-to-month,No,Credit card (automatic),60.71,4380.99,No
1969-Y191,Female,0,Yes,No,38,Yes,No phone service,Fiber optic,No,Yes,No,Yes,No,No internet service,Month-to-month,Yes,Credit card (automatic),68.19,2577.11,No
4804-R856,Female,0,Yes,No,54,Yes,No phone service,DSL,No internet service,No,Yes,No internet service,No,No,Two year,No,Credit card (automatic),93.11,5029.09,No
1611-F527,Male,0,Yes,Yes,15,No,Yes,No,No,No,No internet service,No,Yes,Yes,Month-to-month,Yes,Bank transfer (automatic),32.3,488.05,No
3880-B956,Female,1,Yes,Yes,50,Yes,Yes,No,No,No internet service,Yes,No internet service,Yes,No,Two year,Yes,Bank transfer (automatic),75.7,3784.34,No
7504-Z607,Male,0,Yes,No,56,Yes,No phone service,Fiber optic,No internet service,No,Yes,Yes,Yes,Yes,Two year,Yes,Bank transfer (automatic),84.8,4750.35,No
4052-X993,Female,0,No,Yes,9,Yes,Yes,No,Yes,No internet service,No internet service,No,Yes,Yes,Two year,No,Electronic check,56.72,515.26,No
5742-B109,Female,0,Yes,No,8,Yes,No,Fiber optic,No,Yes,No internet service,Yes,No,Yes,Month-to-month,Yes,Mailed check,73.44,595.09,No
5888-S717,Male,0,No,Yes,19,Yes,Yes,No,No internet service,Yes,Yes,Yes,No internet service,No internet service,One year,No,Bank transfer (automatic),89.68,1709.62,No
2758-K391,Male,0,No,Yes,51,Yes,No phone service,No,No,No,Yes,No internet service,No internet service,No internet service,Month-to-month,No,Mailed check,64.99,3323.13,No
8444-U656,Male,0,Yes,No,72,Yes,Yes,DSL,Yes,No internet service,Yes,No,Yes,No,Month-to-month,No,Credit card (automatic),51.75,3745.69,No
9590-P237,Female,0,No,No,57,Yes,No phone service,DSL,No,Yes,No internet service,Yes,No,Yes,Month-to-month,Yes,Bank transfer (automatic),101.13,5762.34,No
9261-O379,Male,0,No,No,68,Yes,Yes,Fiber optic,No,No,Yes,No internet service,No,No internet service,Month-to-month,No,Bank transfer (automatic),117.63,7997.5,No
4159-Z215,Female,0,No,Yes,31,No,No,DSL,No,No,No internet service,No internet service,Yes,Yes,One year,No,Bank transfer (automatic),40.02,1247.65,No
6417-F848,Female,0,Yes,No,3,Yes,No,Fiber optic,No,No,Yes,No,No,No,Two year,No,Mailed check,107.63,322.85,No
8518-U363,Male,1,Yes,No,43,Yes,No phone service,DSL,Yes,No internet service,No internet service,Yes,No internet service,Yes,Month-to-month,No,Electronic check,73.07,3138.62,No
4050-A854,Male,0,Yes,No,29,Yes,No phone service,Fiber optic,No internet service,No internet service,Yes,No,Yes,No internet service,Month-to-month,No,Electronic check,63.27,1830.28,No
6523-Z402,Female,0,Yes,No,10,Yes,No phone service,No,No,Yes,No,No,No,No internet service,Two year,Yes,Credit card (automatic),108.01,1086.38,No
4164-F725,Female,0,Yes,No,12,No,Yes,Fiber optic,Yes,No internet service,No,Yes,No,Yes,Month-to-month,Yes,Mailed check,109.74,1321.4,No
7643-N627,Male,0,No,No,46,Yes,Yes,DSL,No,No internet service,No internet service,No,No,Yes,Two year,No,Bank transfer (automatic),45.65,2118.55,No
6372-C510,Male,0,No,Yes,30,Yes,Yes,Fiber optic,No,No,No internet service,No,Yes,Yes,Two year,Yes,Electronic check,54.27,1617.85,No
2562-F243,Male,1,Yes,Yes,32,Yes,No,DSL,No,No,No,No,No internet service,Yes,Month-to-month,Yes,Credit card (automatic),103.87,3313.83,No
8822-K354,Male,1,No,Yes,47,Yes,No phone service,No,Yes,Yes,No internet service,No internet service,No,Yes,One year,No,Electronic check,67.58,3176.93,No
1111-I492,Male,0,No,Yes,63,Yes,Yes,DSL,No,No,No internet service,Yes,Yes,Yes,One year,Yes,Mailed check,47.2,2965.76,No
4858-O871,Female,1,No,No,26,Yes,No,No,No,No,No,No,Yes,No,One year,Yes,Credit card (automatic),114.95,2970.89,No
5374-K409,Female,1,No,No,3,Yes,No phone service,No,No internet service,No,Yes,No internet service,No,No,Month-to-month,Yes,Mailed check,40.06,115.96,No
1187-I769,Female,1,Yes,Yes,23,Yes,No,DSL,Yes,No internet service,No internet service,No internet service,Yes,No internet service,One year,Yes,Credit card (automatic),79.59,1852.2,No
6890-W341,Female,1,Yes,Yes,50,Yes,No phone service,No,No internet service,No,No internet service,No,No internet service,Yes,Month-to-month,No,Mailed check,61.26,3087.87,No
2017-V221,Male,0,Yes,Yes,36,Yes,Yes,DSL,No internet service,Yes,Yes,Yes,No internet service,No,One year,Yes,Bank transfer (automatic),63.61,2295.38,No
8625-J263,Male,0,No,No,13,Yes,No,Fiber optic,No internet service,Yes,Yes,No internet service,Yes,Yes,One year,Yes,Bank transfer (automatic),28.9,364.56,No
7642-V614,Male,0,No,No,29,Yes,No,No,No internet service,No,No internet service,No,No,No internet service,Month-to-month,No,Mailed check,44.09,1270.79,No
6095-W220,Female,0,Yes,No,38,No,No,Fiber optic,No,No,No internet service,Yes,No internet service,No,Two year,Yes,Mailed check,35.03,1332.07,No
5833-L729,Female,1,Yes,Yes,5,Yes,No phone service,Fiber optic,No internet service,Yes,Yes,Yes,No,Yes,Month-to-month,No,Electronic check,93.59,462.91,No
4618-H236,Male,0,No,Yes,20,No,No phone service,DSL,Yes,No internet service,No internet service,No,Yes,Yes,Month-to-month,Yes,Electronic check,88.37,1769.03,No
8834-E565,Male,0,Yes,Yes,14,Yes,No,DSL,No,No,Yes,No internet service,No internet service,Yes,Month-to-month,Yes,Credit card (automatic),98.06,1373.27,No
7121-N818,Female,1,Yes,Yes,8,Yes,No phone service,No,No internet service,Yes,Yes,Yes,No,Yes,Month-to-month,Yes,Mailed check,88.53,696.0,No
9998-P875,Female,1,No,Yes,48,Yes,No,DSL,No internet service,No internet service,No internet service,Yes,Yes,Yes,Month-to-month,Yes,Mailed check,31.19,1496.63,No
9806-Z780,Male,1,No,No,13,Yes,Yes,Fiber optic,Yes,Yes,No internet service,Yes,No,Yes,Month-to-month,No,Mailed check,116.6,1520.43,No
4578-Y353,Male,0,Yes,No,24,Yes,No,Fiber optic,Yes,No internet service,Yes,Yes,No internet service,No internet service,Month-to-month,No,Electronic check,37.2,889.06,No
2341-Q557,Female,0,No,No,65,Yes,No,Fiber optic,No internet service,Yes,No internet service,No internet service,Yes,Yes,Month-to-month,Yes,Electronic check,53.47,3485.02,No
9653-W470,Male,0,Yes,No,34,Yes,No phone service,No,No internet service,Yes,Yes,No internet service,Yes,Yes,Month-to-month,No,Bank transfer (automatic),89.29,3036.42,No
2279-S214,Male,0,No,No,51,Yes,No phone service,DSL,No internet service,No internet service,No,No,No,No,Month-to-month,No,Credit card (automatic),32.37,1649.57,No
2011-R617,Male,0,No,Yes,3,Yes,No phone service,Fiber optic,No internet service,No,No,No,No,Yes,One year,Yes,Electronic check,35.39,106.79,No
4312-S649,Female,0,Yes,No,58,Yes,Yes,No,No internet service,Yes,Yes,No internet service,Yes,Yes,Month-to-month,No,Credit card (automatic),106.35,6162.89,No
3455-F435,Female,0,No,Yes,72,Yes,Yes,DSL,Yes,No,Yes,No,No internet service,No,Two year,No,Credit card (automatic),51.62,3720.7,No
9525-O219,Female,0,Yes,No,55,Yes,Yes,DSL,Yes,Yes,No internet service,Yes,No internet service,No,Month-to-month,No,Electronic check,85.14,4674.13,No
4365-W697,Female,0,No,Yes,42,Yes,No phone service,Fiber optic,No,No internet service,Yes,No internet service,No,Yes,One year,Yes,Mailed check,104.55,4414.99,No
9008-C622,Female,0,Yes,Yes,21,No,No,No,No,No,Yes,Yes,No,No internet service,Two year,Yes,Mailed check,116.06,,No
8298-Z156,Female,0,No,Yes,10,No,No,Fiber optic,Yes,No internet service,No internet service,No internet service,No,No,Month-to-month,Yes,Bank transfer (automatic),39.38,393.03,No
8429-E625,Female,0,No,Yes,57,Yes,No,Fiber optic,No,No internet service,No internet service,No internet service,No internet service,No,Month-to-month,Yes,Mailed check,30.6,1749.9,No
7806-O677,Male,0,Yes,Yes,25,Yes,No phone service,No,No internet service,No,No,No,No internet service,Yes,One year,Yes,Mailed check,92.69,2323.27,No
1945-R573,Male,0,No,Yes,56,Yes,No phone service,Fiber optic,No,No,Yes,No internet service,No,No,Month-to-month,Yes,Electronic check,37.16,2086.91,No
6049-X122,Male,0,Yes,No,38,Yes,Yes,No,No internet service,No,Yes,No,No,Yes,Month-to-month,Yes,Credit card (automatic),76.56,2916.13,No
7487-I936,Male,0,No,Yes,61,Yes,No phone service,No,No internet service,No internet service,No,No internet service,Yes,No internet service,One year,Yes,Mailed check,71.78,4386.14,No
1049-X323,Male,1,No,Yes,47,No,No,Fiber optic,No,No internet service,Yes,Yes,Yes,No internet service,One year,No,Electronic check,74.52,3509.37,No
2196-B533,Male,0,Yes,No,54,Yes,Yes,Fiber optic,No,No internet service,No internet service,Yes,Yes,Yes,Month-to-month,No,Credit card (automatic),83.55,4503.84,No
6644-W165,Male,0,No,Yes,46,Yes,Yes,DSL,No internet service,No,Yes,Yes,Yes,No internet service,One year,Yes,Electronic check,103.76,4777.41,No
9866-B170,Female,0,No,No,68,Yes,No phone service,DSL,Yes,Yes,No internet service,Yes,No,Yes,One year,Yes,Mailed check,45.57,3091.31,No
8734-B393,Female,1,Yes,No,4,Yes,Yes,No,No,No,Yes,Yes,No internet service,No,Month-to-month,Yes,Mailed check,74.05,301.43,No
7698-F887,Male,0,No,Yes,66,Yes,Yes,No,No,Yes,No,Yes,No internet service,No,Month-to-month,No,Electronic check,52.09,3447.3,No
3218-Y756,Male,0,Yes,Yes,43,Yes,No phone service,No,Yes,No internet service,No internet service,No internet service,Yes,Yes,One year,Yes,Bank transfer (automatic),50.28,2165.79,Yes
7887-L491,Female,1,Yes,No,62,Yes,Yes,DSL,No,Yes,No internet service,No,No internet service,Yes,Month-to-month,No,Credit card (automatic),20.3,1266.08,No
8348-M484,Male,0,Yes,Yes,4,Yes,No,Fiber optic,No internet service,No,No,No internet service,Yes,No,One year,Yes,Credit card (automatic),78.49,316.16,No
2314-V777,Male,0,No,No,65,No,No phone service,Fiber optic,Yes,No,No internet service,Yes,No,Yes,Month-to-month,Yes,Mailed check,115.99,7557.84,No
9835-E769,Female,0,No,Yes,62,Yes,No,DSL,Yes,No,No,Yes,Yes,No,Month-to-month,No,Electronic check,94.76,5879.23,No
6697-D282,Male,0,Yes,No,2,Yes,No,Fiber optic,No internet service,Yes,Yes,No internet service,No internet service,Yes,Month-to-month,No,Electronic check,42.65,76.11,No
9802-M641,Female,0,No,Yes,9,Yes,No,Fiber optic,No internet service,No,No,No,No internet service,No,Two year,No,Mailed check,90.22,807.12,No
3086-X328,Male,0,Yes,Yes,57,Yes,No,Fiber optic,No internet service,Yes,Yes,No,No internet service,No internet service,Two year,No,Electronic check,48.13,2747.75,No
1056-Y123,Female,1,No,No,45,Yes,Yes,DSL,Yes,No internet service,No internet service,No,No,No internet service,One year,Yes,Mailed check,93.99,4242.68,No
5888-O789,Female,1,Yes,No,18,Yes,Yes,No,No internet service,Yes,No internet service,No,Yes,No,One year,No,Bank transfer (automatic),104.17,1879.08,No
9920-N644,Female,0,Yes,No,48,Yes,No phone service,Fiber optic,No,No internet service,No,Yes,No,No,Month-to-month,Yes,Credit card (automatic),51.85,2491.06,No
7214-H353,Male,0,No,No,42,Yes,No phone service,Fiber optic,No,Yes,Yes,Yes,No,No,One year,Yes,Bank transfer (automatic),18.47,764.56,No
8546-L258,Female,0,Yes,Yes,41,Yes,No,No,No internet service,No internet service,No,No,Yes,No,Month-to-month,No,Electronic check,48.9,2023.86,No
5516-G996,Male,1,Yes,No,58,Yes,No,Fiber optic,No,No,No internet service,No internet service,No internet service,No,One year,Yes,Credit card (automatic),38.94,2245.24,No
2848-B928,Male,1,No,No,42,No,No phone service,Fiber optic,No,Yes,No internet service,No internet service,No internet service,No internet service,Two year,Yes,Mailed check,80.42,3362.18,No
7868-T884,Male,0,Yes,Yes,35,Yes,No phone service,No,Yes,No internet service,Yes,Yes,No internet service,No,Month-to-month,Yes,Mailed check,47.4,1654.3,No
1256-H311,Male,1,Yes,Yes,38,Yes,No phone service,DSL,No internet service,No,Yes,No internet service,No internet service,Yes,One year,No,Credit card (automatic),21.87,836.99,No
2102-D708,Female,0,No,No,67,Yes,No phone service,DSL,No,No,No internet service,Yes,No,No internet service,One year,No,Bank transfer (automatic),71.65,4796.55,No
1550-O712,Female,0,Yes,Yes,41,Yes,No,Fiber optic,No internet service,No internet service,No internet service,Yes,Yes,No,Month-to-month,No,Bank transfer (automatic),106.16,4346.4,No
1797-H858,Male,0,Yes,No,50,Yes,No phone service,Fiber optic,No internet service,No internet service,Yes,No,Yes,Yes,One year,Yes,Mailed check,63.61,3172.28,No
1724-M549,Male,0,Yes,Yes,72,No,Yes,No,No,Yes,No,No,Yes,No internet service,One year,Yes,Electronic check,56.07,4054.72,No
4839-R322,Female,0,Yes,No,45,Yes,No,No,No,No internet service,No,No,No,Yes,One year,No,Mailed check,36.19,1631.9,No
1924-E615,Male,0,Yes,Yes,71,Yes,Yes,Fiber optic,Yes,No internet service,Yes,No,No internet service,No,Month-to-month,No,Electronic check,57.18,4068.74,No
5739-H935,Female,0,Yes,No,19,No,No phone service,Fiber optic,Yes,No,Yes,No,No internet service,Yes,Month-to-month,No,Electronic check,51.51,999.26,No
6224-S712,Male,1,Yes,No,17,Yes,Yes,DSL,Yes,No internet service,Yes,No,Yes,Yes,Two year,No,Credit card (automatic),118.24,2030.33,No
6253-H409,Male,0,Yes,Yes,65,Yes,No phone service,DSL,No,No internet service,No internet service,No internet service,No internet service,No internet service,One year,Yes,Credit card (automatic),21.31,1376.17,No
3347-V633,Female,0,No,Yes,56,Yes,Yes,DSL,Yes,No internet service,No,No,No,Yes,One year,Yes,Mailed check,42.25,2368.5,No
4621-N407,Male,0,Yes,No,41,Yes,No,DSL,No internet service,No,Yes,No,No internet service,Yes,Month-to-month,Yes,Credit card (automatic),25.15,1039.02,No
5508-B670,Female,0,Yes,No,42,Yes,Yes,No,Yes,No,No,Yes,No internet service,No internet service,Month-to-month,Yes,Mailed check,104.42,4386.72,No
3869-U795,Male,0,No,Yes,6,Yes,No,DSL,Yes,No,No internet service,Yes,No internet service,No,Two year,No,Credit card (automatic),60.19,354.38,No
7999-R607,Male,0,Yes,Yes,69,Yes,Yes,DSL,Yes,No,No internet service,No,Yes,Yes,Month-to-month,No,Bank transfer (automatic),98.28,6754.65,No
1768-L758,Male,0,Yes,Yes,40,Yes,Yes,Fiber optic,No internet service,Yes,Yes,Yes,No,No,Two year,Yes,Bank transfer (automatic),87.81,3525.86,No
7244-Z637,Female,0,Yes,Yes,41,Yes,No,DSL,No internet service,No,Yes,No internet service,Yes,No internet service,Month-to-month,No,Bank transfer (automatic),111.52,4590.8,No
6222-W526,Male,0,Yes,Yes,9,Yes,No,Fiber optic,No,No,Yes,No internet service,No,No,Month-to-month,Yes,Credit card (automatic),20.64,193.13,No
7688-E407,Male,0,Yes,Yes,8,Yes,No phone service,Fiber optic,Yes,Yes,Yes,No internet service,Yes,Yes,Month-to-month,No,Electronic check,39.09,312.48,No
7167-F872,Male,0,Yes,Yes,44,Yes,No,DSL,No internet service,Yes,No,No internet service,No,Yes,Month-to-month,No,Credit card (automatic),88.8,3901.67,No
9813-P346,Male,0,No,Yes,58,Yes,No,DSL,No internet service,Yes,Yes,No,No,No,One year,Yes,Bank transfer (automatic),77.06,4470.78,No
4692-J978,Female,0,No,Yes,67,Yes,No phone service,Fiber optic,No internet service,No internet service,No,No internet service,Yes,No,Two year,Yes,Mailed check,88.06,5913.38,No
3365-Z574,Female,1,No,No,13,Yes,No,No,No,No,No internet service,No internet service,Yes,Yes,Month-to-month,Yes,Electronic check,76.09,994.69,No
1944-R522,Male,0,No,Yes,19,Yes,No,Fiber optic,No,No internet service,No internet service,No internet service,No internet service,No internet service,Month-to-month,Yes,Bank transfer (automatic),76.64,1434.39,No
7824-R642,Female,0,No,Yes,49,Yes,Yes,No,No,Yes,No,No internet service,No,Yes,One year,Yes,Credit card (automatic),111.97,5502.57,No
3196-M348,Male,0,Yes,No,30,Yes,No phone service,No,Yes,Yes,No,Yes,No,Yes,One year,No,Mailed check,110.84,3331.99,No
5177-G438,Male,0,Yes,No,66,Yes,No phone service,DSL,No internet service,Yes,Yes,No internet service,No,No,Month-to-month,No,Credit card (automatic),22.07,1445.9,No
2295-O967,Male,0,Yes,No,59,No,Yes,DSL,No,Yes,Yes,No internet service,No,Yes,Month-to-month,No,Mailed check,59.82,3535.3,No
7079-C648,Female,1,Yes,No,53,Yes,No phone service,DSL,No,No internet service,Yes,Yes,No,No,Month-to-month,Yes,Bank transfer (automatic),69.56,3688.76,No
4120-B374,Female,1,Yes,No,52,Yes,Yes,DSL,No internet service,Yes,No internet service,Yes,No internet service,No internet service,One year,Yes,Mailed check,54.22,2821.48,No
7179-V719,Female,1,No,No,31,Yes,No,Fiber optic,No internet service,No,No,No,No internet service,Yes,Month-to-month,Yes,Mailed check,23.23,710.05,No
1647-C292,Female,0,No,Yes,15,No,No phone service,No,Yes,No,No,Yes,No internet service,No internet service,One year,No,Mailed check,65.72,983.19,No
4555-P313,Female,0,Yes,No,20,Yes,No,Fiber optic,Yes,No,No,Yes,No,No internet service,Month-to-month,No,Bank transfer (automatic),116.31,2310.08,No
6455-J115,Female,0,Yes,No,5,Yes,No phone service,No,Yes,No internet service,No,Yes,Yes,Yes,Two year,No,Mailed check,25.51,139.81,No
4470-G859,Female,0,Yes,No,7,Yes,No,Fiber optic,No,Yes,Yes,No internet service,Yes,No,Month-to-month,No,Credit card (automatic),100.33,693.74,No
2922-X872,Female,0,No,Yes,18,Yes,No phone service,No,No,No internet service,Yes,No,No,No,Month-to-month,No,Electronic check,37.91,693.6,No
8846-H812,Female,0,No,No,56,Yes,No phone service,DSL,No internet service,No,No,No,No internet service,Yes,One year,Yes,Credit card (automatic),76.22,4274.46,No
4350-M345,Male,1,Yes,Yes,45,Yes,No,No,Yes,Yes,Yes,No internet service,Yes,No,One year,No,Mailed check,57.15,2567.79,No
6269-Y389,Female,0,No,No,28,No,Yes,DSL,No internet service,No internet service,No internet service,No,Yes,No,Month-to-month,Yes,Mailed check,53.33,1485.75,No
7236-O646,Female,0,Yes,No,50,Yes,No phone service,No,Yes,Yes,Yes,No internet service,No internet service,No internet service,Two year,Yes,Bank transfer (automatic),105.73,5288.59,No
6886-J367,Female,0,No,Yes,2,No,Yes,Fiber optic,Yes,Yes,No internet service,Yes,No,No,One year,No,Credit card (automatic),116.08,243.01,No
6892-Q609,Female,0,No,Yes,68,Yes,Yes,No,Yes,No internet service,No internet service,No internet service,No,No,Month-to-month,No,Mailed check,57.11,3891.61,No
8635-D922,Female,0,Yes,No,24,Yes,Yes,Fiber optic,Yes,No,No,No internet service,No,Yes,One year,No,Bank transfer (automatic),82.61,1988.29,No
8692-Y959,Female,0,No,Yes,48,Yes,Yes,Fiber optic,No internet service,No internet service,No,Yes,No,No internet service,One year,No,Bank transfer (automatic),74.17,3558.53,No
6246-G479,Female,0,No,Yes,45,Yes,Yes,DSL,No internet service,No internet service,Yes,Yes,No,No,One year,Yes,Bank transfer (automatic),25.98,1177.26,No
6126-N146,Female,0,Yes,No,58,Yes,Yes,No,No,No,No,No,Yes,Yes,Two year,Yes,Bank transfer (automatic),22.39,1283.19,No
4625-X249,Female,1,No,No,36,Yes,No phone service,Fiber optic,Yes,No internet service,No internet service,No internet service,No internet service,No,One year,Yes,Mailed check,95.98,3457.74,No
1265-I666,Female,1,Yes,No,2,Yes,Yes,No,No internet service,Yes,No internet service,Yes,Yes,No internet service,Month-to-month,No,Mailed check,57.9,115.89,No
7841-J256,Female,0,No,Yes,18,Yes,No phone service,DSL,Yes,No,Yes,No,Yes,No internet service,One year,Yes,Bank transfer (automatic),49.16,872.64,No
4214-K335,Male,0,Yes,No,49,Yes,No phone service,DSL,Yes,No internet service,No internet service,No internet service,Yes,No internet service,One year,Yes,Bank transfer (automatic),117.3,5744.2,No
7223-S953,Male,1,Yes,No,8,Yes,No phone service,No,No,Yes,No,Yes,No internet service,No internet service,One year,Yes,Credit card (automatic),26.82,231.48,No
5026-P663,Female,1,No,Yes,58,No,No,Fiber optic,No,No,Yes,Yes,Yes,No internet service,Month-to-month,Yes,Bank transfer (automatic),45.29,2632.53,No
6530-I881,Female,0,No,Yes,15,No,Yes,Fiber optic,No internet service,No internet service,Yes,No internet service,Yes,No internet service,Two year,Yes,Bank transfer (automatic),104.36,1574.79,No
9005-X757,Male,0,Yes,No,17,Yes,No,Fiber optic,No internet service,No,Yes,Yes,No,Yes,Month-to-month,Yes,Mailed check,59.96,1014.86,No
9037-O272,Female,0,No,Yes,23,Yes,Yes,No,No,Yes,No,No internet service,No internet service,No internet service,One year,Yes,Electronic check,76.97,1753.51,No
6770-F243,Male,1,No,No,66,No,No,Fiber optic,No internet service,Yes,No internet service,No internet service,No,No,Month-to-month,Yes,Credit card (automatic),23.11,1540.27,No
9954-P288,Male,1,No,Yes,70,Yes,No phone service,Fiber optic,No internet service,No,No,No internet service,No,No,One year,No,Mailed check,110.74,7744.47,No
9882-U160,Male,0,Yes,No,27,Yes,No,Fiber optic,No,Yes,Yes,Yes,Yes,No,Month-to-month,Yes,Bank transfer (automatic),32.01,860.97,No
9584-B959,Male,1,Yes,Yes,37,Yes,No phone service,DSL,Yes,Yes,No internet service,Yes,No,No,Two year,No,Bank transfer (automatic),39.69,1455.04,No
2217-V149,Male,0,Yes,Yes,49,Yes,No,Fiber optic,Yes,No,Yes,No internet service,Yes,No internet service,Month-to-month,No,Bank transfer (automatic),34.01,1680.41,No
1104-N240,Female,1,No,Yes,64,Yes,Yes,No,No,No,No,No,No,No internet service,One year,Yes,Credit card (automatic),68.25,4371.31,No
4791-C824,Male,0,No,Yes,34,Yes,Yes,No,Yes,No internet service,Yes,No internet service,No internet service,Yes,Month-to-month,Yes,Bank transfer (automatic),100.34,3410.24,No
3474-A323,Female,1,Yes,No,18,Yes,No,Fiber optic,Yes,No internet service,No,No internet service,No internet service,No internet service,One year,Yes,Electronic check,45.08,817.57,No
9285-O482,Female,0,Yes,Yes,64,No,No,No,No,No,Yes,No internet service,No,No,Month-to-month,No,Credit card (automatic),32.55,2079.5,No
1990-T753,Male,0,No,No,44,Yes,Yes,No,No internet service,Yes,Yes,No,Yes,Yes,Month-to-month,Yes,Credit card (automatic),59.45,2609.75,No
8916-V599,Male,0,No,Yes,17,Yes,No,Fiber optic,No,Yes,Yes,Yes,Yes,Yes,Month-to-month,Yes,Bank transfer (automatic),116.91,1975.66,No
1257-A644,Female,1,No,Yes,59,Yes,No,DSL,No,No,No,Yes,Yes,Yes,Two year,No,Credit card (automatic),19.36,1129.15,No
7739-A117,Male,1,No,No,13,Yes,Yes,Fiber optic,Yes,No,No,No internet service,No,Yes,One year,Yes,Credit card (automatic),68.9,906.41,No
9673-X381,Male,1,Yes,Yes,52,Yes,No phone service,No,No,No,No,No internet service,Yes,No internet service,Month-to-month,Yes,Electronic check,85.52,4459.72,No
9777-J117,Female,1,No,Yes,60,Yes,Yes,No,Yes,Yes,No,Yes,No,Yes,Two year,No,Mailed check,99.33,5942.84,No
9228-W790,Female,0,No,No,42,Yes,Yes,Fiber optic,No,No internet service,No,No internet service,No internet service,No internet service,One year,No,Electronic check,93.24,3915.57,No
8054-Z283,Male,0,Yes,Yes,64,Yes,No,No,No internet service,No internet service,No internet service,Yes,Yes,Yes,Month-to-month,Yes,Mailed check,25.73,1647.78,No
2753-D636,Female,0,Yes,No,66,Yes,Yes,DSL,Yes,Yes,Yes,No,No,No internet service,One year,Yes,Electronic check,64.67,4261.72,No
3439-H296,Male,0,No,Yes,34,Yes,Yes,Fiber optic,No,No internet service,No,No internet service,Yes,No internet service,Month-to-month,Yes,Bank transfer (automatic),26.16,881.29,No
9625-I934,Male,0,Yes,Yes,71,Yes,No,No,Yes,No,No internet service,Yes,No,No,Month-to-month,No,Electronic check,80.55,5720.06,No
6807-I914,Male,0,No,Yes,64,Yes,No,DSL,No,No,No internet service,Yes,Yes,No internet service,Two year,No,Credit card (automatic),25.99,1656.39,No
7502-C482,Female,0,No,No,33,Yes,No phone service,No,No,Yes,Yes,No,No internet service,Yes,Month-to-month,No,Credit card (automatic),23.12,763.28,No
7652-O678,Female,0,Yes,Yes,12,Yes,Yes,DSL,No,Yes,Yes,No internet service,No,Yes,Month-to-month,Yes,Credit card (automatic),49.01,577.32,No
4984-W331,Female,0,Yes,Yes,19,Yes,No phone service,No,Yes,No,Yes,No,No,No internet service,One year,No,Bank transfer (automatic),112.6,2133.56,No
5914-V947,Female,0,No,Yes,9,Yes,No phone service,Fiber optic,Yes,No,No,Yes,No internet service,No internet service,Two year,Yes,Electronic check,89.6,803.63,No
2320-U978,Female,1,Yes,Yes,17,Yes,No phone service,No,No internet service,Yes,Yes,Yes,No internet service,No internet service,Month-to-month,No,Mailed check,18.65,313.71,No
1519-C515,Male,0,No,Yes,50,Yes,No phone service,Fiber optic,No internet service,Yes,Yes,No,Yes,No internet service,Month-to-month,Yes,Electronic check,46.87,2354.96,No
7213-M665,Male,1,No,Yes,39,Yes,Yes,DSL,No internet service,No,Yes,No,No,No,One year,No,Electronic check,20.01,774.87,No
8798-B752,Male,0,No,Yes,41,Yes,Yes,DSL,No internet service,No,No internet service,No,No,No,One year,Yes,Mailed check,47.83,1970.46,No
1154-W275,Male,0,Yes,Yes,10,Yes,Yes,No,No,No internet service,No,No internet service,Yes,No,Two year,No,Electronic check,87.14,841.64,No
2354-P965,Female,0,No,Yes,12,Yes,No phone service,Fiber optic,Yes,No internet service,Yes,Yes,Yes,No,Month-to-month,Yes,Credit card (automatic),94.61,1135.34,No
8109-U903,Male,0,No,No,15,Yes,No,Fiber optic,No,No,No internet service,No internet service,No,No,One year,No,Mailed check,99.06,1464.95,No
6427-S978,Female,0,No,Yes,28,Yes,Yes,DSL,Yes,Yes,No,No internet service,No internet service,No internet service,Month-to-month,Yes,Electronic check,109.7,3083.93,No
2562-Q143,Male,0,Yes,No,4,Yes,No phone service,DSL,Yes,No internet service,Yes,No,Yes,No,One year,No,Mailed check,55.01,240.29,No
4764-G988,Female,0,No,No,36,Yes,No phone service,No,No,No internet service,No internet service,No internet service,No,No,Month-to-month,No,Mailed check,104.94,3777.48,No
8790-I147,Female,0,No,No,65,Yes,No phone service,DSL,No,No,No,No internet service,Yes,No internet service,Two year,Yes,Bank transfer (automatic),91.38,5956.92,No
2218-V387,Male,0,No,Yes,47,Yes,No phone service,DSL,Yes,Yes,Yes,No,No internet service,No internet service,Month-to-month,Yes,Mailed check,72.29,3389.66,No
9897-S773,Male,0,Yes,No,39,No,No phone service,Fiber optic,No internet service,Yes,Yes,No,No,Yes,One year,No,Mailed check,114.19,4463.23,No
1539-F970,Male,0,No,No,38,Yes,No phone service,Fiber optic,No internet service,No,No internet service,No,No,Yes,Month-to-month,No,Bank transfer (automatic),113.5,4321.46,No
6152-A312,Male,0,No,No,44,No,Yes,Fiber optic,Yes,Yes,Yes,Yes,No,Yes,One year,Yes,Bank transfer (automatic),108.46,4770.71,No
3362-Y940,Female,1,Yes,Yes,51,Yes,No,DSL,No,No,No internet service,Yes,No internet service,No,One year,No,Credit card (automatic),38.57,1966.98,No
7525-C406,Male,0,Yes,No,26,Yes,Yes,No,No,Yes,No internet service,No internet service,Yes,No internet service,Month-to-month,No,Credit card (automatic),39.14,1020.96,No
3661-S346,Male,0,No,Yes,36,Yes,Yes,No,Yes,No,No internet service,No internet service,No internet service,Yes,Month-to-month,Yes,Mailed check,108.8,3918.86,No
7375-V653,Female,1,No,No,69,Yes,No phone service,DSL,No,Yes,No,Yes,No internet service,Yes,Month-to-month,No,Bank transfer (automatic),58.24,4022.0,No
6435-M873,Male,0,No,No,1,Yes,Yes,No,Yes,No,No internet service,No internet service,No internet service,No,Month-to-month,Yes,Mailed check,98.39,119.78,No
3292-Z805,Male,0,Yes,Yes,53,Yes,No,DSL,Yes,No,No,No,No,Yes,Month-to-month,Yes,Mailed check,87.29,4646.42,No
2284-Q863,Male,0,Yes,Yes,6,No,No,No,Yes,Yes,Yes,Yes,No internet service,No internet service,Month-to-month,Yes,Electronic check,94.87,577.7,No
6666-B200,Male,0,No,No,37,Yes,No phone service,DSL,No,No,No,No internet service,No,No internet service,One year,No,Mailed check,20.89,793.61,No
8161-H958,Male,0,Yes,No,2,Yes,No,Fiber optic,No internet service,No internet service,No internet service,No internet service,No,Yes,One year,No,Bank transfer (automatic),61.46,111.96,No
2245-K719,Female,1,No,No,69,Yes,No phone service,No,Yes,Yes,Yes,No internet service,Yes,No internet service,Month-to-month,No,Electronic check,104.39,7211.14,No
7499-Y434,Male,0,No,Yes,41,Yes,No,Fiber optic,No,No,No internet service,Yes,Yes,Yes,Month-to-month,No,Electronic check,67.49,2775.71,No
1485-U379,Male,0,Yes,Yes,51,Yes,No,Fiber optic,No internet service,Yes,No internet service,Yes,No internet service,Yes,One year,Yes,Bank transfer (automatic),87.61,4463.99,No
8381-P333,Male,0,No,No,47,Yes,Yes,No,Yes,Yes,Yes,Yes,No,No internet service,Month-to-month,Yes,Credit card (automatic),94.22,4449.9,No
6829-R484,Male,0,Yes,No,13,Yes,No,DSL,No internet service,No,No internet service,No,No,No internet service,Month-to-month,No,Bank transfer (automatic),30.39,411.25,No
8075-F796,Male,0,Yes,Yes,69,Yes,No phone service,Fiber optic,No,No internet service,No,No internet service,Yes,No,Month-to-month,Yes,Electronic check,33.9,2344.46,No
7227-C890,Female,0,No,Yes,66,Yes,No,Fiber optic,No internet service,Yes,Yes,No internet service,No,No,Month-to-month,No,Bank transfer (automatic),91.07,6003.54,No
5839-Z352,Male,0,Yes,No,59,Yes,No,DSL,No internet service,No internet service,Yes,No,No internet service,Yes,Month-to-month,No,Bank transfer (automatic),23.73,1384.71,No
2204-C374,Female,0,No,Yes,68,No,Yes,DSL,No,No internet service,Yes,Yes,No,No internet service,One year,Yes,Credit card (automatic),52.61,3567.15,No
3526-M828,Female,0,Yes,No,59,Yes,No phone service,No,Yes,No,No internet service,Yes,No internet service,Yes,Month-to-month,No,Mailed check,110.52,6537.07,No
3527-X498,Male,0,No,Yes,10,Yes,No phone service,No,No,No,No internet service,Yes,Yes,No,Two year,Yes,Bank transfer (automatic),75.97,756.97,No
6188-L209,Male,1,No,No,13,Yes,No phone service,DSL,No,Yes,Yes,No,Yes,Yes,Two year,Yes,Mailed check,109.75,1438.28,No
2499-A415,Male,0,No,No,2,Yes,Yes,Fiber optic,Yes,No,No,No internet service,No,No internet service,One year,No,Bank transfer (automatic),49.35,102.35,No
8286-L879,Male,0,Yes,No,15,Yes,No,DSL,Yes,Yes,No internet service,No,No,No internet service,Month-to-month,Yes,Bank transfer (automatic),82.23,1213.2,No
5419-D235,Female,0,No,Yes,46,Yes,No phone service,No,No,Yes,No internet service,No internet service,Yes,No,Month-to-month,Yes,Credit card (automatic),47.07,2162.61,No
2430-F541,Male,0,Yes,No,57,Yes,No,Fiber optic,Yes,No internet service,No internet service,No internet service,No internet service,Yes,Month-to-month,No,Bank transfer (automatic),29.42,1667.36,No
8353-R668,Male,0,Yes,No,10,Yes,No,Fiber optic,Yes,No,No,No internet service,No internet service,Yes,Month-to-month,Yes,Credit card (automatic),117.81,1186.43,No
9395-N205,Male,0,Yes,Yes,22,Yes,No,No,No,No,No internet service,No,No internet service,No internet service,Two year,No,Bank transfer (automatic),35.96,800.0,No
1430-C462,Male,0,Yes,No,8,Yes,Yes,Fiber optic,No,Yes,No internet service,Yes,Yes,No,Month-to-month,Yes,Electronic check,37.19,295.67,No
2524-T712,Male,1,Yes,No,21,Yes,No,DSL,No,No internet service,No,Yes,Yes,No internet service,One year,Yes,Electronic check,102.86,2175.47,No
6315-M112,Male,0,No,No,22,Yes,Yes,No,No,No,No,No,Yes,No internet service,One year,No,Credit card (automatic),98.87,2185.96,No
5781-N497,Female,0,Yes,Yes,45,Yes,Yes,Fiber optic,No internet service,No internet service,No internet service,No internet service,No,No,Two year,No,Bank transfer (automatic),116.52,5239.12,No
2387-X672,Female,1,No,Yes,40,Yes,Yes,No,No internet service,No internet service,Yes,No,Yes,No internet service,Month-to-month,Yes,Electronic check,25.46,1023.86,No
4977-S633,Male,1,No,Yes,22,Yes,No phone service,Fiber optic,Yes,Yes,Yes,Yes,No internet service,Yes,One year,No,Bank transfer (automatic),27.71,601.7,No
3778-V489,Male,1,Yes,Yes,30,Yes,Yes,DSL,No internet service,No,No,No,No internet service,Yes,Two year,Yes,Credit card (automatic),63.35,1897.14,No
3777-E375,Male,0,No,No,62,Yes,No phone service,No,No internet service,No,No internet service,No internet service,Yes,Yes,Month-to-month,Yes,Bank transfer (automatic),77.72,4824.73,No
5933-I604,Female,0,No,Yes,45,Yes,Yes,Fiber optic,No internet service,No,No,Yes,Yes,No internet service,Month-to-month,No,Mailed check,22.07,993.74,No
3390-C271,Male,0,Yes,Yes,35,Yes,Yes,DSL,Yes,No internet service,No,No internet service,No internet service,No,Month-to-month,Yes,Credit card (automatic),34.17,1181.78,No
8121-I531,Female,0,No,Yes,42,Yes,Yes,DSL,No internet service,No,Yes,No,Yes,No,Month-to-month,Yes,Credit card (automatic),88.94,3739.64,No
5911-P901,Male,0,Yes,No,5,Yes,Yes,DSL,No,Yes,No,No internet service,No,No,Month-to-month,No,Mailed check,85.44,424.01,No
2260-L357,Male,0,Yes,No,27,Yes,No,Fiber optic,No,No internet service,No,No,Yes,No,Month-to-month,No,Bank transfer (automatic),27.26,728.05,No
5040-X740,Male,1,Yes,No,70,Yes,No,Fiber optic,Yes,No,No internet service,Yes,No internet service,No,Month-to-month,No,Electronic check,111.88,7820.65,No
9123-T731,Male,0,No,Yes,62,Yes,Yes,DSL,Yes,No internet service,No internet service,Yes,No internet service,No internet service,One year,No,Credit card (automatic),43.85,2716.77,No
4203-O209,Female,1,No,No,32,Yes,No,DSL,Yes,No internet service,No,Yes,Yes,No,Month-to-month,Yes,Credit card (automatic),107.42,3439.99,No
3219-J106,Female,0,No,No,8,Yes,No phone service,DSL,No internet service,No internet service,No,No internet service,No internet service,Yes,Two year,Yes,Electronic check,111.01,885.77,No
7483-K961,Male,0,No,Yes,18,Yes,No,DSL,Yes,Yes,No internet service,No,Yes,No internet service,Month-to-month,Yes,Bank transfer (automatic),67.5,1218.06,No
7224-Z982,Male,0,Yes,No,15,No,No,DSL,Yes,No,Yes,No,No internet service,Yes,One year,Yes,Electronic check,59.65,892.13,No
6399-O442,Female,0,Yes,Yes,26,Yes,No,Fiber optic,Yes,No,No internet service,No,No internet service,No,Month-to-month,Yes,Bank transfer (automatic),46.2,1207.11,No
8055-U708,Female,0,No,Yes,53,Yes,Yes,No,No,No internet service,No internet service,No internet service,No internet service,No,One year,Yes,Mailed check,99.39,5266.2,No
3230-J428,Female,0,Yes,No,44,Yes,No phone service,No,Yes,No,No internet service,No,Yes,Yes,Month-to-month,No,Electronic check,38.01,1656.08,No
4290-P421,Female,1,No,Yes,32,Yes,Yes,No,No,No internet service,No internet service,Yes,Yes,Yes,Month-to-month,No,Credit card (automatic),80.77,2572.65,No
3910-M426,Male,0,Yes,Yes,28,Yes,No phone service,Fiber optic,No,No internet service,No internet service,No,Yes,No internet service,Two year,Yes,Electronic check,75.25,2101.74,No
5775-X811,Female,0,Yes,Yes,39,Yes,Yes,No,Yes,No internet service,Yes,No internet service,No,No,Two year,Yes,Credit card (automatic),43.26,1699.74,No
9044-S900,Male,0,Yes,Yes,32,Yes,No,No,Yes,Yes,No internet service,Yes,No,No,Month-to-month,Yes,Mailed check,117.05,3736.05,No
4971-K485,Female,0,Yes,Yes,18,No,No phone service,No,No internet service,No,No internet service,Yes,No,No,Two year,No,Bank transfer (automatic),103.31,,No
5592-Z502,Female,0,Yes,Yes,70,Yes,No,No,Yes,No internet service,Yes,No internet service,No internet service,Yes,Month-to-month,Yes,Credit card (automatic),20.31,1425.77,No
6980-D677,Female,0,No,No,11,No,No phone service,DSL,Yes,No,No,Yes,No internet service,No,Month-to-month,No,Electronic check,60.69,655.42,No
4273-S658,Female,0,No,Yes,32,Yes,No phone service,Fiber optic,Yes,Yes,Yes,No,Yes,No internet service,One year,Yes,Mailed check,54.33,1735.86,No
3947-V886,Female,0,Yes,Yes,20,Yes,Yes,No,Yes,Yes,No internet service,No internet service,No internet service,No internet service,Month-to-month,No,Credit card (automatic),106.97,2140.95,No
1440-X572,Male,0,No,Yes,40,Yes,Yes,DSL,Yes,No internet service,No,No,No,Yes,Month-to-month,Yes,Electronic check,44.83,1790.4,No
4434-O916,Male,0,Yes,Yes,8,Yes,No,No,Yes,Yes,Yes,No internet service,No,Yes,Month-to-month,No,Mailed check,118.59,954.39,No
5773-W170,Female,0,Yes,No,35,Yes,No,No,No internet service,Yes,No,No internet service,Yes,No internet service,Month-to-month,No,Electronic check,38.36,1347.89,No
7703-V611,Female,0,Yes,No,69,Yes,No phone service,No,No internet service,Yes,Yes,No internet service,No internet service,Yes,Month-to-month,No,Bank transfer (automatic),42.76,2952.56,No
3280-U410,Male,0,Yes,Yes,21,Yes,No phone service,No,Yes,Yes,Yes,No,No internet service,Yes,Month-to-month,Yes,Credit card (automatic),85.19,1798.17,No
4965-I774,Female,0,No,No,24,Yes,Yes,No,No internet service,Yes,No,No internet service,No,No,Two year,Yes,Electronic check,34.44,826.52,No
3525-W533,Female,0,Yes,Yes,17,Yes,Yes,DSL,No,Yes,No,Yes,Yes,No internet service,Month-to-month,No,Mailed check,107.57,1829.82,No
7176-C559,Male,1,No,Yes,18,Yes,Yes,No,No internet service,No,No,No,No,No,Month-to-month,Yes,Bank transfer (automatic),29.3,530.23,No
8851-S510,Female,0,Yes,Yes,12,No,Yes,DSL,No,Yes,No,No internet service,No internet service,No internet service,One year,No,Electronic check,117.07,1393.86,No
9755-Q990,Female,1,Yes,Yes,16,Yes,Yes,No,Yes,No,No internet service,No internet service,No,No,Month-to-month,No,Credit card (automatic),106.15,1704.2,No
7853-R137,Male,1,No,No,4,Yes,No phone service,Fiber optic,No,No internet service,Yes,No,No,No internet service,Month-to-month,No,Mailed check,102.64,404.43,No
6890-W931,Male,0,Yes,No,34,Yes,No phone service,DSL,Yes,Yes,No internet service,Yes,No internet service,No internet service,Two year,No,Mailed check,59.18,,No
9796-T753,Male,0,Yes,Yes,46,Yes,No,No,No internet service,Yes,Yes,Yes,No internet service,No internet service,Two year,Yes,Bank transfer (automatic),69.87,3219.49,No
2392-D887,Female,0,No,Yes,31,Yes,No phone service,DSL,No,No,No internet service,No internet service,No internet service,Yes,Month-to-month,Yes,Electronic check,64.11,1991.88,No
5067-V780,Male,0,No,No,25,Yes,Yes,No,No,Yes,No internet service,No internet service,No,No,Two year,No,Bank transfer (automatic),117.49,2923.04,No
6816-F762,Male,0,No,No,24,No,No phone service,No,No,No,Yes,Yes,No,Yes,Two year,No,Mailed check,21.75,507.88,No
1725-S760,Male,0,Yes,Yes,65,Yes,No phone service,DSL,Yes,No,No internet service,No internet service,No,Yes,One year,No,Credit card (automatic),56.61,3669.69,No
7547-Y439,Male,0,Yes,No,25,No,No phone service,No,Yes,Yes,No,Yes,Yes,No internet service,Month-to-month,Yes,Mailed check,115.57,2891.26,No
8052-D110,Male,1,No,Yes,28,Yes,No,No,No internet service,No internet service,No,Yes,Yes,No internet service,Month-to-month,No,Electronic check,55.37,1563.43,No
2615-I327,Male,0,No,No,36,Yes,No,No,No internet service,No internet service,No internet service,Yes,No internet service,Yes,Month-to-month,Yes,Mailed check,58.29,2093.62,No
9366-X631,Female,0,Yes,No,6,Yes,No phone service,No,Yes,No internet service,No internet service,Yes,Yes,Yes,One year,No,Credit card (automatic),81.7,480.78,No
4621-O483,Female,0,Yes,No,66,Yes,No phone service,No,No internet service,No,Yes,No internet service,No internet service,Yes,Two year,Yes,Credit card (automatic),109.43,7213.01,No
7408-O890,Male,0,No,No,67,Yes,Yes,No,No,No,Yes,No,No,No internet service,One year,No,Bank transfer (automatic),47.85,3210.32,No
9199-E453,Male,0,No,Yes,72,Yes,No,DSL,No,Yes,No internet service,No,No internet service,No internet service,Month-to-month,No,Mailed check,113.48,8181.31,No
1402-P207,Male,1,No,Yes,48,Yes,Yes,Fiber optic,No,No,Yes,Yes,No,No internet service,Month-to-month,Yes,Electronic check,46.65,2249.38,No
5840-N187,Female,0,No,No,70,Yes,Yes,No,No internet service,No internet service,No,No internet service,No internet service,No,Month-to-month,Yes,Credit card (automatic),100.2,7007.25,No
2901-X245,Female,0,Yes,Yes,67,Yes,No phone service,DSL,No,Yes,No,No,Yes,Yes,One year,No,Credit card (automatic),45.97,3064.82,No
6707-J451,Female,0,Yes,No,48,Yes,No phone service,Fiber optic,No,No internet service,No,No,No,Yes,Month-to-month,No,Electronic check,25.58,1228.68,No
8460-Z311,Female,1,Yes,No,65,Yes,No phone service,DSL,Yes,Yes,Yes,Yes,No,No,One year,No,Mailed check,99.89,6507.67,No
9537-P456,Female,0,Yes,Yes,44,Yes,Yes,Fiber optic,Yes,No internet service,Yes,Yes,No,Yes,One year,No,Credit card (automatic),63.48,2797.44,No
8801-D548,Female,0,No,Yes,63,Yes,Yes,Fiber optic,No internet service,Yes,Yes,No internet service,Yes,Yes,Month-to-month,No,Bank transfer (automatic),57.52,3610.18,No
8412-K168,Female,0,Yes,Yes,46,Yes,Yes,Fiber optic,Yes,No internet service,Yes,No,Yes,Yes,Month-to-month,Yes,Credit card (automatic),61.45,2826.03,No
5919-B929,Female,0,No,No,19,Yes,No phone service,DSL,No internet service,No,No internet service,Yes,Yes,No,Month-to-month,No,Electronic check,79.71,1504.39,No
2885-A969,Female,0,Yes,Yes,64,Yes,No phone service,Fiber optic,No internet service,No internet service,No internet service,Yes,No,No,Two year,Yes,Mailed check,44.65,2860.9,No
6620-U211,Male,0,Yes,Yes,71,No,No phone service,No,Yes,Yes,No internet service,No internet service,No internet service,Yes,Month-to-month,Yes,Credit card (automatic),42.1,2988.67,No
3692-X349,Male,0,Yes,Yes,50,No,Yes,No,Yes,No internet service,No internet service,Yes,No internet service,No internet service,Month-to-month,Yes,Credit card (automatic),66.84,3339.27,No
9454-F665,Male,0,No,Yes,63,No,Yes,Fiber optic,No internet service,No,No,Yes,Yes,Yes,One year,Yes,Mailed check,21.83,1368.98,No
3623-K673,Male,1,Yes,No,41,Yes,No,Fiber optic,No internet service,Yes,Yes,Yes,No internet service,Yes,Month-to-month,No,Mailed check,82.86,3401.52,No
7985-O337,Female,0,No,No,7,Yes,No phone service,No,No internet service,No,No,Yes,No,No internet service,Month-to-month,No,Bank transfer (automatic),100.95,718.59,No
7636-U288,Female,0,No,No,9,No,Yes,DSL,No,No internet service,Yes,Yes,No,Yes,One year,No,Credit card (automatic),91.36,838.42,No
4053-U773,Male,0,Yes,No,4,Yes,No,DSL,No,Yes,No internet service,No internet service,Yes,Yes,One year,Yes,Bank transfer (automatic),65.41,265.77,No
8080-M129,Female,0,No,No,49,No,Yes,No,Yes,No internet service,No,Yes,Yes,No,Month-to-month,No,Bank transfer (automatic),75.07,3691.14,No
4232-O706,Male,1,Yes,No,6,Yes,Yes,DSL,No,Yes,Yes,No,No internet service,Yes,Month-to-month,Yes,Electronic check,20.88,115.17,No
8037-M104,Female,0,No,No,21,Yes,No phone service,DSL,No,No,No internet service,Yes,No internet service,No internet service,One year,No,Credit card (automatic),109.94,2305.39,No
4519-G385,Male,0,Yes,Yes,15,Yes,No,Fiber optic,No internet service,No,Yes,Yes,No internet service,No,One year,No,Mailed check,74.34,1105.52,No
2025-S204,Female,0,No,No,67,Yes,Yes,DSL,No,No,Yes,No,Yes,No,Month-to-month,No,Bank transfer (automatic),50.05,3348.47,No
9796-F474,Female,0,No,No,66,Yes,No,No,Yes,No internet service,No internet service,No,Yes,No internet service,One year,No,Electronic check,47.76,3141.9,No
6340-G568,Male,0,Yes,No,56,Yes,No,DSL,No,Yes,No,Yes,Yes,No internet service,Two year,Yes,Electronic check,84.55,4751.09,No
2867-I786,Female,0,Yes,No,68,Yes,No phone service,Fiber optic,No,No,Yes,No internet service,No,No,Month-to-month,Yes,Credit card (automatic),76.98,5230.91,No
9019-Q754,Male,0,Yes,Yes,32,Yes,No,No,No,No internet service,No internet service,No,No internet service,Yes,Month-to-month,No,Electronic check,37.13,1186.75,Yes
6134-T497,Male,1,Yes,No,66,Yes,No phone service,No,Yes,No internet service,Yes,No internet service,Yes,Yes,One year,No,Electronic check,59.45,3908.24,No
7431-S216,Male,0,No,No,29,Yes,No phone service,No,Yes,Yes,Yes,Yes,Yes,No,Month-to-month,Yes,Credit card (automatic),86.21,2480.02,No
6700-L965,Male,0,No,Yes,66,Yes,No phone service,Fiber optic,No internet service,No,Yes,Yes,Yes,Yes,One year,Yes,Bank transfer (automatic),48.16,3195.56,No
8501-T276,Female,1,No,No,34,Yes,No,No,No,No internet service,No,No,No internet service,No,Two year,Yes,Electronic check,69.43,2358.23,No
5873-T704,Female,0,No,No,27,Yes,Yes,Fiber optic,No internet service,No,No,No,No internet service,No internet service,Two year,Yes,Bank transfer (automatic),43.87,1207.43,No
2388-V237,Female,0,Yes,No,60,No,No phone service,Fiber optic,No internet service,Yes,No,No internet service,No,Yes,Month-to-month,Yes,Bank transfer (automatic),25.45,1525.5,No
6131-D344,Male,0,No,No,39,Yes,Yes,DSL,Yes,No,No,Yes,No,Yes,Two year,Yes,Bank transfer (automatic),57.27,2221.09,No
6003-D287,Female,0,Yes,No,44,Yes,No,No,No internet service,No,No internet service,No,No,No,Month-to-month,No,Mailed check,91.82,4040.3,No
7116-W244,Male,0,No,No,36,Yes,Yes,DSL,No,No internet service,No,No,No,No,Month-to-month,Yes,Credit card (automatic),39.74,1431.38,No
9369-M528,Female,0,Yes,No,19,Yes,Yes,DSL,No internet service,No internet service,Yes,No,Yes,Yes,Month-to-month,Yes,Credit card (automatic),94.08,1788.96,No
3258-S492,Female,1,Yes,Yes,45,Yes,No phone service,Fiber optic,Yes,Yes,No internet service,No internet service,No,Yes,Two year,Yes,Bank transfer (automatic),85.53,3848.15,No
7931-F598,Female,0,Yes,Yes,21,No,No phone service,DSL,Yes,Yes,Yes,Yes,Yes,Yes,Month-to-month,No,Electronic check,69.24,1438.9,No
9804-W760,Male,0,Yes,No,23,Yes,No phone service,DSL,Yes,Yes,No,No,Yes,No internet service,Two year,No,Mailed check,115.88,2649.89,No
3838-R270,Female,0,Yes,Yes,27,Yes,No,DSL,No,No internet service,Yes,No,No internet service,Yes,Month-to-month,No,Mailed check,107.03,2901.45,No
9022-J243,Female,0,No,No,72,Yes,Yes,No,No internet service,Yes,Yes,No,Yes,Yes,One year,No,Credit card (automatic),74.85,5408.87,No
4065-K962,Male,0,Yes,Yes,19,No,No,DSL,No,Yes,Yes,Yes,No internet service,No,Month-to-month,Yes,Mailed check,74.31,1409.02,No
8389-T154,Female,0,No,No,41,Yes,No,Fiber optic,Yes,No internet service,Yes,No internet service,No,No internet service,Month-to-month,Yes,Bank transfer (automatic),46.17,1874.68,No
6882-A596,Male,1,No,Yes,26,Yes,No,No,No,Yes,No,No internet service,No,No,Two year,Yes,Bank transfer (automatic),110.73,2891.02,No
3236-G934,Female,0,Yes,No,28,No,No,Fiber optic,Yes,No internet service,Yes,Yes,No internet service,Yes,Month-to-month,Yes,Credit card (automatic),108.29,3023.64,No
7290-R617,Male,0,No,Yes,64,No,No phone service,No,No,Yes,Yes,No internet service,No internet service,No internet service,Month-to-month,No,Credit card (automatic),92.83,5944.6,No
9109-N801,Male,0,No,Yes,68,Yes,Yes,No,No,No internet service,Yes,No internet service,No,Yes,Two year,No,Mailed check,31.1,2109.56,No
9056-N827,Female,0,No,No,51,Yes,No phone service,No,No internet service,No,Yes,No,Yes,No internet service,Two year,Yes,Electronic check,88.97,4532.53,No
8272-P271,Male,0,Yes,No,48,Yes,No phone service,Fiber optic,No internet service,No internet service,No,No internet service,Yes,No internet service,Month-to-month,No,Mailed check,43.69,2088.49,No
2354-S131,Male,0,Yes,Yes,10,Yes,No,DSL,Yes,No internet service,Yes,No,No internet service,No internet service,One year,No,Credit card (automatic),37.23,386.27,No
4613-J133,Male,0,Yes,Yes,39,No,No phone service,No,No internet service,No internet service,No internet service,No internet service,Yes,No internet service,One year,Yes,Bank transfer (automatic),94.55,3691.97,No
5503-H650,Male,0,Yes,No,19,Yes,Yes,Fiber optic,No internet service,Yes,No internet service,No,Yes,No internet service,Month-to-month,No,Bank transfer (automatic),114.7,2182.61,No
5729-F899,Male,0,No,Yes,64,Yes,No,No,No,No internet service,Yes,Yes,No,No internet service,Month-to-month,Yes,Electronic check,29.2,1869.18,No
8492-S860,Male,0,No,No,19,No,No phone service,DSL,Yes,No internet service,Yes,Yes,No internet service,No,Month-to-month,No,Electronic check,34.73,663.72,No
9115-R623,Female,0,No,Yes,62,Yes,No,No,No,Yes,No,No internet service,No,No,Month-to-month,Yes,Mailed check,40.28,2485.51,No
2854-S216,Male,1,No,Yes,13,Yes,Yes,Fiber optic,No,No,No internet service,No,Yes,Yes,Month-to-month,Yes,Bank transfer (automatic),115.02,1500.49,No
5389-Y656,Male,0,No,No,25,Yes,No,No,No internet service,No internet service,No,Yes,Yes,No internet service,Month-to-month,Yes,Mailed check,88.24,2218.09,No
7010-R942,Female,0,No,No,42,Yes,No phone service,Fiber optic,No internet service,Yes,Yes,Yes,No,No internet service,Month-to-month,Yes,Electronic check,86.42,3631.84,No
1681-Y836,Female,0,Yes,No,39,No,No phone service,DSL,Yes,No,No internet service,No internet service,Yes,No,Month-to-month,Yes,Credit card (automatic),69.01,2700.05,No
8231-R323,Female,0,No,Yes,30,Yes,Yes,DSL,No internet service,No internet service,No internet service,No,Yes,Yes,Month-to-month,No,Mailed check,72.28,2164.33,No
7965-D853,Female,0,No,Yes,5,Yes,Yes,No,No,No,No,No,No,Yes,Month-to-month,Yes,Mailed check,47.41,241.14,No
5055-J995,Female,0,No,Yes,18,No,No,DSL,No internet service,No internet service,Yes,Yes,Yes,No,One year,Yes,Bank transfer (automatic),33.78,604.17,No
1528-O369,Female,0,Yes,No,21,No,No phone service,Fiber optic,Yes,No internet service,No internet service,No internet service,No,No,Two year,No,Bank transfer (automatic),96.67,2013.6,No
6711-C549,Female,1,No,Yes,50,Yes,Yes,No,Yes,No,No,Yes,No internet service,No internet service,Month-to-month,No,Bank transfer (automatic),65.55,3275.15,No
2923-Y931,Male,0,No,Yes,6,Yes,Yes,Fiber optic,No,No,No internet service,Yes,Yes,No,Month-to-month,No,Mailed check,43.98,275.14,No
4882-G930,Male,0,Yes,No,50,Yes,No phone service,No,No,No,Yes,No internet service,Yes,No internet service,One year,No,Bank transfer (automatic),81.84,4078.66,No
6744-W724,Female,0,No,Yes,66,Yes,Yes,Fiber optic,No internet service,No internet service,Yes,No internet service,No,Yes,Two year,Yes,Bank transfer (automatic),39.3,2610.12,No
8015-F730,Male,1,Yes,Yes,1,Yes,Yes,No,Yes,No internet service,Yes,No internet service,No internet service,No internet service,Month-to-month,Yes,Electronic check,67.37,61.85,No
3281-Z311,Male,0,Yes,No,57,Yes,No phone service,Fiber optic,No,Yes,No,No,Yes,No,Month-to-month,No,Bank transfer (automatic),37.37,2135.72,No
4390-Z160,Male,0,No,No,30,Yes,Yes,Fiber optic,No internet service,Yes,Yes,No internet service,Yes,No internet service,Month-to-month,No,Credit card (automatic),94.6,2853.18,No
6747-R387,Female,0,No,No,58,Yes,No phone service,No,No internet service,Yes,No,No internet service,No internet service,No internet service,One year,No,Electronic check,50.49,2946.7,No
9827-F431,Female,0,Yes,No,52,Yes,No phone service,Fiber optic,No internet service,No internet service,No internet service,Yes,Yes,No,Two year,Yes,Mailed check,62.64,3273.36,No
5794-J686,Male,0,No,No,37,Yes,No,DSL,No,No,Yes,No internet service,No,No internet service,One year,Yes,Mailed check,94.12,3474.85,No
5380-Q795,Female,1,No,No,48,Yes,No phone service,Fiber optic,No,Yes,No,No internet service,No internet service,Yes,One year,No,Bank transfer (automatic),84.54,4069.36,No
2560-E868,Male,0,Yes,No,1,Yes,Yes,No,No internet service,No internet service,No,Yes,No internet service,No internet service,One year,No,Credit card (automatic),58.42,52.49,No
7743-B383,Male,1,Yes,No,19,Yes,No,DSL,No internet service,No,No,No,Yes,No,Month-to-month,Yes,Electronic check,25.39,473.02,No
3078-W986,Male,0,No,No,46,Yes,No,DSL,No,Yes,Yes,No internet service,No internet service,No,One year,Yes,Bank transfer (automatic),110.87,5094.15,No
3174-H249,Male,0,Yes,Yes,67,Yes,Yes,Fiber optic,Yes,No,No,Yes,No internet service,No,Month-to-month,No,Electronic check,19.05,1289.0,No
6277-H879,Female,0,No,No,2,Yes,No,Fiber optic,No internet service,No,Yes,No,No internet service,No internet service,Month-to-month,Yes,Bank transfer (automatic),92.08,179.46,No
7434-P245,Female,0,No,No,56,Yes,Yes,Fiber optic,Yes,Yes,Yes,No,Yes,Yes,Month-to-month,No,Electronic check,113.26,6334.77,No
5402-U524,Female,1,No,Yes,17,Yes,No,DSL,Yes,Yes,No internet service,No internet service,No internet service,No,One year,No,Electronic check,49.07,850.2,No
7146-O177,Male,1,No,No,22,No,Yes,DSL,No,No internet service,No internet service,No,Yes,No,One year,No,Mailed check,25.83,566.9,No
2525-M627,Female,1,Yes,Yes,27,Yes,No phone service,DSL,No,No,Yes,No internet service,No internet service,Yes,One year,Yes,Electronic check,43.33,1176.45,No
5558-W998,Male,0,No,Yes,55,Yes,No phone service,No,Yes,Yes,No internet service,No,No,No,Month-to-month,Yes,Credit card (automatic),49.75,2726.84,No
7046-O599,Female,0,Yes,No,32,Yes,No,No,No,Yes,No,No,No internet service,No internet service,Month-to-month,Yes,Mailed check,63.61,2031.57,No
6362-S102,Male,0,No,Yes,60,Yes,No,Fiber optic,Yes,No,Yes,No,No internet service,No,Month-to-month,No,Bank transfer (automatic),71.04,4260.38,No
2526-X569,Male,1,No,No,28,Yes,No phone service,No,Yes,No,No internet service,No internet service,No internet service,No,Month-to-month,No,Bank transfer (automatic),91.15,2546.41,No
6869-C914,Male,0,Yes,No,28,Yes,Yes,No,No,No,No,No,No,No internet service,Month-to-month,No,Electronic check,108.79,3045.31,No
9756-M323,Female,0,No,Yes,25,Yes,No,Fiber optic,No,Yes,Yes,Yes,No internet service,Yes,Month-to-month,No,Mailed check,64.96,1615.11,No
8039-G606,Female,0,Yes,Yes,26,Yes,No phone service,Fiber optic,No internet service,Yes,No,Yes,No,Yes,One year,No,Mailed check,93.26,2424.0,No
5399-K948,Female,0,Yes,Yes,71,Yes,No,DSL,No,No internet service,Yes,No,No,No,One year,No,Bank transfer (automatic),31.03,2214.53,No
5646-K660,Female,1,No,No,17,No,No phone service,DSL,No internet service,No,No internet service,No internet service,No,No internet service,Month-to-month,No,Credit card (automatic),51.29,855.2,No
3139-S972,Male,0,No,No,7,Yes,No phone service,Fiber optic,No,Yes,No,Yes,Yes,No internet service,One year,No,Credit card (automatic),30.12,209.52,No
8951-Z451,Female,0,No,Yes,56,Yes,No phone service,Fiber optic,No,Yes,No internet service,No,Yes,Yes,Month-to-month,Yes,Mailed check,87.77,4910.31,No
1793-B201,Female,0,No,No,64,Yes,Yes,No,No,No,No,Yes,No,Yes,Month-to-month,No,Mailed check,109.47,7000.3,No
8529-A227,Male,0,Yes,No,20,Yes,No,No,No,Yes,No,Yes,Yes,Yes,Two year,No,Bank transfer (automatic),107.6,2171.53,No
3588-O567,Male,0,No,Yes,38,Yes,Yes,No,Yes,No,No,Yes,No,No internet service,One year,No,Mailed check,51.06,1954.74,No
1011-N307,Male,0,No,Yes,58,Yes,Yes,Fiber optic,No,Yes,No,Yes,Yes,No internet service,Month-to-month,Yes,Bank transfer (automatic),41.79,2418.92,No
3161-U409,Female,1,No,Yes,16,Yes,No phone service,Fiber optic,Yes,No,No internet service,Yes,Yes,No internet service,Two year,Yes,Credit card (automatic),45.79,719.09,No
3604-I195,Male,1,No,Yes,51,Yes,Yes,DSL,No,No,No,No,No internet service,No,One year,No,Mailed check,47.13,2418.84,No
6905-I184,Male,0,No,Yes,27,Yes,No,No,No,Yes,No internet service,Yes,Yes,No,Month-to-month,Yes,Credit card (automatic),26.52,720.05,No
7092-V764,Male,0,Yes,Yes,51,Yes,No,DSL,Yes,No,No,No,Yes,Yes,One year,No,Credit card (automatic),31.65,1602.6,No
3711-B505,Female,1,No,Yes,16,Yes,No phone service,Fiber optic,No,No internet service,Yes,Yes,No internet service,Yes,Month-to-month,Yes,Electronic check,39.81,627.85,No
6005-X816,Male,0,Yes,Yes,60,Yes,No phone service,No,No internet service,No internet service,Yes,No internet service,No,No,One year,Yes,Bank transfer (automatic),19.07,1145.25,No
4836-N771,Female,0,No,Yes,40,Yes,No,DSL,No internet service,No,No,No,No internet service,No,One year,No,Bank transfer (automatic),23.0,937.55,No
2494-W197,Female,0,No,Yes,67,No,No,Fiber optic,No,No internet service,Yes,No internet service,Yes,No,Two year,Yes,Bank transfer (automatic),88.45,5922.47,No
1017-G588,Male,0,No,No,2,No,No phone service,DSL,No internet service,Yes,No,No internet service,Yes,No,Month-to-month,No,Electronic check,80.49,165.52,No
2276-E707,Male,0,Yes,No,48,Yes,Yes,No,No internet service,Yes,No internet service,Yes,No,Yes,Month-to-month,No,Bank transfer (automatic),113.26,5430.57,No
4705-Q796,Female,1,No,Yes,52,Yes,No,DSL,No internet service,No,Yes,Yes,Yes,No,Two year,Yes,Electronic check,58.63,3053.5,No
8291-A108,Male,0,Yes,No,24,Yes,No phone service,DSL,No internet service,Yes,No,Yes,No internet service,No,Month-to-month,Yes,Mailed check,62.91,1493.54,No
6629-D980,Male,0,Yes,No,2,Yes,No phone service,Fiber optic,Yes,Yes,No,Yes,No,No internet service,Two year,No,Electronic check,25.06,56.51,No
7919-W235,Female,0,No,No,65,Yes,No,No,Yes,No internet service,No internet service,Yes,No internet service,Yes,Month-to-month,No,Credit card (automatic),33.55,2183.17,No
8826-C334,Female,0,Yes,No,20,Yes,No phone service,DSL,Yes,Yes,No internet service,No internet service,Yes,Yes,Month-to-month,No,Bank transfer (automatic),87.76,1746.95,No
7276-C848,Male,0,No,No,34,Yes,No,Fiber optic,No internet service,Yes,No,No internet service,No,No internet service,Month-to-month,No,Electronic check,41.87,1390.07,No
2678-D420,Female,0,No,No,41,Yes,No phone service,No,No internet service,No internet service,No,Yes,Yes,Yes,One year,Yes,Electronic check,95.96,3950.61,No
7022-J240,Male,0,Yes,Yes,41,Yes,No phone service,Fiber optic,Yes,No,No,Yes,Yes,Yes,Month-to-month,Yes,Electronic check,89.17,3638.57,No
7270-Y932,Male,0,No,Yes,23,Yes,Yes,No,No internet service,No,No,No,No internet service,No,Month-to-month,No,Electronic check,93.35,2159.67,No
3181-U793,Male,1,No,No,38,Yes,No phone service,Fiber optic,Yes,No internet service,No,No,Yes,No,Month-to-month,No,Mailed check,87.65,3322.44,No
3340-C643,Female,1,Yes,No,44,Yes,No,Fiber optic,Yes,No internet service,No,No internet service,No internet service,Yes,Month-to-month,No,Mailed check,89.37,3936.09,No
1138-T765,Male,0,Yes,Yes,67,No,No,Fiber optic,Yes,Yes,No internet service,No internet service,Yes,No internet service,Month-to-month,No,Mailed check,73.2,4910.55,No
3688-O459,Male,0,Yes,No,62,Yes,Yes,DSL,No internet service,Yes,Yes,No internet service,No internet service,No internet service,Month-to-month,No,Bank transfer (automatic),86.41,5373.97,No
4490-U866,Male,0,Yes,No,12,Yes,No,DSL,Yes,No,No,Yes,No internet service,Yes,Month-to-month,No,Electronic check,71.13,842.72,No
3480-N730,Female,0,Yes,No,30,No,No phone service,Fiber optic,No,No,No,No internet service,No,Yes,Month-to-month,No,Mailed check,38.96,1168.41,No
8248-G188,Female,0,Yes,No,65,Yes,Yes,No,Yes,No internet service,No internet service,No internet service,No,Yes,One year,Yes,Bank transfer (automatic),40.12,2598.16,No
2646-E870,Female,0,No,No,41,Yes,No,Fiber optic,Yes,Yes,Yes,No internet service,Yes,Yes,Month-to-month,Yes,Credit card (automatic),58.98,2407.74,No
3017-S847,Female,0,Yes,Yes,20,Yes,No phone service,DSL,No,No internet service,No internet service,No,Yes,No,Month-to-month,No,Credit card (automatic),19.65,393.93,No
7291-L539,Female,1,Yes,Yes,6,Yes,Yes,No,No internet service,No,No internet service,No internet service,No,No,Month-to-month,Yes,Bank transfer (automatic),107.62,654.12,No
6152-Z243,Male,1,No,No,4,Yes,No phone service,DSL,Yes,No,No,No internet service,No internet service,Yes,Month-to-month,No,Electronic check,45.21,205.7,No
5059-I760,Female,1,No,Yes,10,Yes,No,Fiber optic,No,No internet service,No,No,No internet service,No internet service,Two year,Yes,Electronic check,23.43,232.1,No
2380-H666,Female,0,Yes,No,51,Yes,No,DSL,No internet service,Yes,No internet service,No internet service,No,No,Two year,No,Credit card (automatic),60.9,3105.2,No
5668-Y807,Female,0,Yes,No,38,Yes,No,DSL,No,Yes,No,Yes,No,Yes,Month-to-month,No,Electronic check,100.22,3808.31,No
1439-V996,Male,0,No,No,1,Yes,No,DSL,Yes,No internet service,No,No,Yes,No internet service,One year,No,Electronic check,58.18,59.82,No
5942-G630,Female,0,Yes,No,8,Yes,Yes,Fiber optic,No,No,No,No internet service,No internet service,No,One year,Yes,Electronic check,44.65,359.72,No
9348-G865,Female,0,Yes,No,63,No,No,DSL,No internet service,No internet service,Yes,No,No,No,Two year,Yes,Electronic check,73.01,4588.08,No
7418-J761,Male,0,No,No,33,No,Yes,Fiber optic,Yes,No internet service,Yes,No internet service,No internet service,Yes,Two year,Yes,Mailed check,75.98,2479.8,No
1894-Z912,Female,0,Yes,No,15,Yes,Yes,Fiber optic,No,Yes,No,No internet service,No internet service,No internet service,Month-to-month,No,Mailed check,94.55,1415.55,No
4921-P495,Male,1,No,No,31,Yes,No phone service,DSL,No internet service,No,No internet service,No,No,Yes,Two year,Yes,Electronic check,98.63,3077.14,No
2847-H611,Male,0,Yes,No,21,Yes,No,No,No internet service,No,Yes,Yes,No internet service,No,Two year,No,Bank transfer (automatic),89.22,1874.35,No
2163-Q112,Male,0,No,Yes,3,Yes,No phone service,DSL,Yes,Yes,No internet service,No,Yes,No internet service,Month-to-month,No,Mailed check,18.71,54.8,No
6916-K235,Male,0,No,No,66,Yes,No phone service,DSL,Yes,No,No,Yes,No,No,Month-to-month,No,Electronic check,18.46,1218.14,No
7337-S530,Male,0,No,Yes,35,Yes,No phone service,DSL,Yes,No,No internet service,Yes,No internet service,Yes,One year,Yes,Mailed check,116.48,4069.81,No
6986-R799,Female,0,Yes,Yes,41,Yes,No phone service,No,Yes,Yes,No internet service,No,No,Yes,Month-to-month,Yes,Bank transfer (automatic),44.8,1835.81,No
3830-Y582,Male,0,No,No,59,Yes,No phone service,No,No,No,Yes,No internet service,No,No,One year,Yes,Bank transfer (automatic),46.63,2751.62,No
2195-A701,Male,0,Yes,Yes,16,Yes,No,Fiber optic,No internet service,No,No internet service,Yes,No internet service,Yes,Month-to-month,Yes,Mailed check,91.84,1469.84,No
2106-A368,Female,0,No,No,56,Yes,No phone service,No,Yes,No internet service,No internet service,No,Yes,Yes,Month-to-month,Yes,Electronic check,76.7,4296.32,No
4534-B161,Male,0,No,No,45,Yes,Yes,No,Yes,No,Yes,No internet service,No,No,Two year,Yes,Electronic check,64.84,2918.83,No
7520-Q393,Female,0,No,No,59,Yes,Yes,DSL,Yes,No internet service,No,No internet service,No internet service,No internet service,Two year,No,Credit card (automatic),29.95,1766.43,No
9209-Y525,Female,0,Yes,No,50,Yes,No,Fiber optic,No,No internet service,No internet service,No internet service,No,No,Month-to-month,No,Electronic check,26.44,1333.36,No
7939-W511,Female,1,Yes,Yes,12,No,Yes,Fiber optic,No internet service,No internet service,No,No,No,No,One year,Yes,Bank transfer (automatic),88.96,1086.46,No
2350-U649,Male,0,No,Yes,12,Yes,No phone service,No,No internet service,Yes,No,No,No internet service,No internet service,Month-to-month,No,Bank transfer (automatic),30.77,352.35,No
9808-T256,Male,0,Yes,No,33,Yes,Yes,No,Yes,Yes,No,No internet service,Yes,Yes,One year,No,Bank transfer (automatic),62.05,2042.09,No
5546-C417,Male,0,Yes,Yes,49,No,No phone service,DSL,No internet service,No,Yes,No internet service,No internet service,No internet service,Month-to-month,No,Credit card (automatic),92.23,4497.08,No
2294-Q308,Female,1,Yes,Yes,21,Yes,No,No,No,No internet service,No,No internet service,No,No,One year,Yes,Credit card (automatic),111.03,2336.61,No
3545-R434,Male,1,No,Yes,60,Yes,Yes,No,No internet service,No,No internet service,No internet service,Yes,No internet service,Month-to-month,Yes,Credit card (automatic),106.05,,No
7401-S749,Male,0,Yes,No,52,Yes,Yes,Fiber optic,Yes,No,No,No,Yes,Yes,Two year,Yes,Bank transfer (automatic),105.09,5465.79,No
2083-J815,Male,0,No,Yes,54,Yes,Yes,No,No internet service,No,No,No internet service,Yes,No internet service,One year,No,Mailed check,54.28,2932.34,No
8167-X966,Female,1,No,Yes,39,Yes,No,DSL,No,No,No,Yes,Yes,No internet service,Month-to-month,Yes,Electronic check,111.43,4340.01,No
4909-B350,Female,0,No,Yes,49,Yes,No,Fiber optic,No,No,No internet service,Yes,No,No,One year,No,Electronic check,86.96,4262.92,No
2412-N218,Male,0,Yes,No,64,Yes,Yes,Fiber optic,No internet service,No internet service,No,No,No internet service,No internet service,Two year,Yes,Mailed check,107.34,6869.01,No
8428-T723,Male,0,No,Yes,26,Yes,No,No,No internet service,No internet service,No,Yes,No internet service,No,Month-to-month,No,Mailed check,27.19,717.78,No
1901-J782,Male,1,Yes,Yes,71,Yes,No phone service,DSL,Yes,No internet service,No,Yes,Yes,Yes,Month-to-month,Yes,Electronic check,22.23,1598.73,No
3877-D112,Male,1,Yes,No,7,No,No,Fiber optic,Yes,No internet service,Yes,Yes,Yes,No internet service,Two year,No,Electronic check,61.43,445.59,No
3248-W111,Female,0,No,Yes,72,Yes,Yes,DSL,Yes,Yes,No internet service,No,No internet service,No internet service,One year,No,Credit card (automatic),101.47,7328.5,No
3684-P455,Female,0,No,No,62,Yes,No phone service,DSL,No internet service,No internet service,Yes,Yes,Yes,No,Two year,No,Credit card (automatic),59.31,3683.76,No
9568-Q901,Female,0,No,No,24,Yes,Yes,No,No,No internet service,No internet service,No internet service,No internet service,No,Month-to-month,Yes,Mailed check,107.16,2575.21,No
5247-F480,Female,0,Yes,No,40,Yes,Yes,DSL,No,No internet service,No,Yes,No internet service,Yes,Two year,Yes,Mailed check,41.84,1673.44,No
3079-X899,Male,1,Yes,No,47,No,Yes,Fiber optic,No internet service,Yes,No internet service,Yes,Yes,No,One year,No,Bank transfer (automatic),22.2,1047.12,No
5403-X220,Male,0,No,No,8,Yes,No,No,No,No,No internet service,Yes,No internet service,No,Two year,Yes,Mailed check,94.76,761.46,No
1480-K926,Male,0,No,No,54,Yes,Yes,Fiber optic,No,Yes,No internet service,No internet service,No internet service,Yes,One year,Yes,Mailed check,81.18,4396.96,No
8034-I636,Female,0,Yes,Yes,9,Yes,No phone service,DSL,No internet service,No internet service,No internet service,No,No internet service,No,Month-to-month,Yes,Bank transfer (automatic),62.48,560.55,No
2046-I829,Male,0,Yes,No,3,Yes,No phone service,DSL,No,No internet service,Yes,No,Yes,No,Month-to-month,Yes,Electronic check,103.2,299.14,No
2262-P566,Female,0,No,Yes,54,Yes,No phone service,No,No internet service,Yes,No internet service,Yes,No,No,Month-to-month,No,Credit card (automatic),101.08,5458.02,No
9368-L156,Female,0,Yes,Yes,21,Yes,Yes,No,Yes,No,Yes,No internet service,No,No,Month-to-month,No,Bank transfer (automatic),50.87,1059.04,No
9185-S270,Male,0,Yes,No,48,Yes,No phone service,Fiber optic,No,Yes,Yes,Yes,No,Yes,One year,No,Mailed check,102.47,4916.42,No
7024-F361,Male,0,Yes,Yes,47,Yes,No phone service,Fiber optic,No internet service,Yes,No,No,No,Yes,One year,No,Mailed check,52.94,2470.94,No
2685-S790,Male,0,Yes,Yes,68,Yes,No phone service,DSL,No,No internet service,No internet service,No,No,No,Month-to-month,No,Electronic check,80.75,5491.36,No
2889-H858,Female,0,Yes,Yes,63,Yes,No phone service,No,No,Yes,No,No internet service,Yes,No internet service,One year,No,Credit card (automatic),37.6,2359.98,No
9336-A145,Male,0,Yes,No,16,Yes,No,DSL,Yes,Yes,No internet service,No internet service,Yes,Yes,Month-to-month,No,Credit card (automatic),44.8,724.25,No
1201-H147,Female,1,No,Yes,5,Yes,Yes,DSL,No internet service,Yes,Yes,No,No,No internet service,Month-to-month,Yes,Credit card (automatic),63.26,312.52,No
8729-L492,Male,1,Yes,Yes,11,Yes,Yes,Fiber optic,Yes,Yes,Yes,No,No,No,Month-to-month,No,Credit card (automatic),49.87,529.42,No
3458-F978,Female,1,No,No,29,Yes,No phone service,Fiber optic,No,Yes,Yes,No,No internet service,No,One year,No,Electronic check,31.23,901.61,No
1579-R922,Female,0,No,Yes,70,Yes,Yes,Fiber optic,No,Yes,No internet service,Yes,No internet service,Yes,Two year,No,Bank transfer (automatic),66.72,4669.57,No
7870-H429,Male,1,Yes,Yes,48,Yes,No phone service,No,No,No internet service,No internet service,No,No internet service,No internet service,Month-to-month,Yes,Electronic check,69.64,3346.05,No
5067-N837,Female,0,No,Yes,15,Yes,No phone service,Fiber optic,No internet service,No internet service,No internet service,No,No,Yes,Two year,Yes,Mailed check,34.2,518.31,No
6241-I945,Female,0,No,No,34,Yes,No phone service,No,Yes,No internet service,No internet service,No internet service,No,Yes,Month-to-month,No,Electronic check,35.77,1208.12,No
2276-S481,Male,0,No,Yes,60,Yes,Yes,DSL,No internet service,No internet service,No internet service,No,Yes,Yes,Two year,No,Mailed check,21.2,1264.38,No
2956-Q789,Female,0,Yes,Yes,62,Yes,No,No,No,Yes,No,No,No internet service,No,Two year,Yes,Electronic check,21.3,1320.31,No
1862-F328,Male,0,No,No,2,Yes,Yes,Fiber optic,Yes,Yes,No internet service,No internet service,No internet service,No internet service,One year,Yes,Credit card (automatic),54.29,111.62,No
9450-B510,Female,0,Yes,No,19,Yes,Yes,No,No,Yes,No,No,Yes,No,Month-to-month,No,Credit card (automatic),32.99,631.54,No
2129-O986,Male,0,No,No,49,Yes,No,No,Yes,Yes,No internet service,No internet service,Yes,No,Month-to-month,No,Bank transfer (automatic),110.62,5429.89,No
5625-Y965,Male,0,No,Yes,28,Yes,Yes,Fiber optic,No internet service,No internet service,No internet service,No internet service,Yes,No,Month-to-month,No,Credit card (automatic),38.29,1055.36,No
6090-K188,Female,0,No,No,48,Yes,No,Fiber optic,No internet service,No internet service,No internet service,No internet service,No internet service,Yes,One year,No,Electronic check,24.88,1203.94,No
8483-A477,Female,0,No,No,37,Yes,No phone service,DSL,No internet service,Yes,No internet service,No internet service,Yes,No,Month-to-month,No,Mailed check,58.87,2186.38,No
4287-J677,Female,0,Yes,No,49,Yes,No,No,No internet service,Yes,Yes,No internet service,No,No,Month-to-month,No,Bank transfer (automatic),37.59,1850.41,No
5979-X737,Female,1,No,Yes,48,Yes,No phone service,DSL,No internet service,Yes,Yes,No internet service,No,No,Month-to-month,No,Bank transfer (automatic),24.46,1171.86,No
4974-O477,Female,1,No,No,29,Yes,No,DSL,Yes,Yes,No,No internet service,No,No,Month-to-month,Yes,Electronic check,93.9,2725.65,No
9083-Y894,Male,0,Yes,No,60,Yes,No phone service,No,Yes,No,No,No,Yes,No,Month-to-month,No,Electronic check,74.24,4459.33,No
4201-X659,Female,0,Yes,No,29,Yes,Yes,DSL,No,No,No internet service,Yes,No internet service,No,Month-to-month,Yes,Credit card (automatic),23.98,693.58,No
5016-E106,Male,0,Yes,No,58,Yes,No,No,Yes,No,No internet service,No,No internet service,No internet service,One year,Yes,Credit card (automatic),65.29,3796.33,No
7718-A338,Male,1,No,No,48,No,Yes,DSL,No,No,No internet service,No internet service,Yes,Yes,Month-to-month,Yes,Credit card (automatic),22.15,1051.38,No
9872-L751,Female,0,Yes,Yes,23,Yes,No phone service,DSL,No internet service,Yes,No internet service,No internet service,Yes,No,One year,No,Bank transfer (automatic),53.86,1245.98,No
1157-K101,Male,0,Yes,Yes,27,Yes,No,No,Yes,Yes,Yes,No,No internet service,Yes,One year,Yes,Bank transfer (automatic),54.76,1483.47,No
7164-X844,Male,0,Yes,No,7,Yes,No,Fiber optic,Yes,Yes,No,Yes,No,No internet service,Month-to-month,Yes,Mailed check,100.96,721.92,No
6038-D310,Male,0,Yes,No,49,Yes,No,No,No internet service,No,No,No,No,No internet service,Month-to-month,No,Bank transfer (automatic),92.15,4534.74,No
9680-H529,Male,0,Yes,No,54,Yes,Yes,Fiber optic,No internet service,No,No,No,No internet service,Yes,One year,No,Credit card (automatic),108.39,5851.14,No
9061-B245,Female,1,Yes,Yes,68,Yes,No phone service,No,No internet service,Yes,Yes,No,Yes,No internet service,Two year,No,Bank transfer (automatic),32.37,2216.54,No
5584-C144,Male,0,No,Yes,42,Yes,Yes,No,No,No,No internet service,Yes,No,No,Month-to-month,No,Bank transfer (automatic),71.89,3022.41,No
4792-Q522,Female,0,Yes,Yes,59,No,No,Fiber optic,No,No internet service,Yes,No internet service,No,No internet service,Month-to-month,No,Bank transfer (automatic),20.28,1199.84,No
7102-O865,Female,1,No,Yes,44,Yes,No phone service,Fiber optic,Yes,No,Yes,Yes,No,No,One year,No,Mailed check,101.21,4457.19,No
2391-S197,Male,1,Yes,No,26,Yes,No phone service,No,No internet service,No,No,No,Yes,Yes,Two year,No,Bank transfer (automatic),55.09,1418.96,No
9280-E752,Female,0,Yes,No,23,Yes,Yes,No,Yes,No,Yes,No,Yes,Yes,Two year,No,Mailed check,25.22,591.41,No
7461-C706,Female,0,Yes,No,8,No,Yes,No,No internet service,No,No,Yes,No,Yes,Month-to-month,No,Bank transfer (automatic),50.88,393.16,No
2020-N778,Female,0,No,No,53,Yes,No,Fiber optic,No internet service,Yes,Yes,Yes,Yes,Yes,Month-to-month,No,Mailed check,47.08,2500.28,No
3141-H398,Male,1,Yes,Yes,14,Yes,No,No,No internet service,No internet service,No,No internet service,No internet service,Yes,One year,Yes,Credit card (automatic),95.23,1308.16,No
5276-K920,Female,0,Yes,No,71,Yes,No,Fiber optic,No internet service,Yes,No,No internet service,Yes,Yes,Month-to-month,No,Mailed check,30.97,2196.7,No
7438-W951,Female,1,Yes,Yes,7,Yes,No,DSL,No internet service,No,No internet service,Yes,No internet service,No,Month-to-month,Yes,Electronic check,74.11,518.67,No
6345-K563,Female,0,Yes,Yes,9,Yes,No phone service,Fiber optic,No,No,No,No internet service,No,Yes,One year,Yes,Mailed check,98.04,888.75,No
5455-H176,Male,0,No,No,3,Yes,No,DSL,Yes,No,Yes,No,No,No internet service,One year,No,Mailed check,92.57,292.22,No
4321-E898,Female,0,No,Yes,17,No,No,No,No internet service,No,No,Yes,No internet service,No,One year,No,Credit card (automatic),112.31,1908.51,No
2785-E208,Male,0,No,Yes,44,Yes,No,No,No,No,Yes,No internet service,No,No,Month-to-month,No,Mailed check,18.31,793.18,No
3693-O577,Male,0,No,No,46,Yes,Yes,Fiber optic,No,No internet service,No,No,No,No,Two year,No,Credit card (automatic),53.81,2470.78,No
6145-N223,Male,0,No,Yes,58,Yes,Yes,DSL,No internet service,Yes,No internet service,Yes,No,No,Month-to-month,Yes,Credit card (automatic),55.39,3214.98,No
9780-L888,Male,0,Yes,Yes,28,Yes,Yes,No,No internet service,No,No internet service,No internet service,Yes,Yes,Month-to-month,No,Credit card (automatic),21.6,606.35,No
4401-O415,Male,1,Yes,No,14,Yes,No,No,No,No internet service,Yes,No,Yes,Yes,One year,Yes,Electronic check,100.39,1388.07,No
8591-I972,Male,0,Yes,Yes,9,Yes,No phone service,DSL,No internet service,Yes,No,Yes,No internet service,Yes,Two year,Yes,Mailed check,87.48,782.2,No
2964-C261,Female,0,No,Yes,26,Yes,No,No,No,Yes,Yes,No internet service,No internet service,No internet service,One year,No,Electronic check,71.32,1848.99,No
5984-W813,Male,0,Yes,No,2,Yes,Yes,No,No internet service,Yes,No internet service,No,Yes,Yes,One year,No,Credit card (automatic),58.95,115.82,No
1660-G955,Female,0,No,Yes,34,Yes,Yes,Fiber optic,No,No,Yes,No,No,Yes,Month-to-month,Yes,Mailed check,108.24,3686.16,No
6370-E193,Female,0,Yes,No,19,No,No,No,No internet service,No,Yes,No,Yes,No internet service,Month-to-month,No,Credit card (automatic),44.83,843.88,No
5066-L505,Male,0,No,Yes,39,Yes,No phone service,DSL,No,No internet service,No,No,No,Yes,One year,No,Mailed check,51.87,2033.6,No
9412-B793,Female,1,Yes,Yes,13,Yes,No phone service,No,Yes,No internet service,No internet service,Yes,No internet service,Yes,Month-to-month,No,Mailed check,113.99,1489.26,No
5896-I939,Female,0,Yes,No,5,Yes,No phone service,Fiber optic,No internet service,Yes,No internet service,No,No internet service,No,Two year,No,Mailed check,24.74,102.78,No
3848-A514,Female,0,Yes,No,50,Yes,Yes,No,No internet service,No,No,Yes,No internet service,Yes,Month-to-month,No,Bank transfer (automatic),96.7,4830.82,No
8408-R866,Female,0,Yes,Yes,23,Yes,Yes,DSL,No,Yes,No,Yes,Yes,No internet service,Month-to-month,No,Bank transfer (automatic),90.42,2081.78,No
5093-D573,Male,0,No,No,29,Yes,No phone service,No,No internet service,Yes,No,No internet service,Yes,No,Month-to-month,No,Bank transfer (automatic),108.89,3172.92,No
2669-Z912,Female,0,Yes,Yes,72,No,No,DSL,Yes,No internet service,No internet service,Yes,No,No internet service,Month-to-month,Yes,Mailed check,27.35,1957.21,No
3290-D112,Male,1,Yes,No,26,Yes,No phone service,Fiber optic,Yes,No,No internet service,No,No internet service,No internet service,Month-to-month,No,Credit card (automatic),115.78,2993.04,No
2010-Y327,Female,1,Yes,Yes,57,Yes,No,No,No,No internet service,No,Yes,No,Yes,Month-to-month,Yes,Credit card (automatic),21.15,1207.78,No
3141-G943,Female,0,No,Yes,1,Yes,Yes,No,No,No,Yes,Yes,No,No,Month-to-month,Yes,Bank transfer (automatic),52.19,42.12,No
7563-L802,Male,0,Yes,Yes,28,Yes,Yes,Fiber optic,No internet service,Yes,No internet service,No internet service,Yes,Yes,Two year,No,Electronic check,26.78,749.11,No
2376-S700,Female,0,Yes,Yes,62,Yes,Yes,DSL,No,Yes,No,Yes,Yes,No,Month-to-month,No,Mailed check,23.39,1442.89,No
5240-C122,Female,0,Yes,Yes,47,Yes,No phone service,DSL,Yes,Yes,No,No internet service,No,No,One year,No,Credit card (automatic),115.2,5423.61,No
2056-G761,Female,0,Yes,No,59,Yes,No phone service,No,Yes,No,Yes,Yes,No,No,Month-to-month,Yes,Credit card (automatic),90.58,5351.65,No
8265-Z231,Male,0,Yes,No,31,Yes,Yes,DSL,No internet service,Yes,No,No internet service,No,No internet service,One year,Yes,Bank transfer (automatic),69.07,2135.11,No
2506-Z439,Female,0,No,Yes,70,Yes,Yes,DSL,Yes,No,Yes,Yes,Yes,Yes,One year,No,Electronic check,29.12,2053.51,No
3007-B572,Male,0,No,Yes,49,Yes,Yes,No,No,No,Yes,No,No,No,One year,No,Electronic check,71.12,3485.52,No
1829-F687,Female,0,No,No,5,Yes,No phone service,DSL,No internet service,No internet service,No internet service,Yes,Yes,No,Month-to-month,No,Mailed check,50.42,255.41,No
8096-X504,Male,0,Yes,No,31,No,No phone service,DSL,No internet service,Yes,No,No internet service,No internet service,No internet service,One year,No,Credit card (automatic),45.54,1405.12,No
9128-A491,Male,0,No,No,37,Yes,Yes,No,No internet service,No internet service,No internet service,No internet service,No internet service,No,Month-to-month,Yes,Mailed check,80.37,2966.32,No
7990-F462,Female,0,Yes,No,15,Yes,No phone service,No,No,No,No internet service,No,No,No,One year,Yes,Electronic check,97.74,1481.43,No
4517-F381,Female,1,Yes,No,52,Yes,No phone service,DSL,No internet service,Yes,No internet service,No,Yes,Yes,Month-to-month,Yes,Electronic check,62.8,3266.76,No
5585-O252,Male,0,Yes,Yes,69,Yes,No phone service,No,No internet service,Yes,No,No internet service,No internet service,No internet service,Month-to-month,Yes,Mailed check,67.83,4682.54,No
1567-T734,Male,0,Yes,Yes,11,Yes,No phone service,DSL,Yes,No,No,No,Yes,No internet service,One year,Yes,Electronic check,83.72,915.81,No
5026-U402,Female,0,No,No,43,Yes,Yes,DSL,Yes,Yes,No,Yes,Yes,No,Month-to-month,No,Bank transfer (automatic),30.78,1326.27,No
9173-N663,Male,1,No,No,70,Yes,Yes,DSL,No internet service,No,No internet service,Yes,No internet service,No,Two year,Yes,Bank transfer (automatic),101.52,7106.58,No
8848-B189,Female,0,No,No,23,Yes,No phone service,DSL,No,Yes,Yes,No,No,No internet service,Month-to-month,No,Electronic check,102.36,2354.1,No
5583-M240,Female,0,Yes,No,40,Yes,Yes,No,No,Yes,No internet service,Yes,No,No,Two year,Yes,Credit card (automatic),72.63,2921.71,No
7868-G758,Female,0,No,No,63,Yes,Yes,No,No,No,Yes,Yes,No internet service,No,Month-to-month,Yes,Electronic check,37.1,2338.64,No
9614-H745,Female,0,No,No,2,Yes,Yes,Fiber optic,No,No internet service,No,No,Yes,No internet service,Month-to-month,No,Mailed check,68.58,125.84,No
9907-Z119,Male,1,Yes,No,47,Yes,No,No,Yes,No,No,No internet service,No,No,Month-to-month,Yes,Credit card (automatic),28.9,1363.28,No
7266-Z830,Female,0,No,No,30,Yes,Yes,Fiber optic,No,Yes,No internet service,Yes,Yes,Yes,Month-to-month,No,Bank transfer (automatic),94.96,2845.12,No
6883-P657,Male,1,Yes,No,16,Yes,Yes,DSL,No,No,Yes,No,No internet service,No,Month-to-month,No,Bank transfer (automatic),49.52,782.18,No
8940-L679,Female,1,No,Yes,59,No,No phone service,No,No internet service,No,No,No internet service,No,No internet service,Month-to-month,No,Bank transfer (automatic),49.52,2914.53,No
9231-K497,Male,1,No,No,47,Yes,No phone service,DSL,No,No,No,Yes,No,Yes,Month-to-month,No,Bank transfer (automatic),113.23,5332.71,No
5430-F126,Female,0,No,No,30,Yes,No,Fiber optic,No,Yes,No internet service,Yes,No,No,Month-to-month,Yes,Bank transfer (automatic),60.65,1809.22,No
6224-T324,Male,0,Yes,Yes,9,Yes,No,No,No,No internet service,No internet service,No,No internet service,Yes,Month-to-month,Yes,Credit card (automatic),97.6,868.62,No
1480-Z897,Male,0,No,Yes,65,Yes,Yes,No,No,No internet service,No internet service,Yes,No internet service,No internet service,Month-to-month,No,Bank transfer (automatic),82.28,5348.83,No
5602-B928,Female,0,No,Yes,59,Yes,Yes,No,Yes,Yes,Yes,No internet service,No internet service,Yes,One year,No,Credit card (automatic),50.03,2948.49,No
8728-Q466,Female,0,No,No,64,Yes,No phone service,No,No internet service,No internet service,Yes,No,Yes,No,Month-to-month,Yes,Mailed check,30.69,1954.35,No
4813-F202,Female,0,No,No,8,Yes,Yes,DSL,Yes,No,No,No,Yes,No,Two year,Yes,Electronic check,98.42,796.56,No
5060-V346,Female,0,Yes,No,52,Yes,Yes,No,No internet service,No,No internet service,No,Yes,No internet service,Month-to-month,No,Credit card (automatic),94.88,4929.54,No
5366-R935,Male,0,Yes,No,18,Yes,Yes,Fiber optic,No internet service,No internet service,No,No,No,Yes,One year,No,Bank transfer (automatic),35.25,621.55,No
1916-Y324,Female,1,No,Yes,58,Yes,Yes,No,No internet service,No internet service,Yes,No internet service,No,Yes,Month-to-month,No,Mailed check,43.29,2513.81,No
7363-L959,Male,0,No,No,49,Yes,Yes,Fiber optic,No internet service,No internet service,No,No internet service,No,No internet service,One year,No,Mailed check,95.26,4675.88,No
3846-F342,Male,1,No,No,32,Yes,Yes,Fiber optic,Yes,No,No,No internet service,No internet service,No internet service,Month-to-month,Yes,Electronic check,117.1,3751.9,No
6210-Z855,Female,0,Yes,Yes,48,Yes,Yes,DSL,No internet service,No,No internet service,No internet service,No internet service,No internet service,Two year,No,Electronic check,103.04,4952.5,No
6878-S128,Male,1,No,No,45,Yes,Yes,No,No,Yes,No,No internet service,No,No internet service,Two year,Yes,Credit card (automatic),87.01,3921.87,No
6761-S677,Male,0,No,No,54,Yes,No phone service,Fiber optic,No,Yes,No internet service,No internet service,No internet service,No,One year,No,Credit card (automatic),110.25,5950.82,No
3328-S292,Male,0,Yes,No,46,Yes,No,No,No internet service,No,No,No,Yes,No,One year,No,Electronic check,46.92,2153.68,No
9064-R416,Male,1,Yes,No,31,Yes,Yes,DSL,No,No,No,No,Yes,No internet service,One year,Yes,Electronic check,19.22,589.1,No
3876-P138,Female,0,Yes,Yes,37,Yes,No phone service,DSL,No,Yes,Yes,No,No internet service,No internet service,Month-to-month,Yes,Electronic check,50.51,1868.8,No
2478-B338,Female,1,No,Yes,16,Yes,Yes,No,No internet service,Yes,Yes,No internet service,Yes,Yes,One year,Yes,Mailed check,115.93,1838.52,No
4584-A639,Female,0,Yes,Yes,46,Yes,Yes,Fiber optic,No internet service,No,No,No,Yes,No,Month-to-month,Yes,Electronic check,106.89,4905.39,No
8831-A439,Female,0,Yes,Yes,46,Yes,No,DSL,No internet service,No internet service,No,No internet service,Yes,Yes,One year,No,Mailed check,23.31,1085.55,No
4300-Z233,Male,0,No,No,61,Yes,No phone service,Fiber optic,Yes,No,No internet service,No,No,Yes,Month-to-month,No,Bank transfer (automatic),68.7,4199.67,No
6582-W281,Male,0,Yes,No,46,Yes,Yes,Fiber optic,No internet service,No internet service,Yes,No internet service,No internet service,No,Month-to-month,No,Bank transfer (automatic),26.19,1206.29,No
6301-B122,Female,0,No,No,51,Yes,No,No,No internet service,No,Yes,No internet service,No internet service,No internet service,Month-to-month,No,Credit card (automatic),97.55,4990.33,No
3420-S821,Female,0,No,Yes,62,Yes,No,DSL,Yes,Yes,No,No internet service,No,No,Month-to-month,Yes,Credit card (automatic),55.7,3457.22,No
3320-Y213,Female,0,Yes,Yes,35,Yes,Yes,No,No,Yes,No internet service,Yes,Yes,Yes,One year,No,Electronic check,109.9,3846.78,No
9622-L174,Male,0,No,Yes,42,Yes,Yes,No,Yes,Yes,Yes,Yes,No,No,Month-to-month,Yes,Credit card (automatic),23.72,982.7,No
7120-W778,Female,1,Yes,No,45,Yes,No phone service,No,No,No,No,No internet service,Yes,No internet service,Two year,No,Bank transfer (automatic),92.02,4138.13,No
7481-S203,Female,1,Yes,No,68,Yes,No phone service,Fiber optic,Yes,No,No,No,No,No,Month-to-month,No,Credit card (automatic),58.39,3980.31,No
6514-J430,Female,0,Yes,Yes,47,Yes,Yes,No,No internet service,No,No,No internet service,Yes,No internet service,One year,Yes,Mailed check,45.21,2130.47,No
3235-F849,Male,0,No,Yes,30,Yes,Yes,DSL,Yes,No internet service,No,No internet service,No,No internet service,Two year,No,Credit card (automatic),70.25,2127.07,No
8157-Z754,Male,0,Yes,No,24,Yes,No,Fiber optic,No internet service,No,No,Yes,No,Yes,Month-to-month,No,Bank transfer (automatic),67.04,1609.2,No
8982-U424,Male,0,No,No,66,Yes,No phone service,No,No,No internet service,Yes,No internet service,Yes,Yes,One year,Yes,Bank transfer (automatic),53.31,3492.87,No
3854-W675,Male,1,No,No,43,Yes,Yes,DSL,No internet service,No internet service,Yes,Yes,Yes,No internet service,Month-to-month,Yes,Bank transfer (automatic),83.46,3592.63,No
6846-H781,Male,1,No,Yes,34,Yes,Yes,No,Yes,No internet service,No internet service,No,No internet service,No internet service,Month-to-month,Yes,Bank transfer (automatic),84.71,2855.65,No
3872-M414,Male,0,Yes,Yes,23,Yes,No phone service,No,Yes,Yes,No,No,No internet service,Yes,Month-to-month,No,Mailed check,26.0,593.21,No
5825-E281,Male,0,No,Yes,61,Yes,Yes,No,No,No internet service,No internet service,No,No,No internet service,One year,Yes,Credit card (automatic),78.09,4772.42,No
1029-W686,Male,0,No,Yes,37,Yes,No,Fiber optic,No internet service,No internet service,No,No internet service,No,No,Month-to-month,Yes,Bank transfer (automatic),89.68,3335.0,No
7415-Y681,Female,1,Yes,No,13,Yes,No,No,No,Yes,No,Yes,No internet service,No internet service,Month-to-month,No,Credit card (automatic),25.88,326.09,No
1530-F716,Female,0,Yes,No,71,No,Yes,DSL,No internet service,No internet service,No,No internet service,No internet service,No internet service,Month-to-month,Yes,Electronic check,84.49,6002.78,No
6213-Z726,Male,0,No,No,7,Yes,No phone service,No,No internet service,No,No internet service,No,Yes,Yes,Month-to-month,No,Mailed check,99.05,709.11,No
4619-U679,Male,0,No,Yes,42,No,No,No,No,No,No,No internet service,No internet service,Yes,One year,Yes,Electronic check,101.86,4279.08,No
2705-P244,Female,0,Yes,No,38,Yes,No phone service,Fiber optic,No,Yes,No internet service,Yes,No,Yes,Month-to-month,No,Mailed check,22.44,846.56,No
6425-X179,Male,0,No,No,52,Yes,No phone service,No,No internet service,Yes,Yes,Yes,No internet service,No,Month-to-month,Yes,Bank transfer (automatic),88.34,4612.15,No
4899-L427,Male,1,No,No,44,Yes,No phone service,DSL,No,No internet service,No,No,No internet service,No internet service,Month-to-month,Yes,Credit card (automatic),98.35,4337.32,No
3750-U190,Male,0,No,No,64,Yes,No,DSL,No internet service,No internet service,No internet service,No,No internet service,No internet service,Month-to-month,Yes,Mailed check,58.13,3720.99,No
6500-O111,Female,0,No,No,13,Yes,No,No,No,No internet service,Yes,No,No internet service,Yes,Two year,Yes,Electronic check,72.81,931.24,No
5345-G355,Female,0,Yes,Yes,28,Yes,Yes,DSL,No,Yes,No,No internet service,No,No internet service,One year,No,Electronic check,44.89,1253.36,No
2110-L362,Female,0,No,No,1,No,No phone service,DSL,No,No internet service,Yes,Yes,No internet service,No internet service,Two year,Yes,Credit card (automatic),49.43,42.13,No
2770-X101,Female,0,Yes,No,43,Yes,No,No,Yes,No,No,No internet service,No internet service,No,Month-to-month,No,Mailed check,68.66,2935.2,No
1788-M548,Female,0,No,Yes,42,Yes,No,DSL,No,No,No internet service,No,No,No internet service,One year,No,Electronic check,33.44,1417.97,No
7875-F523,Male,0,Yes,Yes,50,Yes,Yes,DSL,Yes,No internet service,No,Yes,No internet service,No,One year,No,Electronic check,55.49,2780.23,No
9078-M459,Female,0,No,No,60,Yes,No,No,No internet service,Yes,No,No,No,No internet service,One year,Yes,Mailed check,48.54,2905.3,No
9946-M203,Male,0,Yes,No,1,Yes,No,Fiber optic,No internet service,No,No internet service,Yes,No internet service,Yes,Two year,Yes,Bank transfer (automatic),42.19,36.34,No
8855-Z984,Male,0,No,No,51,Yes,No,Fiber optic,No,Yes,No internet service,Yes,No internet service,Yes,Month-to-month,Yes,Bank transfer (automatic),66.88,3406.3,No
4695-F562,Female,1,Yes,No,16,Yes,Yes,No,Yes,No,No internet service,No,No internet service,No internet service,Month-to-month,Yes,Credit card (automatic),102.54,1630.66,No
2207-Z966,Female,0,No,Yes,39,Yes,Yes,Fiber optic,No internet service,No internet service,No,Yes,Yes,Yes,Two year,No,Bank transfer (automatic),42.6,1689.87,No
1547-J120,Male,0,No,No,15,Yes,No phone service,Fiber optic,Yes,No internet service,Yes,Yes,No internet service,No,Month-to-month,No,Credit card (automatic),84.55,1261.09,No
6221-I207,Male,0,Yes,Yes,33,Yes,No,Fiber optic,Yes,Yes,No internet service,No,No,Yes,Month-to-month,No,Electronic check,43.8,1442.18,Yes
2215-K274,Male,0,Yes,No,53,Yes,Yes,Fiber optic,No internet service,No internet service,Yes,Yes,Yes,No,Month-to-month,Yes,Electronic check,32.53,1717.21,No
7151-F849,Female,0,Yes,No,17,Yes,Yes,No,Yes,Yes,No internet service,No,No internet service,No internet service,Month-to-month,No,Bank transfer (automatic),113.05,1903.93,No
2228-R195,Female,0,Yes,No,6,No,Yes,Fiber optic,Yes,Yes,No internet service,No internet service,No,No internet service,Month-to-month,No,Mailed check,81.89,479.01,No
6536-T728,Female,0,Yes,Yes,31,Yes,No phone service,Fiber optic,No internet service,No,No,No internet service,No internet service,Yes,Two year,No,Bank transfer (automatic),28.76,902.16,No
8909-W131,Female,0,No,No,69,Yes,No phone service,No,No,No,No internet service,No,No,No internet service,Month-to-month,No,Credit card (automatic),81.83,5643.01,No
8066-U268,Female,0,Yes,No,40,Yes,No phone service,No,No,No internet service,Yes,Yes,No internet service,No internet service,One year,No,Credit card (automatic),35.97,1442.95,No
8113-F154,Male,1,Yes,Yes,30,Yes,No phone service,Fiber optic,Yes,Yes,No,No internet service,No,No,Month-to-month,Yes,Mailed check,107.47,3228.67,No
2659-K310,Female,1,No,No,69,Yes,No phone service,DSL,No,No,No internet service,No,No,No,Month-to-month,No,Electronic check,43.12,2979.87,No
4112-N813,Male,0,Yes,Yes,7,No,No,No,No internet service,No internet service,Yes,No,Yes,No internet service,Month-to-month,No,Electronic check,99.33,688.37,No
9849-I776,Male,0,Yes,No,13,Yes,No,No,No internet service,No internet service,No,Yes,Yes,Yes,One year,No,Bank transfer (automatic),38.27,514.4,No
5612-J343,Male,1,Yes,Yes,4,Yes,Yes,Fiber optic,No internet service,No,Yes,Yes,No,Yes,Month-to-month,No,Credit card (automatic),74.36,306.65,Yes
2571-B502,Female,1,No,Yes,50,Yes,No phone service,DSL,Yes,No internet service,No,Yes,No,Yes,One year,No,Credit card (automatic),109.94,5501.76,No
9043-E155,Female,0,Yes,Yes,3,Yes,No phone service,No,No internet service,No,No,No,Yes,No internet service,One year,Yes,Mailed check,48.0,146.51,No
6911-A537,Female,0,No,No,12,Yes,Yes,No,Yes,Yes,No,No internet service,No,Yes,Month-to-month,No,Mailed check,26.43,303.39,No
2435-J943,Male,0,No,Yes,65,Yes,No,No,Yes,No internet service,No internet service,No,No internet service,Yes,Month-to-month,Yes,Bank transfer (automatic),73.79,4804.64,No
8869-G199,Male,0,Yes,Yes,27,Yes,No phone service,DSL,No internet service,Yes,No,Yes,No internet service,No internet service,Month-to-month,Yes,Mailed check,35.57,959.07,No
1421-G274,Male,0,No,No,50,Yes,No phone service,No,No internet service,No,No internet service,Yes,No,No,Month-to-month,Yes,Electronic check,91.45,4564.4,No
5781-C584,Male,0,Yes,Yes,17,Yes,No phone service,No,Yes,Yes,No internet service,No,No,No,Two year,Yes,Mailed check,77.63,1309.5,No
2892-J903,Male,0,Yes,No,72,Yes,No,DSL,No internet service,No,No internet service,Yes,Yes,No internet service,One year,Yes,Credit card (automatic),53.06,3830.14,No
7512-P600,Male,0,Yes,No,32,Yes,No,No,No,No internet service,No internet service,Yes,Yes,No,Month-to-month,No,Credit card (automatic),89.17,2839.47,No
5341-C757,Female,0,Yes,Yes,51,Yes,No phone service,DSL,Yes,No internet service,No,No,No,Yes,Two year,No,Credit card (automatic),42.22,2149.23,No
9914-M289,Female,0,Yes,Yes,17,No,No phone service,DSL,Yes,No internet service,No internet service,No internet service,No internet service,No internet service,Month-to-month,Yes,Credit card (automatic),110.41,1878.57,No
7078-M478,Female,0,No,No,34,Yes,Yes,DSL,No internet service,Yes,Yes,Yes,Yes,No internet service,Month-to-month,Yes,Electronic check,53.11,1804.26,No
4056-O145,Female,0,No,Yes,35,Yes,Yes,Fiber optic,No internet service,Yes,Yes,No internet service,No internet service,No,One year,Yes,Bank transfer (automatic),94.93,3326.71,No
5313-O576,Male,0,No,Yes,24,Yes,No,No,Yes,Yes,No,No internet service,No internet service,No internet service,Month-to-month,Yes,Mailed check,44.23,1073.27,No
5315-H957,Male,1,No,Yes,54,Yes,Yes,No,Yes,No,No internet service,No internet service,No internet service,No internet service,Two year,No,Bank transfer (automatic),90.09,4871.05,No
5400-S163,Female,0,Yes,Yes,18,Yes,No phone service,No,Yes,No internet service,Yes,No internet service,No internet service,Yes,Month-to-month,No,Bank transfer (automatic),21.42,386.21,No
3476-Y813,Male,0,Yes,No,50,Yes,No,DSL,No internet service,Yes,Yes,Yes,Yes,No internet service,Month-to-month,Yes,Mailed check,47.95,2393.04,No
2584-C784,Female,0,No,No,46,Yes,Yes,Fiber optic,Yes,No,No internet service,Yes,No,No internet service,Month-to-month,No,Credit card (automatic),27.59,1254.81,No
6632-Z654,Female,0,Yes,Yes,48,Yes,No,DSL,No,Yes,No internet service,No,No,No internet service,Month-to-month,Yes,Credit card (automatic),63.6,3052.16,No
7782-Y703,Female,1,No,No,33,Yes,No phone service,No,No,No,No,Yes,Yes,No internet service,One year,No,Credit card (automatic),61.98,2041.59,No
4727-R162,Male,0,No,Yes,27,Yes,Yes,DSL,No internet service,No internet service,Yes,No,No internet service,No,Two year,Yes,Mailed check,54.33,1472.19,No
7342-Q528,Female,0,No,Yes,1,Yes,Yes,Fiber optic,Yes,Yes,No,No internet service,No,No internet service,One year,No,Mailed check,116.86,115.5,No
9773-V987,Female,0,No,Yes,59,Yes,Yes,No,Yes,No internet service,Yes,No,No,Yes,One year,No,Credit card (automatic),42.78,2534.42,No
8779-S341,Female,0,Yes,Yes,10,Yes,No phone service,DSL,No,Yes,No internet service,No,No,No,Month-to-month,Yes,Electronic check,97.75,973.1,No
8803-J180,Male,1,Yes,No,25,Yes,No,Fiber optic,Yes,No,Yes,Yes,No internet service,No internet service,Month-to-month,Yes,Bank transfer (automatic),63.22,1574.9,No
7468-W135,Male,1,No,Yes,57,No,Yes,DSL,No internet service,No internet service,Yes,No,No,No,One year,No,Electronic check,51.9,2962.53,No
9226-S629,Female,0,No,No,66,Yes,No,DSL,No internet service,Yes,Yes,No internet service,Yes,No internet service,Two year,Yes,Bank transfer (automatic),38.7,2555.28,No
3415-D875,Male,0,No,Yes,15,Yes,No,No,No internet service,Yes,No internet service,Yes,No,No internet service,One year,Yes,Bank transfer (automatic),81.91,1232.45,No
8357-F271,Male,1,No,No,28,Yes,No,Fiber optic,Yes,No internet service,No internet service,Yes,No,No,Month-to-month,No,Electronic check,51.78,1448.52,No
4471-Z297,Male,1,No,No,13,Yes,No phone service,DSL,Yes,No,Yes,Yes,Yes,No,One year,Yes,Bank transfer (automatic),99.95,1299.61,No
3067-B533,Male,0,Yes,No,14,Yes,No phone service,Fiber optic,No,No internet service,Yes,No internet service,No internet service,No,Month-to-month,Yes,Electronic check,115.58,1615.16,Yes
2283-V545,Male,0,No,No,66,Yes,Yes,No,No,Yes,No internet service,No,No,No,Month-to-month,No,Credit card (automatic),41.08,2712.61,No
4308-U251,Male,0,No,Yes,34,Yes,Yes,No,No internet service,No internet service,No internet service,Yes,No internet service,Yes,One year,Yes,Mailed check,31.18,1072.48,No
5225-K844,Male,1,Yes,No,25,Yes,No,No,Yes,No internet service,No internet service,No,No internet service,No,Month-to-month,No,Bank transfer (automatic),49.96,1243.91,No
2097-C497,Male,0,Yes,Yes,54,Yes,No,Fiber optic,Yes,No,Yes,No internet service,No internet service,Yes,Month-to-month,No,Electronic check,65.19,3514.2,No
7510-R433,Male,0,Yes,No,12,Yes,No,Fiber optic,No internet service,No,No,No internet service,No,No internet service,One year,Yes,Mailed check,48.5,585.2,No
5525-Q569,Male,0,Yes,No,9,Yes,No phone service,DSL,No internet service,No internet service,No,No internet service,No,No internet service,Month-to-month,Yes,Bank transfer (automatic),115.78,1040.17,No
1202-Z817,Female,0,Yes,No,31,Yes,No phone service,Fiber optic,No,No,No internet service,Yes,Yes,No,Month-to-month,Yes,Bank transfer (automatic),96.56,3007.49,No
9561-Z529,Female,0,Yes,Yes,53,Yes,Yes,No,No,No,No,Yes,No internet service,No internet service,One year,No,Bank transfer (automatic),115.35,6120.55,No
2843-N253,Male,0,Yes,No,43,Yes,No,DSL,No internet service,Yes,Yes,No,Yes,Yes,Month-to-month,Yes,Bank transfer (automatic),55.76,2406.23,No
3428-S702,Female,0,Yes,Yes,38,Yes,No,Fiber optic,Yes,No,No,No,No,Yes,One year,No,Mailed check,48.87,1866.51,No
2641-D676,Female,0,Yes,Yes,42,Yes,No phone service,No,No,No internet service,No,Yes,No,No,Month-to-month,Yes,Bank transfer (automatic),59.19,2479.42,No
2654-Z392,Male,0,No,Yes,72,Yes,Yes,No,No internet service,No internet service,No,No internet service,Yes,No,Two year,No,Bank transfer (automatic),70.79,5098.01,No
9775-L998,Male,0,Yes,No,48,Yes,No,DSL,Yes,Yes,No internet service,No internet service,Yes,No,Two year,Yes,Mailed check,92.78,4460.21,No
7732-I492,Male,0,No,No,67,Yes,No,No,No internet service,Yes,Yes,Yes,No internet service,Yes,Month-to-month,No,Mailed check,106.8,7155.65,No
8955-S723,Female,1,No,No,66,Yes,Yes,Fiber optic,Yes,Yes,No internet service,No,No,No,Month-to-month,Yes,Bank transfer (automatic),64.8,4267.83,No
8750-B276,Female,0,No,No,16,Yes,No,No,No,No internet service,No,No internet service,No internet service,Yes,One year,Yes,Mailed check,47.31,766.24,No
5512-M247,Male,0,No,No,16,Yes,No phone service,DSL,Yes,No internet service,No internet service,Yes,No internet service,Yes,Month-to-month,No,Mailed check,50.29,802.89,No
7581-B505,Male,0,No,No,31,Yes,Yes,No,Yes,No,Yes,No,No,No internet service,One year,No,Electronic check,88.29,2740.01,No
6431-W343,Male,0,No,No,58,Yes,No,No,No internet service,Yes,Yes,No,No,No internet service,Month-to-month,No,Mailed check,75.29,4372.64,No
1807-X586,Female,0,No,Yes,28,Yes,No,Fiber optic,Yes,No,Yes,No internet service,No internet service,No,One year,No,Credit card (automatic),67.14,1895.05,No
5400-L120,Female,0,No,No,4,Yes,No phone service,Fiber optic,No,No,Yes,No internet service,Yes,No,Month-to-month,No,Electronic check,38.63,156.56,No
6535-Z410,Female,0,Yes,Yes,10,Yes,No phone service,Fiber optic,No internet service,No internet service,No,No internet service,No,No,Month-to-month,No,Credit card (automatic),106.23,1042.14,No
6094-I963,Female,0,No,Yes,51,Yes,No phone service,Fiber optic,No internet service,No,No,No internet service,No internet service,No,Two year,Yes,Electronic check,96.74,4935.56,No
9054-W801,Male,0,No,No,18,Yes,No,No,No internet service,Yes,No,No,Yes,Yes,Month-to-month,No,Electronic check,32.38,585.65,No
2609-H237,Male,0,No,No,47,Yes,No,Fiber optic,No internet service,Yes,No,Yes,No internet service,No,One year,Yes,Electronic check,55.17,2576.31,No
5923-X553,Male,0,No,Yes,32,Yes,No,No,No internet service,No internet service,No,No,No,No internet service,One year,No,Electronic check,72.73,2342.08,No
6257-I846,Male,0,Yes,Yes,30,Yes,Yes,Fiber optic,No internet service,No internet service,No internet service,No internet service,Yes,No,Month-to-month,No,Mailed check,63.91,1890.82,No
7828-T761,Female,0,No,No,36,Yes,No phone service,Fiber optic,No internet service,No internet service,Yes,Yes,Yes,Yes,One year,No,Credit card (automatic),58.23,2102.08,No
2462-G552,Female,0,Yes,Yes,9,No,Yes,Fiber optic,No,Yes,No,No,Yes,No internet service,Month-to-month,No,Mailed check,90.49,799.1,No
4463-N858,Male,1,Yes,Yes,36,No,No phone service,No,No,No internet service,Yes,Yes,No,No internet service,One year,No,Mailed check,23.73,864.97,No
8937-Y628,Male,1,No,Yes,29,Yes,No,Fiber optic,No internet service,Yes,Yes,No,No,No,One year,Yes,Bank transfer (automatic),65.63,1908.92,No
7126-B627,Female,0,No,Yes,16,Yes,Yes,No,Yes,No,No,Yes,No internet service,No internet service,Month-to-month,Yes,Mailed check,44.6,728.35,No
3604-C418,Male,0,Yes,No,21,Yes,Yes,Fiber optic,No internet service,No internet service,No,No,No internet service,No internet service,Month-to-month,No,Electronic check,26.75,566.93,No
9303-M238,Female,0,No,No,64,Yes,No phone service,Fiber optic,No internet service,No internet service,Yes,No,No,No,One year,Yes,Bank transfer (automatic),64.97,4161.62,No
9589-S129,Male,0,No,Yes,66,Yes,Yes,DSL,No internet service,No internet service,Yes,No internet service,No internet service,No,One year,Yes,Bank transfer (automatic),35.47,2337.74,No
3846-G996,Male,0,Yes,Yes,59,Yes,Yes,Fiber optic,Yes,Yes,Yes,No,Yes,Yes,One year,No,Mailed check,44.2,2590.45,No
4288-B355,Male,1,Yes,Yes,28,Yes,No,No,No,No,No internet service,No internet service,No,No internet service,Month-to-month,No,Credit card (automatic),69.2,1959.4,No
1541-O151,Male,0,No,No,55,Yes,No phone service,DSL,Yes,No internet service,No internet service,No,No,No,One year,No,Bank transfer (automatic),116.11,6381.21,No
6904-W303,Male,1,No,No,31,Yes,Yes,No,Yes,No,Yes,Yes,No internet service,No internet service,Month-to-month,Yes,Mailed check,87.02,2701.0,No
5488-L943,Male,0,No,Yes,33,Yes,No,No,Yes,No internet service,No internet service,Yes,No,No,One year,No,Mailed check,46.35,1521.32,No
8605-Q506,Male,0,Yes,Yes,60,Yes,Yes,DSL,Yes,Yes,Yes,No internet service,Yes,Yes,Month-to-month,Yes,Electronic check,56.68,3390.07,No
3029-V131,Female,0,No,Yes,41,Yes,No,Fiber optic,No internet service,No,Yes,No,No,No,Month-to-month,Yes,Credit card (automatic),59.07,2422.47,No
4963-L600,Female,0,Yes,No,46,Yes,Yes,DSL,No,No,No,No internet service,Yes,No,One year,No,Bank transfer (automatic),33.69,1553.9,No
8308-F991,Female,0,Yes,Yes,49,Yes,No,No,Yes,No internet service,Yes,Yes,No,Yes,Month-to-month,Yes,Credit card (automatic),34.4,1703.17,No
8775-S664,Female,0,No,Yes,65,Yes,No,Fiber optic,No,No,No,No,No,No,Two year,Yes,Credit card (automatic),33.16,2165.46,No
6730-L267,Female,0,Yes,Yes,42,Yes,No phone service,DSL,No internet service,Yes,No,No internet service,No,Yes,One year,No,Credit card (automatic),70.68,2971.37,No
5237-X950,Male,1,No,Yes,23,Yes,No,No,No internet service,No,Yes,Yes,No internet service,No internet service,Two year,No,Bank transfer (automatic),86.01,1977.63,No
2480-J128,Male,0,No,Yes,27,No,Yes,Fiber optic,No,No,No internet service,Yes,No internet service,No internet service,Month-to-month,No,Bank transfer (automatic),77.62,2099.19,No
7333-B266,Female,1,Yes,No,32,Yes,No,No,No internet service,No,Yes,No,Yes,No internet service,Month-to-month,Yes,Credit card (automatic),116.52,3726.03,No
4511-H762,Male,1,No,No,3,No,No,Fiber optic,No,No,Yes,No,No internet service,No,One year,No,Mailed check,30.9,95.29,No
4688-V311,Female,0,Yes,No,60,Yes,Yes,Fiber optic,Yes,No internet service,No internet service,No,No,Yes,Month-to-month,No,Bank transfer (automatic),117.39,7035.44,No
5408-U519,Female,0,Yes,Yes,17,Yes,Yes,DSL,No internet service,No internet service,No,No internet service,No internet service,No,Month-to-month,Yes,Electronic check,65.15,1102.01,No
9409-A985,Male,0,No,No,32,Yes,No,Fiber optic,No internet service,No,No internet service,No internet service,No internet service,No,One year,Yes,Credit card (automatic),40.22,1286.53,No
1145-P235,Male,1,No,Yes,7,Yes,Yes,No,No,No,Yes,No,Yes,No,One year,No,Bank transfer (automatic),113.05,794.59,No
3837-T920,Male,0,No,No,71,Yes,No,Fiber optic,No internet service,Yes,Yes,No,No,Yes,Month-to-month,Yes,Bank transfer (automatic),65.35,4638.66,No
1138-H358,Female,0,No,No,69,Yes,No,No,Yes,No internet service,No internet service,No,Yes,No,One year,No,Credit card (automatic),53.16,3669.97,No
6004-W826,Male,0,Yes,Yes,58,Yes,No,Fiber optic,No internet service,No internet service,No internet service,Yes,No internet service,No,Month-to-month,Yes,Electronic check,39.74,2295.8,No
5511-N485,Female,0,Yes,Yes,40,Yes,Yes,Fiber optic,No internet service,No internet service,No internet service,No,No,Yes,One year,Yes,Mailed check,45.17,1794.79,No
6713-O358,Female,0,Yes,Yes,48,Yes,No phone service,DSL,No internet service,No,No,No internet service,Yes,Yes,Month-to-month,Yes,Mailed check,116.66,5599.18,No
4575-O409,Female,0,No,No,51,No,No phone service,Fiber optic,No,No internet service,No internet service,Yes,Yes,No internet service,Month-to-month,No,Bank transfer (automatic),48.8,2471.93,No
9530-T506,Male,0,Yes,Yes,57,Yes,No,Fiber optic,Yes,Yes,Yes,No,No,Yes,One year,Yes,Electronic check,116.52,6650.24,No
2676-A623,Male,1,Yes,No,71,No,No,No,Yes,Yes,No internet service,No internet service,Yes,No internet service,One year,Yes,Electronic check,51.44,3638.49,No
7131-R762,Female,0,No,No,37,Yes,Yes,No,No internet service,Yes,Yes,Yes,Yes,No internet service,Month-to-month,Yes,Credit card (automatic),41.51,1531.96,No
5631-J800,Male,1,No,No,55,Yes,No phone service,No,No internet service,Yes,No,Yes,Yes,No,One year,No,Credit card (automatic),36.68,2022.43,No
2771-P165,Male,0,No,Yes,41,Yes,No phone service,Fiber optic,No,Yes,No,No internet service,No internet service,No,Month-to-month,Yes,Electronic check,59.64,2454.4,No
6509-I755,Male,1,Yes,Yes,20,Yes,No phone service,No,Yes,No internet service,No internet service,No internet service,Yes,No,Two year,No,Mailed check,42.05,847.42,No
6327-I367,Female,0,No,Yes,33,No,Yes,No,No internet service,No,Yes,Yes,No internet service,No,One year,No,Credit card (automatic),88.29,2918.42,No
5895-G253,Female,0,Yes,No,40,Yes,Yes,Fiber optic,Yes,No,No,No internet service,Yes,No,One year,No,Credit card (automatic),42.35,1719.72,No
9475-Y346,Male,0,Yes,No,34,Yes,Yes,No,No internet service,No,No internet service,Yes,Yes,No,Month-to-month,No,Mailed check,102.21,3464.61,No
1930-Z977,Female,1,Yes,Yes,62,No,No,DSL,No internet service,No,No,Yes,Yes,No,Month-to-month,No,Mailed check,102.07,6331.48,No
7620-V427,Male,0,Yes,No,19,No,Yes,DSL,No,No internet service,No internet service,Yes,Yes,No internet service,Month-to-month,Yes,Credit card (automatic),46.95,898.38,No
3292-X126,Male,1,Yes,No,43,Yes,No,No,Yes,No internet service,Yes,Yes,No,No internet service,Month-to-month,Yes,Electronic check,93.98,4044.71,No
9148-J365,Male,1,No,No,69,Yes,No,No,Yes,No internet service,No internet service,No,No internet service,No,Month-to-month,No,Credit card (automatic),104.43,7201.03,No
7857-M497,Male,0,Yes,Yes,63,Yes,No,No,No internet service,Yes,Yes,No internet service,No,No,Month-to-month,No,Mailed check,77.56,4891.73,No
1578-S825,Female,0,No,No,10,No,No,Fiber optic,No internet service,No,No,No,No,No internet service,One year,Yes,Credit card (automatic),55.07,555.45,No
4111-K843,Female,0,Yes,No,13,Yes,Yes,DSL,No,No internet service,Yes,No,No,No internet service,Month-to-month,Yes,Bank transfer (automatic),62.57,825.85,No
4643-V647,Female,0,Yes,Yes,5,Yes,Yes,DSL,No internet service,No internet service,Yes,No,No,Yes,Two year,No,Mailed check,97.27,491.08,No
8794-V467,Male,1,No,Yes,58,Yes,No phone service,No,Yes,No internet service,No,No,Yes,Yes,Month-to-month,No,Credit card (automatic),47.73,2749.34,No
9311-J965,Male,0,Yes,Yes,59,Yes,No phone service,No,No,No,Yes,Yes,Yes,No,Two year,No,Bank transfer (automatic),51.86,3067.63,No
3785-V997,Male,0,Yes,Yes,59,No,No,Fiber optic,Yes,No,Yes,Yes,No,No,Two year,No,Mailed check,34.41,2026.18,No
3967-J199,Female,1,No,Yes,15,Yes,No phone service,Fiber optic,No,Yes,No internet service,Yes,No,No,Month-to-month,Yes,Bank transfer (automatic),58.35,873.35,No
8713-E858,Male,0,No,Yes,1,Yes,No phone service,DSL,Yes,Yes,Yes,Yes,No internet service,No internet service,Two year,No,Electronic check,26.94,15.51,No
5237-X927,Female,1,Yes,No,38,Yes,No phone service,Fiber optic,No internet service,Yes,No internet service,No,No,No,Two year,No,Mailed check,50.51,1920.74,No
3999-V443,Female,0,Yes,No,53,Yes,No,DSL,Yes,No,Yes,Yes,Yes,No,Month-to-month,No,Bank transfer (automatic),55.78,2976.08,No
2463-H463,Female,0,Yes,No,52,Yes,No phone service,No,Yes,Yes,No,No,No internet service,No,Two year,Yes,Electronic check,43.93,2295.03,No
4659-X992,Female,0,No,No,1,No,Yes,No,No,Yes,Yes,Yes,No,Yes,Month-to-month,No,Bank transfer (automatic),28.44,16.59,No
6031-N907,Female,0,Yes,Yes,11,Yes,No,DSL,Yes,No internet service,Yes,No internet service,No internet service,Yes,Month-to-month,No,Mailed check,70.68,775.48,No
6428-L366,Female,0,No,No,58,Yes,Yes,No,No internet service,No,Yes,No internet service,No,No,One year,Yes,Mailed check,105.19,6111.11,No
5817-O971,Male,0,No,Yes,40,Yes,No,Fiber optic,No,Yes,No internet service,No internet service,No internet service,No internet service,Month-to-month,No,Mailed check,51.98,2077.41,No
2929-P154,Male,0,Yes,Yes,60,Yes,Yes,No,No,Yes,No,No internet service,No internet service,Yes,Month-to-month,No,Electronic check,42.05,2502.53,No
2166-P299,Female,0,No,No,44,Yes,No phone service,No,Yes,No,No,Yes,Yes,No,Two year,Yes,Credit card (automatic),46.9,2058.14,No
9199-D988,Female,0,Yes,No,6,Yes,No,DSL,No,Yes,Yes,No internet service,No internet service,Yes,Two year,No,Mailed check,104.87,643.02,No
7253-Q405,Male,0,Yes,Yes,28,Yes,Yes,Fiber optic,No internet service,No,Yes,No internet service,No,No internet service,One year,No,Electronic check,71.29,2011.19,No
7768-B991,Female,0,No,Yes,31,Yes,No,Fiber optic,Yes,No,No internet service,No,No internet service,No internet service,Month-to-month,Yes,Electronic check,31.39,971.32,Yes
3470-E305,Female,0,No,Yes,8,No,Yes,No,No internet service,No,No,No internet service,No,No internet service,Two year,No,Mailed check,89.53,713.5,No
6614-N683,Male,0,No,Yes,5,Yes,No phone service,No,Yes,Yes,Yes,Yes,No,No internet service,Month-to-month,No,Mailed check,33.76,145.86,No
8496-E423,Female,0,No,No,54,Yes,No,Fiber optic,Yes,Yes,Yes,No,Yes,No,Two year,No,Mailed check,24.3,1311.24,No
3954-Y182,Female,0,No,Yes,17,Yes,No,Fiber optic,No,Yes,No,Yes,No internet service,No internet service,Month-to-month,No,Mailed check,43.95,741.44,No
8988-K746,Female,0,No,No,38,Yes,Yes,DSL,No,No,Yes,No,Yes,No,Two year,Yes,Credit card (automatic),35.14,1316.38,No
3897-K749,Male,0,Yes,Yes,9,Yes,Yes,No,No,Yes,Yes,Yes,No,No internet service,One year,No,Credit card (automatic),79.05,701.92,No
1950-A562,Male,0,Yes,Yes,14,Yes,No phone service,No,Yes,No internet service,No,No internet service,No internet service,No,Two year,Yes,Bank transfer (automatic),66.95,924.19,No
5481-G879,Male,1,Yes,Yes,26,Yes,Yes,Fiber optic,No,No,No internet service,No,No internet service,No internet service,Two year,No,Credit card (automatic),91.02,2367.1,No
3762-S882,Female,0,No,No,62,No,Yes,DSL,No internet service,Yes,Yes,No internet service,No,No,Two year,No,Bank transfer (automatic),69.66,4334.43,No
3595-P904,Female,0,No,Yes,25,Yes,Yes,Fiber optic,No,No,Yes,Yes,Yes,Yes,One year,No,Bank transfer (automatic),60.36,1507.47,No
2442-E729,Male,0,No,No,36,Yes,No phone service,No,No internet service,Yes,No,Yes,Yes,No,Two year,No,Electronic check,71.13,2563.29,No
8105-U539,Female,0,Yes,No,33,Yes,No phone service,No,No,No,No,No,No internet service,No,One year,No,Credit card (automatic),61.92,2067.99,No
7609-N588,Female,1,Yes,No,3,Yes,No,No,Yes,No internet service,No internet service,Yes,Yes,No internet service,Month-to-month,Yes,Credit card (automatic),21.98,46.89,No
7280-A138,Female,0,No,Yes,11,Yes,No phone service,No,No,No,No internet service,Yes,No internet service,No internet service,One year,No,Credit card (automatic),86.66,955.18,No
9745-G848,Female,0,No,No,58,Yes,Yes,DSL,No internet service,No,Yes,No,Yes,Yes,Month-to-month,No,Electronic check,114.94,6677.96,No
7112-A429,Female,0,No,No,64,Yes,No,No,No internet service,No,No internet service,No internet service,No,No internet service,Two year,Yes,Bank transfer (automatic),60.66,3885.37,No
9700-G118,Male,0,No,Yes,18,No,No phone service,Fiber optic,No,Yes,No internet service,No,No,No,Month-to-month,Yes,Credit card (automatic),60.84,1078.85,No
1067-U851,Female,0,Yes,Yes,47,Yes,No phone service,DSL,No internet service,No,No internet service,Yes,No,No internet service,Two year,No,Mailed check,22.85,1093.24,No
5076-H810,Male,0,Yes,No,44,Yes,Yes,DSL,Yes,Yes,Yes,Yes,No internet service,No internet service,Month-to-month,Yes,Electronic check,107.73,4748.51,No
6641-J232,Female,0,Yes,No,59,Yes,Yes,No,No,No,No internet service,No,No internet service,No,Month-to-month,No,Electronic check,111.63,6588.86,No
2682-M615,Male,0,No,Yes,50,Yes,No phone service,DSL,No internet service,Yes,No internet service,No,No,Yes,Two year,No,Electronic check,99.97,4984.68,No
6015-F166,Female,0,Yes,No,69,Yes,No,No,No,Yes,No internet service,No internet service,No,No internet service,Month-to-month,No,Electronic check,28.94,2019.77,No
1749-J397,Male,0,No,No,29,Yes,Yes,DSL,No,Yes,No,Yes,Yes,No internet service,Month-to-month,Yes,Bank transfer (automatic),108.72,3158.75,No
8469-X632,Female,0,No,No,67,Yes,No phone service,DSL,No,Yes,No internet service,Yes,No,No,One year,No,Bank transfer (automatic),20.66,1388.68,No
9587-K544,Male,0,No,Yes,2,Yes,No phone service,Fiber optic,No,No,No internet service,No internet service,No,Yes,Month-to-month,Yes,Credit card (automatic),62.93,131.72,No
3192-K601,Female,1,Yes,No,25,No,Yes,Fiber optic,No,No,No,No,No,Yes,Month-to-month,Yes,Credit card (automatic),68.56,1723.58,No
6885-Y292,Male,0,Yes,Yes,19,Yes,No,Fiber optic,Yes,Yes,No,No,No internet service,No internet service,One year,Yes,Electronic check,102.07,1940.47,No
3701-Z513,Female,1,No,Yes,40,Yes,No,DSL,No,Yes,Yes,No internet service,No internet service,No,Two year,No,Mailed check,93.71,3747.22,No
1313-H329,Male,0,Yes,Yes,2,Yes,No,Fiber optic,Yes,Yes,Yes,No,No,No internet service,Month-to-month,No,Bank transfer (automatic),98.36,174.3,No
3149-G851,Male,0,No,No,65,Yes,Yes,Fiber optic,No,No internet service,No,No internet service,Yes,No,Month-to-month,No,Electronic check,105.47,6847.7,No
1359-S616,Female,0,No,Yes,62,Yes,Yes,Fiber optic,No internet service,No internet service,Yes,No,Yes,No,Month-to-month,Yes,Bank transfer (automatic),66.1,4118.01,No
3768-D475,Female,0,No,No,54,Yes,Yes,DSL,No,No,No internet service,No,No,No internet service,Month-to-month,Yes,Electronic check,96.67,5211.88,No
1612-M997,Male,0,Yes,Yes,45,Yes,No,No,No,No internet service,Yes,No,No internet service,No,Month-to-month,No,Mailed check,25.09,1126.08,No
5190-Y647,Female,0,Yes,No,49,Yes,No,Fiber optic,No internet service,No internet service,No internet service,No internet service,No,No internet service,Month-to-month,Yes,Electronic check,62.93,3072.04,No
1796-T149,Male,0,No,No,69,Yes,Yes,DSL,Yes,Yes,No internet service,No internet service,Yes,Yes,One year,Yes,Electronic check,21.28,1473.42,No
2771-U956,Male,1,Yes,No,38,Yes,Yes,DSL,Yes,Yes,No internet service,No internet service,No internet service,Yes,Two year,Yes,Electronic check,110.24,4186.56,No
1323-B806,Male,0,Yes,Yes,4,Yes,Yes,No,Yes,No internet service,No,Yes,No internet service,No internet service,Month-to-month,Yes,Mailed check,114.57,455.37,No
2897-N554,Female,0,Yes,No,17,Yes,No,Fiber optic,Yes,No internet service,Yes,Yes,No internet service,Yes,Month-to-month,Yes,Credit card (automatic),26.69,445.72,No
7230-D660,Male,0,Yes,No,53,Yes,No phone service,DSL,No internet service,No internet service,Yes,No internet service,No,Yes,One year,No,Credit card (automatic),71.78,3808.51,No
5140-P818,Male,0,No,Yes,53,Yes,No phone service,DSL,Yes,Yes,No,Yes,No,Yes,Month-to-month,No,Credit card (automatic),50.93,2714.01,No
3508-G811,Female,0,Yes,Yes,31,No,No,DSL,Yes,No,No,Yes,No,Yes,One year,No,Electronic check,52.67,1615.85,No
1152-J530,Female,0,No,No,22,Yes,Yes,No,Yes,No internet service,Yes,No,Yes,No,Month-to-month,No,Credit card (automatic),63.55,1395.07,No
2654-V632,Female,1,No,Yes,11,Yes,Yes,Fiber optic,Yes,No,No,No,No internet service,No internet service,Month-to-month,No,Electronic check,30.82,337.4,No
5423-T720,Female,0,Yes,Yes,34,No,Yes,DSL,Yes,No,No,No,No internet service,No internet service,Month-to-month,Yes,Bank transfer (automatic),36.42,1230.64,No
3247-N950,Male,0,No,Yes,15,Yes,Yes,DSL,No,No internet service,No internet service,Yes,Yes,Yes,Month-to-month,Yes,Electronic check,76.28,1155.77,No
2718-Q836,Male,0,No,No,10,Yes,No,DSL,No,No,No internet service,Yes,Yes,No internet service,Two year,No,Bank transfer (automatic),20.13,212.99,No
2928-J216,Male,1,Yes,Yes,53,Yes,No phone service,DSL,Yes,Yes,No internet service,No internet service,No internet service,No internet service,Two year,No,Electronic check,78.53,4164.39,No
2741-P303,Male,0,No,No,48,No,No phone service,Fiber optic,No internet service,No internet service,No,Yes,No internet service,No internet service,Month-to-month,No,Mailed check,50.3,2407.61,No
4272-Y369,Female,0,No,Yes,31,Yes,No,Fiber optic,No internet service,No internet service,No,Yes,Yes,No,One year,No,Mailed check,101.89,3170.07,No
9571-G466,Male,0,Yes,Yes,37,Yes,Yes,DSL,No,No internet service,No internet service,No internet service,No,Yes,Month-to-month,Yes,Credit card (automatic),78.55,2903.4,No
7713-J264,Male,0,Yes,No,28,No,No phone service,DSL,No internet service,No internet service,No internet service,No internet service,No,No internet service,One year,No,Mailed check,89.41,2513.27,No
1645-R608,Female,0,Yes,Yes,31,Yes,No,DSL,No,Yes,Yes,No internet service,No,No,One year,Yes,Electronic check,29.75,946.68,No
4402-W592,Male,0,Yes,Yes,70,Yes,Yes,No,Yes,Yes,No internet service,No,Yes,Yes,Month-to-month,No,Mailed check,44.97,3147.91,No
6416-H102,Male,0,Yes,Yes,14,Yes,No phone service,No,Yes,No,No internet service,No internet service,No internet service,No,Month-to-month,Yes,Mailed check,118.42,1659.46,No
1208-V191,Male,0,No,Yes,16,Yes,No,No,No internet service,No internet service,Yes,No,Yes,No,Month-to-month,No,Electronic check,61.83,982.3,No
2809-S785,Male,0,No,No,25,No,No phone service,DSL,No internet service,No internet service,Yes,Yes,No,No,Month-to-month,Yes,Credit card (automatic),54.32,1368.19,No
9095-E192,Male,0,Yes,No,39,Yes,No phone service,No,No internet service,No,Yes,Yes,No,No internet service,One year,No,Credit card (automatic),106.07,4138.84,No
9383-C840,Male,0,Yes,No,66,Yes,No,Fiber optic,Yes,Yes,Yes,No,No,Yes,Two year,Yes,Credit card (automatic),21.57,1411.04,No
2659-I759,Female,0,No,No,38,Yes,No,No,Yes,No internet service,No,No,Yes,Yes,One year,No,Bank transfer (automatic),71.99,2728.48,No
4787-O403,Female,0,Yes,No,41,Yes,No phone service,DSL,No internet service,No,Yes,No,Yes,No internet service,Month-to-month,No,Credit card (automatic),39.38,1634.16,No
5327-O151,Male,0,Yes,No,40,Yes,No phone service,Fiber optic,No internet service,Yes,Yes,Yes,No,Yes,Month-to-month,Yes,Electronic check,55.25,2207.54,No
2635-F995,Male,0,No,No,64,Yes,No,DSL,No internet service,No,No,Yes,No,Yes,Month-to-month,Yes,Credit card (automatic),38.33,2442.16,No
1646-J468,Female,1,No,Yes,16,Yes,Yes,Fiber optic,No internet service,No,Yes,No internet service,No internet service,No,One year,No,Electronic check,22.05,354.68,No
6123-N856,Male,1,No,No,59,Yes,Yes,No,No,Yes,Yes,No internet service,Yes,No internet service,Month-to-month,No,Bank transfer (automatic),60.11,3541.18,No
2898-D971,Male,0,Yes,No,11,No,Yes,No,No internet service,No internet service,Yes,Yes,No internet service,No,Month-to-month,Yes,Mailed check,97.56,1071.31,No
1751-A972,Male,0,No,No,1,Yes,Yes,Fiber optic,No internet service,Yes,No,No internet service,No,Yes,One year,Yes,Electronic check,113.92,119.33,No
3267-V762,Female,0,Yes,Yes,13,Yes,No,Fiber optic,No,No internet service,No internet service,No internet service,No,Yes,Month-to-month,Yes,Bank transfer (automatic),80.95,1055.73,No
3793-K466,Male,0,No,No,30,No,Yes,DSL,No,Yes,Yes,No,No,No internet service,Month-to-month,No,Bank transfer (automatic),57.33,1720.24,No
8171-T374,Female,0,Yes,No,69,Yes,No phone service,Fiber optic,No,No internet service,Yes,Yes,No internet service,No,Month-to-month,Yes,Mailed check,95.62,6591.65,No
2522-L934,Male,0,Yes,No,18,No,Yes,DSL,No,No internet service,Yes,No,Yes,No,Month-to-month,No,Electronic check,69.03,1224.73,No
6615-F216,Female,0,Yes,Yes,13,Yes,No,Fiber optic,No internet service,No,Yes,Yes,Yes,No,Month-to-month,Yes,Credit card (automatic),55.2,736.81,No
7566-M567,Female,0,No,No,32,Yes,Yes,Fiber optic,Yes,No,No,Yes,No internet service,No internet service,Month-to-month,Yes,Bank transfer (automatic),36.25,1178.61,No
5453-M806,Male,0,No,Yes,71,Yes,Yes,No,Yes,No internet service,No internet service,No,Yes,No,Month-to-month,No,Credit card (automatic),98.26,6976.7,No
8835-Z531,Female,0,No,Yes,72,Yes,No,No,Yes,Yes,Yes,Yes,No internet service,No,Month-to-month,No,Electronic check,68.54,4943.23,No
3732-D235,Male,0,Yes,Yes,50,Yes,Yes,DSL,Yes,No internet service,Yes,No,No internet service,Yes,Month-to-month,Yes,Electronic check,115.11,5755.18,No
1960-F206,Female,0,No,Yes,71,Yes,No,DSL,Yes,Yes,No,No,Yes,Yes,Two year,No,Mailed check,98.84,,No
7816-S594,Male,1,No,No,31,Yes,Yes,DSL,Yes,No internet service,No internet service,Yes,Yes,No,Month-to-month,No,Credit card (automatic),60.46,1875.0,No
8178-F725,Male,1,Yes,Yes,51,Yes,No,Fiber optic,No,Yes,No internet service,Yes,No internet service,No,Month-to-month,No,Electronic check,92.71,4729.62,No
7221-Y467,Female,0,Yes,Yes,27,Yes,Yes,Fiber optic,No,No,No internet service,No,Yes,Yes,One year,Yes,Mailed check,63.82,1738.03,No
1472-V958,Male,0,No,No,60,Yes,No phone service,DSL,Yes,Yes,Yes,No internet service,Yes,No internet service,Month-to-month,No,Bank transfer (automatic),26.28,1577.75,No
3140-P599,Male,0,No,Yes,33,Yes,No phone service,Fiber optic,No internet service,No,Yes,No internet service,No internet service,Yes,One year,No,Credit card (automatic),70.18,2332.99,No
2850-N551,Female,0,No,Yes,53,Yes,No,No,No internet service,Yes,Yes,Yes,No,No,Month-to-month,Yes,Mailed check,105.26,5577.17,No
1753-C367,Male,0,Yes,Yes,72,Yes,No,Fiber optic,Yes,No,No,Yes,No internet service,No internet service,Two year,Yes,Mailed check,104.22,7498.17,No
6148-A821,Male,0,No,Yes,33,Yes,No,No,No internet service,Yes,No,No internet service,Yes,No,Two year,No,Bank transfer (automatic),76.03,2523.88,No
9598-Y861,Female,0,Yes,Yes,41,Yes,No phone service,DSL,No,No internet service,No,Yes,No,No,One year,Yes,Mailed check,56.44,2327.99,No
4669-V994,Female,0,Yes,Yes,19,Yes,No,Fiber optic,No,Yes,Yes,Yes,Yes,No,One year,No,Mailed check,19.27,366.9,No
6542-Q635,Male,0,No,No,41,Yes,Yes,DSL,No internet service,No,Yes,No internet service,No internet service,No internet service,Month-to-month,No,Bank transfer (automatic),49.55,2034.97,No
2560-N777,Male,0,No,No,42,Yes,No,No,Yes,No,Yes,Yes,No internet service,No,Two year,Yes,Mailed check,117.73,4947.51,No
5072-P454,Female,0,Yes,No,23,Yes,No,DSL,No,Yes,No internet service,No internet service,No internet service,No internet service,Month-to-month,Yes,Credit card (automatic),91.26,2101.09,No
7305-E959,Female,0,Yes,No,33,Yes,Yes,No,No internet service,No internet service,No,No internet service,No,Yes,Month-to-month,No,Electronic check,90.37,2978.49,No
1894-A758,Male,1,No,Yes,20,Yes,Yes,No,No internet service,Yes,No,No internet service,Yes,No internet service,Month-to-month,No,Mailed check,94.74,1918.76,No
3571-Q969,Female,0,No,Yes,25,Yes,No phone service,DSL,No,Yes,No internet service,Yes,No,No,Month-to-month,Yes,Mailed check,80.57,2010.25,No
8688-P990,Male,0,No,Yes,52,Yes,Yes,No,No,No,No internet service,No,No internet service,No,One year,Yes,Electronic check,77.13,4016.32,No
3709-C869,Male,1,Yes,No,12,Yes,Yes,DSL,Yes,No internet service,No internet service,No,Yes,Yes,Month-to-month,Yes,Mailed check,63.84,767.98,No
9055-K346,Male,1,Yes,No,32,Yes,No,DSL,No internet service,No internet service,Yes,No,No internet service,Yes,One year,No,Bank transfer (automatic),62.87,1986.66,No
6421-I151,Male,0,No,Yes,33,Yes,No phone service,DSL,Yes,No internet service,No internet service,Yes,Yes,Yes,Month-to-month,Yes,Credit card (automatic),105.77,3491.59,No
9305-H663,Male,1,Yes,Yes,68,Yes,Yes,No,No,No internet service,Yes,Yes,No,No internet service,Two year,No,Bank transfer (automatic),57.79,3926.91,No
7203-M936,Female,0,Yes,No,15,Yes,No phone service,No,No internet service,Yes,Yes,Yes,No,No internet service,One year,No,Electronic check,102.7,1534.93,No
4850-C570,Female,0,No,No,51,Yes,Yes,Fiber optic,No,No internet service,No,Yes,No,No internet service,One year,Yes,Bank transfer (automatic),102.44,5214.05,No
8277-Z686,Female,0,Yes,No,6,Yes,No phone service,DSL,No,No internet service,No internet service,No,No,No internet service,One year,Yes,Credit card (automatic),95.73,592.41,No
8341-C977,Female,0,No,No,69,No,Yes,DSL,No,No internet service,Yes,No internet service,Yes,Yes,Two year,No,Mailed check,22.03,1508.94,No
9166-O423,Male,0,No,Yes,69,Yes,No,DSL,Yes,No,Yes,Yes,Yes,No,Month-to-month,Yes,Bank transfer (automatic),33.12,2283.37,No
2944-P863,Male,0,Yes,No,35,Yes,No phone service,DSL,No,No,No internet service,Yes,No,No,Month-to-month,No,Mailed check,49.88,1740.57,No
1291-D513,Male,0,Yes,No,34,Yes,No phone service,DSL,Yes,No,Yes,Yes,No,No internet service,One year,Yes,Mailed check,103.43,3506.05,No
7755-B670,Male,0,No,Yes,63,Yes,Yes,DSL,No,No internet service,Yes,No internet service,Yes,Yes,One year,No,Credit card (automatic),106.01,6686.31,No
9996-A945,Female,0,Yes,Yes,68,Yes,No phone service,DSL,No,Yes,Yes,No,No internet service,Yes,Month-to-month,No,Credit card (automatic),22.43,1529.69,No
2489-Z718,Male,0,No,Yes,18,Yes,Yes,Fiber optic,No internet service,Yes,No internet service,Yes,No,Yes,Month-to-month,No,Mailed check,50.88,910.86,No
5990-Q675,Male,0,Yes,No,26,Yes,No phone service,Fiber optic,No,No,Yes,No,Yes,No,Month-to-month,No,Credit card (automatic),103.71,2687.26,No
4389-U787,Female,0,Yes,No,61,Yes,No phone service,DSL,No internet service,No,No,Yes,No,No,Month-to-month,Yes,Mailed check,43.34,2648.98,No
8474-K472,Female,0,Yes,No,48,Yes,No,DSL,No internet service,No internet service,No internet service,No,Yes,No internet service,Two year,No,Mailed check,116.34,5588.68,No
1889-H964,Female,1,No,No,72,Yes,No,Fiber optic,Yes,No,No,Yes,No,No,Month-to-month,No,Bank transfer (automatic),67.43,4853.51,No
8445-K673,Female,0,Yes,Yes,31,Yes,No phone service,Fiber optic,No internet service,No,No,No,No,Yes,One year,Yes,Mailed check,112.45,3500.32,No
8751-W772,Male,0,No,Yes,34,Yes,No,DSL,No internet service,No,No,Yes,No internet service,No,One year,No,Electronic check,61.35,2101.61,No
6952-W563,Male,0,No,No,7,Yes,No phone service,DSL,No,No,Yes,Yes,No internet service,No,Month-to-month,Yes,Credit card (automatic),50.79,350.45,No
2868-D877,Female,0,No,No,7,Yes,Yes,Fiber optic,No,Yes,Yes,No,No internet service,No,Month-to-month,No,Electronic check,54.67,403.57,No
4633-A449,Male,0,Yes,No,47,Yes,No phone service,Fiber optic,Yes,No internet service,No,No,No internet service,No internet service,Month-to-month,Yes,Electronic check,107.12,5031.89,Yes
6818-U919,Male,0,No,Yes,8,Yes,No phone service,DSL,No internet service,Yes,No,No internet service,No,No,One year,Yes,Bank transfer (automatic),51.48,409.22,No
5783-R634,Male,0,No,No,1,Yes,No,Fiber optic,No internet service,No,No internet service,No internet service,No,No internet service,Month-to-month,No,Electronic check,85.52,92.65,No
7125-W208,Female,0,Yes,Yes,3,Yes,No,DSL,Yes,No internet service,No,No internet service,No internet service,No,Month-to-month,No,Credit card (automatic),65.47,199.89,No
1750-F604,Male,1,No,No,53,Yes,Yes,No,No,No internet service,Yes,No internet service,No internet service,No internet service,Month-to-month,Yes,Mailed check,112.89,5983.5,No
3301-W860,Female,0,No,Yes,38,Yes,Yes,DSL,No internet service,Yes,No,No,No,Yes,Month-to-month,Yes,Credit card (automatic),34.27,1283.11,No
7704-D360,Male,0,Yes,Yes,51,Yes,Yes,DSL,Yes,Yes,No,No internet service,Yes,Yes,Month-to-month,No,Bank transfer (automatic),61.33,3111.87,No
4209-G223,Male,1,No,No,15,Yes,No phone service,DSL,No,No,No internet service,Yes,No internet service,Yes,Month-to-month,No,Bank transfer (automatic),30.78,448.86,No
7437-G568,Male,0,Yes,Yes,67,Yes,Yes,Fiber optic,Yes,Yes,No,No,Yes,No internet service,Month-to-month,No,Mailed check,76.35,5115.56,No
4122-W446,Female,0,No,Yes,64,Yes,Yes,DSL,Yes,No,No internet service,Yes,No,Yes,One year,No,Electronic check,58.74,3754.18,No
2765-Y524,Male,0,No,No,68,Yes,No,DSL,No internet service,No,No internet service,No internet service,Yes,No internet service,Month-to-month,Yes,Mailed check,24.37,1653.38,No
1761-U957,Female,0,Yes,Yes,5,Yes,No,Fiber optic,No,No,No,No internet service,No internet service,No internet service,One year,Yes,Electronic check,103.66,515.34,No
3018-Y561,Female,0,No,No,10,No,Yes,No,No internet service,No internet service,No,No internet service,No internet service,No internet service,One year,Yes,Electronic check,55.99,569.68,No
8493-V703,Female,0,No,Yes,8,Yes,Yes,No,No internet service,No internet service,Yes,No,No internet service,Yes,Two year,Yes,Electronic check,67.86,550.62,No
9260-E610,Male,0,No,Yes,12,Yes,No phone service,Fiber optic,No,Yes,Yes,Yes,No internet service,No internet service,Month-to-month,No,Electronic check,59.21,706.36,No
1071-Q853,Male,0,Yes,Yes,64,Yes,No phone service,DSL,No,Yes,No internet service,Yes,No internet service,No,Month-to-month,Yes,Electronic check,67.36,4308.0,No
1795-R543,Male,0,Yes,Yes,59,Yes,No,No,No,No internet service,No internet service,No,No,Yes,Two year,No,Mailed check,19.89,1164.88,No
8912-Q899,Male,0,Yes,No,67,Yes,Yes,No,No internet service,Yes,Yes,No internet service,Yes,No,Two year,No,Bank transfer (automatic),100.2,6710.04,No
3903-W692,Female,0,Yes,No,50,Yes,Yes,Fiber optic,No,No,No internet service,No internet service,No,Yes,Month-to-month,No,Bank transfer (automatic),51.65,2595.49,No
3845-X934,Female,1,Yes,No,23,Yes,Yes,No,No,No,Yes,No,No,No internet service,Month-to-month,No,Bank transfer (automatic),91.06,2103.57,No
3103-D496,Female,0,No,Yes,40,Yes,Yes,No,No,No internet service,No internet service,Yes,No,No internet service,Two year,No,Mailed check,24.77,994.63,No
6273-Q493,Male,0,Yes,Yes,18,Yes,Yes,Fiber optic,Yes,Yes,Yes,Yes,Yes,No internet service,Month-to-month,Yes,Credit card (automatic),70.89,,No
7859-T809,Female,0,Yes,No,21,Yes,No phone service,No,No,Yes,Yes,Yes,Yes,Yes,Two year,Yes,Mailed check,109.58,2300.65,No
5067-I507,Male,0,Yes,No,1,Yes,No phone service,DSL,No internet service,No internet service,No internet service,Yes,No,Yes,Two year,Yes,Bank transfer (automatic),58.27,54.42,No
6617-J563,Female,0,No,No,38,Yes,Yes,Fiber optic,Yes,No,No internet service,No internet service,Yes,No internet service,Month-to-month,No,Credit card (automatic),38.07,1445.12,No
3185-E522,Male,0,No,No,41,Yes,No phone service,DSL,No internet service,No,No internet service,No internet service,No,Yes,Two year,Yes,Electronic check,28.21,1164.51,No
9393-J963,Male,1,Yes,Yes,42,Yes,No phone service,DSL,Yes,Yes,No,No,No,No,Month-to-month,No,Bank transfer (automatic),104.59,4403.56,No
9975-K828,Female,1,No,No,9,Yes,Yes,Fiber optic,No,No internet service,No,No,No internet service,No internet service,One year,Yes,Bank transfer (automatic),42.25,404.72,No
4560-G314,Female,0,No,Yes,23,Yes,No phone service,No,Yes,No internet service,No internet service,No,Yes,No,Month-to-month,Yes,Electronic check,116.24,2664.54,No
5760-V453,Female,0,No,No,11,Yes,Yes,Fiber optic,No internet service,No,No internet service,No internet service,No internet service,No,Month-to-month,No,Credit card (automatic),43.16,487.06,No
3173-W765,Female,0,No,Yes,71,Yes,No phone service,No,Yes,No,No internet service,No internet service,No,Yes,One year,No,Electronic check,66.59,4726.52,No
3913-Q655,Male,0,Yes,No,31,Yes,Yes,DSL,No,Yes,No internet service,No internet service,No,No,Month-to-month,Yes,Electronic check,64.28,1985.54,No
6281-W218,Female,0,Yes,No,26,Yes,Yes,No,No,No internet service,Yes,No,No,No internet service,Two year,No,Mailed check,24.48,658.21,No
6771-R591,Female,0,No,Yes,30,Yes,No phone service,DSL,No internet service,Yes,No,No internet service,No internet service,No,Month-to-month,No,Electronic check,71.7,2168.61,No
7839-V865,Female,0,No,Yes,34,Yes,No phone service,DSL,Yes,Yes,No internet service,Yes,No internet service,Yes,Month-to-month,No,Bank transfer (automatic),85.85,2916.09,No
9747-J998,Male,0,No,No,46,Yes,No,DSL,No internet service,No internet service,No,No internet service,No,Yes,Month-to-month,Yes,Bank transfer (automatic),92.83,4262.96,No
7920-Z113,Male,0,No,Yes,69,Yes,Yes,Fiber optic,No internet service,No internet service,No,Yes,No internet service,No internet service,Two year,Yes,Bank transfer (automatic),70.77,4865.53,No
9564-D125,Female,1,Yes,No,5,Yes,Yes,No,No internet service,No,Yes,Yes,No,No internet service,Month-to-month,Yes,Credit card (automatic),99.91,512.09,No
7240-E154,Male,0,No,Yes,61,Yes,Yes,No,No,No internet service,No internet service,Yes,No,No internet service,Two year,No,Bank transfer (automatic),93.84,5703.77,No
1927-G373,Female,0,Yes,No,38,No,Yes,No,Yes,Yes,No,No internet service,No internet service,No internet service,Month-to-month,No,Electronic check,37.74,1432.66,No
3636-J799,Male,0,No,No,28,Yes,No phone service,DSL,No,Yes,Yes,No,Yes,No internet service,Month-to-month,No,Mailed check,58.61,1632.15,No
5105-E959,Male,0,Yes,No,26,Yes,No phone service,Fiber optic,No,No internet service,No internet service,Yes,No,No,Two year,No,Bank transfer (automatic),32.58,861.02,No
2016-W903,Male,0,No,No,61,Yes,No,No,No,Yes,No internet service,Yes,No,No,Month-to-month,No,Credit card (automatic),31.66,1949.71,No
5835-G871,Male,0,Yes,No,23,Yes,Yes,No,Yes,No internet service,No,No internet service,No internet service,Yes,Month-to-month,Yes,Electronic check,89.82,2048.82,No
9866-B467,Female,0,Yes,No,46,Yes,No,Fiber optic,No,No,Yes,No internet service,No internet service,No,Two year,Yes,Electronic check,71.56,3292.58,No
8415-D730,Female,0,Yes,No,30,Yes,No,No,No,No,Yes,Yes,No internet service,No internet service,One year,Yes,Credit card (automatic),78.65,2362.2,No
4675-X762,Female,0,No,No,67,Yes,No,Fiber optic,No,No internet service,Yes,No,No,No internet service,One year,No,Mailed check,91.83,6149.73,No
7371-H623,Male,0,Yes,Yes,33,Yes,No,Fiber optic,Yes,Yes,Yes,No internet service,Yes,Yes,Two year,Yes,Credit card (automatic),46.11,1515.22,No
5712-W780,Female,0,No,Yes,3,Yes,No,No,Yes,No internet service,No internet service,Yes,Yes,No internet service,Month-to-month,Yes,Mailed check,58.59,191.41,No
1769-M496,Female,1,Yes,Yes,69,Yes,No phone service,Fiber optic,No internet service,No internet service,No,No,Yes,Yes,Two year,Yes,Credit card (automatic),79.23,5461.64,No
7825-Z801,Female,0,Yes,No,42,Yes,No phone service,Fiber optic,No,No,No,No internet service,No,No,One year,No,Electronic check,27.96,1194.15,No
6122-R155,Male,0,No,No,62,Yes,No,No,No,No internet service,Yes,No,No internet service,No,One year,No,Bank transfer (automatic),101.97,6315.52,No
1212-X357,Male,0,Yes,No,58,Yes,No phone service,DSL,Yes,No,Yes,Yes,Yes,No,Month-to-month,Yes,Bank transfer (automatic),52.77,3068.38,No
4327-T989,Male,1,No,Yes,57,Yes,No phone service,No,Yes,No,Yes,No,Yes,Yes,Two year,Yes,Mailed check,84.45,4822.0,No
8259-H748,Female,0,No,Yes,1,Yes,No,No,No,No internet service,No,Yes,Yes,No internet service,One year,Yes,Electronic check,118.3,111.67,No
7025-Y702,Female,0,No,Yes,60,Yes,No phone service,DSL,No internet service,No internet service,No internet service,No internet service,No,Yes,Month-to-month,Yes,Bank transfer (automatic),66.02,3943.42,No
9955-X717,Female,0,No,Yes,69,Yes,No phone service,Fiber optic,No internet service,No internet service,No internet service,Yes,No internet service,No,One year,No,Credit card (automatic),39.86,2741.75,No
4218-Y842,Male,0,Yes,Yes,59,Yes,Yes,No,No,No internet service,Yes,Yes,No internet service,Yes,Month-to-month,Yes,Electronic check,40.0,2348.21,No
4170-J559,Male,0,Yes,No,46,Yes,No,DSL,No internet service,No,No internet service,No internet service,No internet service,No internet service,One year,No,Electronic check,24.32,1126.96,No
3906-V176,Female,0,No,Yes,34,Yes,Yes,DSL,No internet service,No internet service,No internet service,Yes,No internet service,Yes,Two year,Yes,Bank transfer (automatic),95.34,3237.77,No
4063-F852,Male,1,Yes,No,25,Yes,Yes,No,No,No,No,No,Yes,No,Month-to-month,No,Credit card (automatic),47.74,1207.24,No
9418-D486,Male,0,Yes,No,42,Yes,No,No,No internet service,No,Yes,No internet service,No internet service,No internet service,Two year,No,Credit card (automatic),35.61,1501.35,No
1665-N385,Male,0,No,No,29,Yes,Yes,DSL,Yes,Yes,No internet service,No,Yes,No,Month-to-month,No,Bank transfer (automatic),89.98,2607.5,No
5329-E264,Male,0,Yes,Yes,25,Yes,Yes,No,No,No,Yes,No internet service,No,No internet service,Month-to-month,Yes,Credit card (automatic),49.32,1233.84,No
5178-A438,Female,0,No,Yes,54,Yes,No phone service,DSL,Yes,Yes,Yes,Yes,No,No internet service,Month-to-month,No,Bank transfer (automatic),78.6,4231.13,No
8640-W258,Male,1,Yes,No,67,Yes,Yes,No,No,No internet service,No internet service,No,No,No,Month-to-month,No,Mailed check,60.24,4034.14,No
1654-E430,Male,0,Yes,Yes,15,Yes,No,DSL,Yes,Yes,No,No internet service,No internet service,No,One year,Yes,Mailed check,51.83,778.89,No
1833-Y740,Male,0,No,Yes,4,Yes,No phone service,No,No internet service,No internet service,No internet service,No,No internet service,No,Two year,Yes,Electronic check,67.44,265.92,No
5934-P908,Male,0,Yes,No,38,Yes,No phone service,No,Yes,No,No,No internet service,Yes,Yes,Month-to-month,No,Bank transfer (automatic),49.79,1886.39,No
6866-C902,Female,0,Yes,No,20,Yes,No phone service,No,Yes,Yes,No internet service,No internet service,No internet service,No,Month-to-month,No,Credit card (automatic),105.74,2124.86,No
6207-Q325,Female,0,No,No,23,Yes,No,Fiber optic,Yes,No internet service,Yes,No,No,No internet service,One year,Yes,Credit card (automatic),25.59,579.14,No
4012-Q169,Male,0,Yes,No,37,Yes,No,No,Yes,No internet service,No,No,No internet service,Yes,One year,Yes,Bank transfer (automatic),21.28,793.21,No
9276-F525,Male,1,No,No,62,Yes,No,DSL,Yes,Yes,No,No,Yes,Yes,Two year,No,Electronic check,59.09,3674.58,No
9897-R513,Male,1,Yes,Yes,8,Yes,Yes,DSL,No,Yes,Yes,No,No,Yes,Month-to-month,Yes,Bank transfer (automatic),35.62,289.91,No
2506-L326,Male,0,No,No,37,Yes,Yes,Fiber optic,Yes,No internet service,No internet service,No internet service,No,Yes,Two year,Yes,Credit card (automatic),92.99,3428.59,No
4495-V439,Male,1,No,Yes,45,Yes,No phone service,Fiber optic,Yes,No internet service,No,No,Yes,Yes,Month-to-month,No,Bank transfer (automatic),53.77,2420.79,No
6424-L400,Male,0,No,Yes,33,No,No phone service,Fiber optic,No,No,No internet service,No,No,Yes,Month-to-month,Yes,Credit card (automatic),44.52,1478.09,No
4579-Y733,Female,0,No,No,7,Yes,No,No,No,No internet service,No internet service,No,Yes,No,Two year,No,Credit card (automatic),54.37,377.7,No
9691-P674,Male,0,No,No,22,No,No,No,No internet service,Yes,No internet service,No,Yes,No internet service,Month-to-month,Yes,Bank transfer (automatic),40.31,878.28,No
1144-D784,Female,0,Yes,Yes,5,Yes,Yes,DSL,Yes,No internet service,Yes,No,No internet service,No,One year,Yes,Mailed check,48.37,232.97,No
6668-O346,Female,0,Yes,No,15,No,Yes,DSL,Yes,No internet service,No internet service,No,No,No internet service,One year,Yes,Credit card (automatic),75.33,1133.17,No
4994-B798,Male,0,No,Yes,21,Yes,No,No,No internet service,Yes,Yes,Yes,No internet service,Yes,Month-to-month,Yes,Credit card (automatic),105.09,2203.57,No
6258-M915,Female,0,Yes,No,17,Yes,No,DSL,Yes,No,No,Yes,No internet service,No,One year,Yes,Electronic check,55.52,937.66,No
2857-M362,Female,0,No,No,56,Yes,Yes,No,No internet service,No internet service,No internet service,No internet service,Yes,No,One year,Yes,Credit card (automatic),50.48,2805.89,No
9851-X389,Female,0,Yes,Yes,50,No,No phone service,Fiber optic,No,Yes,No,No,Yes,No,Month-to-month,No,Bank transfer (automatic),96.82,4859.03,No
1404-Q941,Female,0,Yes,Yes,7,Yes,No phone service,No,Yes,Yes,No internet service,No,No internet service,No internet service,One year,Yes,Mailed check,20.5,140.36,No
7143-Q922,Female,0,No,No,50,Yes,Yes,No,Yes,Yes,No,No internet service,Yes,Yes,Two year,No,Credit card (automatic),48.61,2438.64,No
9335-O598,Female,0,No,No,60,Yes,Yes,No,No,Yes,Yes,No,No,Yes,Month-to-month,Yes,Mailed check,63.69,3834.78,No
1718-J767,Male,0,Yes,No,7,Yes,No phone service,DSL,Yes,No,No,No,No,Yes,Two year,Yes,Electronic check,78.62,584.4,No
4154-K626,Female,0,Yes,Yes,40,Yes,Yes,No,No,Yes,No,No,No internet service,No internet service,Month-to-month,Yes,Bank transfer (automatic),33.93,1364.02,No
2349-D271,Female,1,No,No,45,Yes,No phone service,No,No,No internet service,No internet service,Yes,No,No,Month-to-month,Yes,Credit card (automatic),61.75,2782.1,No
9814-R107,Female,0,Yes,No,59,Yes,No phone service,No,No internet service,No,No internet service,No,No internet service,No internet service,One year,Yes,Mailed check,75.16,4418.94,No
2072-G786,Male,0,Yes,No,55,Yes,Yes,Fiber optic,No,Yes,No internet service,Yes,No,Yes,Month-to-month,Yes,Credit card (automatic),69.53,3803.88,No
4492-V534,Female,1,No,No,64,Yes,No,No,No internet service,No internet service,No internet service,No,Yes,No internet service,Two year,No,Mailed check,75.99,4839.49,No
2702-G650,Male,0,Yes,Yes,65,Yes,No,No,No,No,Yes,No,No,No internet service,Two year,No,Electronic check,84.82,5511.61,No
8130-U936,Female,0,No,Yes,54,Yes,No,No,No internet service,No internet service,No,No internet service,Yes,No internet service,Two year,Yes,Mailed check,56.38,3034.54,No
2181-X802,Male,0,No,Yes,40,Yes,No,DSL,No internet service,No,No,No internet service,No internet service,Yes,One year,No,Credit card (automatic),24.65,981.14,No
3519-A570,Male,1,No,No,53,Yes,No,Fiber optic,No internet service,Yes,Yes,No,No,No,Two year,Yes,Bank transfer (automatic),23.83,1277.36,No
6434-B189,Female,0,Yes,No,44,Yes,No,Fiber optic,No internet service,No internet service,No,No,Yes,Yes,One year,No,Mailed check,104.55,4605.37,No
2200-B282,Female,0,Yes,No,63,Yes,No,No,Yes,Yes,No internet service,No,Yes,No internet service,Month-to-month,No,Mailed check,86.33,,No
5127-R172,Male,0,No,Yes,2,Yes,Yes,No,No,No,No internet service,Yes,No internet service,No,Two year,Yes,Bank transfer (automatic),95.05,192.06,No
4729-I517,Female,0,No,Yes,21,Yes,Yes,DSL,No,Yes,No internet service,No,No internet service,No,Month-to-month,No,Credit card (automatic),111.59,2336.42,No
7357-O745,Male,0,Yes,Yes,50,Yes,No,No,No,Yes,No,No internet service,No,Yes,Month-to-month,Yes,Mailed check,93.68,4679.21,No
7626-N423,Male,0,Yes,Yes,52,Yes,Yes,DSL,No,No internet service,Yes,Yes,No,Yes,Month-to-month,Yes,Electronic check,87.83,4553.33,No
1276-M789,Male,0,Yes,No,9,Yes,No phone service,No,No internet service,Yes,Yes,No,No,No,Two year,No,Credit card (automatic),84.15,765.12,No
2938-R106,Male,1,No,Yes,20,Yes,No,DSL,Yes,Yes,No,Yes,Yes,No internet service,Month-to-month,Yes,Mailed check,44.24,902.51,No
2036-Y863,Male,0,No,Yes,18,Yes,No phone service,Fiber optic,No,Yes,Yes,Yes,No internet service,Yes,Month-to-month,No,Electronic check,114.46,2073.9,No
1745-W968,Female,0,Yes,No,30,Yes,Yes,No,No,No,Yes,Yes,No,No,Month-to-month,Yes,Electronic check,72.73,2182.15,No
2189-L614,Male,1,Yes,Yes,65,No,No,DSL,No,No internet service,No internet service,Yes,No,No,Month-to-month,No,Bank transfer (automatic),40.57,2646.62,No
2738-J905,Male,0,Yes,No,24,No,No phone service,DSL,No internet service,No internet service,No,No,Yes,No internet service,Month-to-month,No,Credit card (automatic),39.34,949.6,No
5937-T188,Female,0,No,No,47,Yes,Yes,No,No,Yes,Yes,No internet service,No,No,One year,No,Electronic check,100.18,4710.19,No
5612-Y548,Male,0,No,No,44,Yes,No,DSL,No,No internet service,No,Yes,Yes,Yes,Month-to-month,Yes,Mailed check,43.4,1913.12,No
7249-M941,Female,1,Yes,No,29,Yes,No,No,Yes,No,No internet service,No internet service,Yes,No,One year,No,Credit card (automatic),22.41,636.71,No
1504-P260,Female,0,Yes,No,68,Yes,No phone service,No,No internet service,No,No internet service,Yes,No internet service,No internet service,Month-to-month,No,Bank transfer (automatic),61.31,4164.28,No
9740-H239,Female,0,No,Yes,17,Yes,No phone service,DSL,Yes,Yes,Yes,No internet service,Yes,No internet service,Month-to-month,Yes,Electronic check,100.39,1699.81,No
7406-Z916,Male,1,No,Yes,5,Yes,No phone service,DSL,No,Yes,No,Yes,No internet service,No internet service,Two year,No,Electronic check,59.9,284.38,No
9941-J749,Male,0,Yes,No,50,Yes,Yes,DSL,No internet service,No,No,Yes,Yes,Yes,Month-to-month,No,Electronic check,99.01,4956.27,No
3360-J793,Male,1,Yes,Yes,40,Yes,No phone service,Fiber optic,No,No,No internet service,No,No internet service,Yes,Month-to-month,Yes,Mailed check,101.38,4062.22,No
7113-A666,Female,1,Yes,No,46,Yes,No phone service,No,No,No,No internet service,No,Yes,Yes,Two year,No,Credit card (automatic),104.45,4779.35,No
3316-D142,Male,0,No,Yes,51,Yes,No phone service,No,No internet service,Yes,No internet service,Yes,No,No,Month-to-month,No,Mailed check,77.43,3948.78,No
1082-S710,Female,0,Yes,Yes,11,Yes,No,Fiber optic,Yes,No,Yes,No internet service,No internet service,No internet service,Month-to-month,Yes,Electronic check,88.55,970.66,No
7456-R660,Male,0,No,Yes,12,Yes,No phone service,Fiber optic,No internet service,Yes,No,No,No internet service,No internet service,Month-to-month,Yes,Bank transfer (automatic),44.57,528.6,No
2394-J315,Female,0,No,Yes,13,Yes,No phone service,DSL,No internet service,No,Yes,No,Yes,No internet service,Month-to-month,Yes,Mailed check,28.27,351.03,No
6633-G522,Male,0,Yes,Yes,64,Yes,Yes,No,Yes,No,No,No,No,Yes,Month-to-month,No,Bank transfer (automatic),71.79,4595.17,No
9397-E264,Male,0,Yes,Yes,8,Yes,Yes,Fiber optic,No internet service,No internet service,No internet service,No,No,No internet service,Two year,Yes,Mailed check,19.31,154.67,No
4014-H731,Male,1,No,Yes,65,No,No phone service,Fiber optic,Yes,No,Yes,Yes,No internet service,No,Month-to-month,Yes,Bank transfer (automatic),65.06,4225.13,No
5140-G217,Female,0,Yes,No,9,Yes,Yes,No,Yes,Yes,Yes,No internet service,No,No,Month-to-month,Yes,Bank transfer (automatic),28.51,264.68,No
3971-V918,Female,0,No,No,2,Yes,Yes,No,No internet service,No,Yes,No,No,Yes,Two year,No,Electronic check,29.15,65.95,No
1891-Y662,Male,1,Yes,No,13,Yes,Yes,No,No internet service,No internet service,No internet service,No,Yes,Yes,Month-to-month,Yes,Electronic check,105.76,1356.25,No
8557-U662,Male,1,Yes,Yes,2,Yes,No,DSL,Yes,No,Yes,No internet service,No,Yes,Month-to-month,Yes,Credit card (automatic),82.62,172.87,No
2198-J787,Female,0,Yes,Yes,68,No,No phone service,Fiber optic,Yes,No,Yes,No,No,No internet service,One year,Yes,Electronic check,83.1,5641.24,No
2103-I200,Female,1,Yes,No,48,Yes,No phone service,DSL,Yes,No,No internet service,No internet service,No,No internet service,Month-to-month,No,Credit card (automatic),58.9,2824.47,No
4234-X694,Female,0,No,No,3,Yes,No phone service,No,Yes,Yes,No,Yes,No,No internet service,Month-to-month,Yes,Electronic check,59.78,195.82,No
8982-K465,Male,1,No,Yes,68,Yes,Yes,No,Yes,No,Yes,No,Yes,No,One year,Yes,Bank transfer (automatic),48.71,3311.85,No
3100-V771,Female,0,No,No,6,Yes,Yes,Fiber optic,No internet service,No,No internet service,No internet service,Yes,No,Two year,No,Credit card (automatic),61.9,381.68,No
4842-D391,Male,0,Yes,No,5,Yes,Yes,DSL,No,No,Yes,No,No,No internet service,Month-to-month,No,Electronic check,77.26,383.76,No
2143-G425,Female,0,No,No,3,No,No,DSL,No internet service,No internet service,Yes,Yes,Yes,No,One year,Yes,Mailed check,37.0,120.36,No
8960-O436,Male,0,No,No,10,Yes,Yes,DSL,No,Yes,No,No internet service,No internet service,No,Month-to-month,Yes,Electronic check,44.55,444.96,No
6008-W698,Female,0,No,Yes,43,Yes,No,No,Yes,Yes,No internet service,No internet service,Yes,Yes,Month-to-month,No,Electronic check,67.97,2920.02,No
3496-S680,Female,0,Yes,No,19,Yes,No phone service,Fiber optic,No internet service,No internet service,No,No internet service,Yes,No internet service,Month-to-month,Yes,Mailed check,56.92,1082.71,No
6971-Z423,Female,0,No,No,14,No,Yes,DSL,No,Yes,No,No,Yes,No,Month-to-month,Yes,Electronic check,100.61,,No
8017-F104,Female,1,Yes,No,21,Yes,No,No,Yes,No internet service,No internet service,No internet service,No internet service,No,Month-to-month,No,Credit card (automatic),100.83,2112.28,No
6131-H904,Female,0,Yes,No,43,Yes,No,No,No internet service,No,No,No internet service,No internet service,No internet service,Two year,Yes,Electronic check,52.02,2242.97,No
4629-W857,Male,0,No,Yes,28,Yes,Yes,DSL,No,Yes,Yes,No internet service,No internet service,No internet service,Two year,No,Electronic check,63.55,1787.78,No
8145-I960,Female,0,Yes,No,21,Yes,No,Fiber optic,No internet service,No,No internet service,Yes,Yes,Yes,One year,No,Mailed check,116.4,2435.28,No
6889-E795,Female,0,No,No,36,Yes,Yes,Fiber optic,No,No,No internet service,No internet service,No internet service,Yes,Month-to-month,Yes,Mailed check,101.41,3667.99,No
6432-P573,Female,1,No,No,24,No,No,DSL,No internet service,Yes,Yes,No internet service,No internet service,No internet service,One year,No,Electronic check,39.92,976.16,No
8296-L893,Male,1,No,No,54,Yes,No phone service,No,No internet service,No,Yes,No internet service,Yes,No,One year,No,Mailed check,46.41,2496.89,No
6004-P664,Female,0,No,No,38,Yes,No phone service,No,No,No,Yes,Yes,No,Yes,Month-to-month,Yes,Bank transfer (automatic),26.64,1007.76,No
2783-F761,Male,0,No,Yes,17,Yes,No phone service,DSL,No internet service,No internet service,No,No internet service,Yes,No internet service,Month-to-month,Yes,Mailed check,86.37,1467.99,No
2343-I979,Female,0,Yes,No,22,Yes,Yes,No,No internet service,Yes,No,No,Yes,Yes,Month-to-month,No,Credit card (automatic),50.1,1114.35,No
3293-R301,Female,0,No,No,45,Yes,No phone service,No,Yes,No,No,No internet service,Yes,No,Month-to-month,No,Electronic check,72.18,3253.83,No
5312-X741,Male,1,Yes,Yes,61,Yes,No phone service,DSL,No,No internet service,No,No,No,No,Month-to-month,Yes,Mailed check,95.45,5819.39,No
2252-X177,Female,0,No,No,11,No,No phone service,No,No internet service,Yes,No,Yes,Yes,No internet service,Two year,Yes,Electronic check,102.27,1112.33,No
1305-Q746,Male,0,No,Yes,61,Yes,Yes,DSL,No,No,No,Yes,Yes,Yes,Month-to-month,No,Credit card (automatic),50.95,3088.38,No
1511-S692,Male,0,No,No,38,Yes,No,DSL,No internet service,No,No internet service,No internet service,No,No,Month-to-month,Yes,Bank transfer (automatic),42.09,1602.28,No
7637-Y704,Female,0,Yes,Yes,66,Yes,Yes,DSL,No,No,No internet service,No internet service,Yes,No,Two year,No,Bank transfer (automatic),103.53,6851.18,No
4485-B664,Male,1,Yes,Yes,33,Yes,Yes,No,No,No,No internet service,Yes,Yes,Yes,Month-to-month,Yes,Electronic check,56.57,1866.85,No
5269-R652,Female,0,Yes,No,43,Yes,No phone service,DSL,Yes,No,No internet service,Yes,Yes,No internet service,One year,No,Mailed check,100.86,4341.13,No
8734-U893,Female,0,Yes,Yes,31,No,No,No,Yes,Yes,No internet service,Yes,No,Yes,Month-to-month,No,Bank transfer (automatic),33.3,1034.41,No
3435-L501,Male,0,No,No,35,Yes,No phone service,DSL,No,Yes,No internet service,No,Yes,Yes,Month-to-month,No,Electronic check,109.9,3830.11,No
4658-Y703,Male,0,No,Yes,37,Yes,No phone service,Fiber optic,No internet service,No internet service,No,No,No,Yes,Month-to-month,Yes,Electronic check,66.8,2487.31,No
5767-E575,Male,0,Yes,Yes,47,Yes,Yes,No,No,No internet service,No internet service,No internet service,No,Yes,Month-to-month,No,Bank transfer (automatic),35.35,1653.57,No
9210-Q192,Male,0,Yes,No,23,Yes,Yes,No,No internet service,No internet service,Yes,No,No internet service,Yes,One year,Yes,Electronic check,72.02,1648.46,No
7500-L614,Female,0,Yes,Yes,36,Yes,Yes,No,No,Yes,No internet service,Yes,Yes,No,Month-to-month,Yes,Bank transfer (automatic),105.69,3809.5,No
1173-V344,Female,0,No,No,40,Yes,No phone service,Fiber optic,Yes,Yes,Yes,No internet service,Yes,No internet service,Month-to-month,No,Bank transfer (automatic),57.38,2288.02,No
3717-Y626,Male,0,Yes,Yes,15,Yes,No,DSL,Yes,Yes,Yes,No,No internet service,No internet service,One year,Yes,Mailed check,36.15,529.22,No
3299-O263,Female,0,Yes,Yes,37,No,No,Fiber optic,No internet service,No,No internet service,No internet service,No internet service,No,Month-to-month,Yes,Electronic check,76.19,2828.71,No
3935-S679,Female,0,No,No,4,No,No phone service,DSL,No,Yes,No,No,Yes,No internet service,One year,No,Bank transfer (automatic),102.11,409.72,No
3395-X849,Female,0,Yes,No,22,Yes,No,DSL,No internet service,Yes,No,No internet service,Yes,No internet service,Month-to-month,No,Bank transfer (automatic),30.45,679.49,No
8921-L141,Female,0,No,Yes,22,Yes,No phone service,DSL,Yes,No,Yes,Yes,No internet service,Yes,Two year,Yes,Mailed check,22.41,489.34,No
4585-Y599,Male,0,No,No,17,Yes,No,DSL,No,No internet service,No,Yes,Yes,No internet service,Month-to-month,No,Bank transfer (automatic),23.91,401.92,No
4796-C370,Male,0,No,No,72,Yes,No phone service,DSL,Yes,No internet service,Yes,Yes,Yes,Yes,Month-to-month,No,Mailed check,41.41,2984.05,No
7052-H143,Female,0,No,Yes,38,Yes,No,Fiber optic,Yes,No internet service,No,No,Yes,No internet service,Month-to-month,No,Bank transfer (automatic),18.98,724.76,Yes
4387-Q910,Male,0,No,Yes,24,Yes,Yes,No,No,No,No,No internet service,No internet service,No,Two year,Yes,Electronic check,61.33,1465.5,No
6918-M580,Male,0,Yes,No,6,Yes,Yes,Fiber optic,No internet service,No,No,No internet service,No internet service,No internet service,Two year,No,Electronic check,88.37,522.6,No
8448-B140,Male,0,Yes,Yes,68,Yes,Yes,No,No,No,No,No internet service,No,No,Month-to-month,Yes,Electronic check,89.65,6105.27,No
6309-D820,Female,0,No,No,6,Yes,Yes,No,Yes,Yes,No internet service,No,No,Yes,One year,No,Mailed check,82.24,496.78,No
9542-U949,Female,0,No,No,26,Yes,No phone service,No,Yes,No internet service,No internet service,Yes,Yes,Yes,Month-to-month,Yes,Electronic check,48.02,1251.27,No
5480-X369,Female,0,Yes,No,41,Yes,No,Fiber optic,Yes,No,No internet service,Yes,Yes,Yes,Month-to-month,No,Mailed check,92.21,3760.86,No
9918-S278,Male,0,Yes,No,38,Yes,No phone service,DSL,Yes,No,Yes,No internet service,No,Yes,Two year,No,Credit card (automatic),76.19,2897.8,No
7171-U487,Female,1,No,No,43,Yes,Yes,DSL,No internet service,No internet service,No internet service,No internet service,No,No,Month-to-month,Yes,Mailed check,104.8,4510.12,No
6985-S769,Female,0,Yes,No,53,Yes,No,No,No,No internet service,No internet service,No,No,No internet service,Month-to-month,No,Credit card (automatic),66.29,3510.17,No
2275-Q357,Male,0,Yes,Yes,15,Yes,No phone service,DSL,No,Yes,No internet service,No internet service,Yes,Yes,One year,No,Mailed check,36.35,550.9,No
7165-H628,Female,0,No,No,56,Yes,Yes,DSL,No internet service,No internet service,No,No internet service,Yes,Yes,Two year,No,Bank transfer (automatic),82.03,4586.75,No
7649-L936,Female,0,Yes,Yes,56,Yes,No,Fiber optic,No internet service,No,No,No,No,Yes,Month-to-month,No,Mailed check,33.4,1873.83,No
6653-P911,Male,0,Yes,No,31,Yes,No,DSL,Yes,Yes,No,No internet service,No internet service,No,Month-to-month,Yes,Bank transfer (automatic),115.05,3551.3,No
8898-T106,Male,0,Yes,Yes,57,Yes,Yes,DSL,No,No internet service,No,Yes,No,No,Month-to-month,No,Mailed check,88.93,5078.05,Yes
9222-E550,Male,1,Yes,Yes,51,Yes,Yes,Fiber optic,No,Yes,No,No,No internet service,No,Month-to-month,Yes,Mailed check,94.26,4799.54,No
3713-H178,Female,0,No,Yes,24,Yes,No,DSL,No,No,No internet service,Yes,No internet service,No internet service,Month-to-month,Yes,Credit card (automatic),86.52,2080.82,No
9430-U387,Female,1,Yes,No,58,Yes,Yes,No,No internet service,No,No internet service,No internet service,Yes,No internet service,Two year,Yes,Credit card (automatic),28.05,1639.33,No
4465-E291,Female,0,No,Yes,4,Yes,No phone service,Fiber optic,Yes,No,No,No internet service,No internet service,Yes,Month-to-month,No,Bank transfer (automatic),65.01,269.91,No
3578-L716,Male,0,Yes,Yes,10,Yes,Yes,DSL,Yes,No,No,No,No internet service,No,One year,No,Bank transfer (automatic),83.72,841.51,No
2938-V335,Male,0,No,No,63,Yes,Yes,DSL,No,Yes,No internet service,No,No,No internet service,Two year,Yes,Electronic check,41.3,2610.12,No
7793-Z438,Female,0,No,Yes,15,Yes,Yes,Fiber optic,Yes,Yes,No internet service,No,No,No internet service,One year,Yes,Electronic check,86.54,1313.04,No
2856-P791,Female,0,Yes,Yes,63,Yes,No,No,No internet service,No,No,No,No internet service,No,Month-to-month,Yes,Credit card (automatic),100.65,6342.15,No
8844-P315,Male,0,No,No,19,Yes,No,Fiber optic,No internet service,Yes,Yes,No internet service,No,No internet service,One year,No,Bank transfer (automatic),45.88,,No
3641-U953,Male,0,No,Yes,63,Yes,Yes,No,No,No,No,No internet service,No,No,Two year,Yes,Electronic check,38.31,2401.74,No
7732-A349,Male,1,No,Yes,56,Yes,No,Fiber optic,Yes,No,No internet service,Yes,No,No,Month-to-month,No,Bank transfer (automatic),107.01,5985.35,No
1706-E687,Male,1,No,No,21,Yes,Yes,DSL,No internet service,No internet service,Yes,Yes,No,No,Month-to-month,Yes,Credit card (automatic),18.77,409.24,No
3639-E744,Female,0,No,Yes,34,Yes,No phone service,Fiber optic,No internet service,Yes,No,No,No internet service,Yes,Month-to-month,No,Bank transfer (automatic),43.95,1491.82,No
9399-B686,Male,0,Yes,Yes,17,Yes,No,Fiber optic,No internet service,No internet service,No internet service,No internet service,No internet service,No internet service,Month-to-month,Yes,Credit card (automatic),59.13,999.96,No
3406-B270,Female,0,No,Yes,18,Yes,Yes,No,No internet service,No,No internet service,No,No internet service,Yes,Month-to-month,No,Electronic check,85.81,1541.72,No
5231-F629,Female,0,No,Yes,66,Yes,No,Fiber optic,Yes,No internet service,No internet service,No,No internet service,No,One year,No,Bank transfer (automatic),118.45,7810.58,No
7642-T677,Female,0,Yes,No,51,Yes,No phone service,No,No internet service,No,No,No,No internet service,No internet service,One year,No,Bank transfer (automatic),55.52,2829.82,No
1305-X845,Male,0,Yes,No,65,Yes,No phone service,Fiber optic,No internet service,No,No,No,Yes,No internet service,Month-to-month,Yes,Electronic check,113.61,7374.16,No
5644-C321,Male,0,No,No,43,Yes,Yes,DSL,Yes,No,Yes,No,No,Yes,One year,No,Mailed check,55.11,2364.05,No
8359-T582,Male,0,Yes,No,57,Yes,No,Fiber optic,No,Yes,No internet service,No internet service,Yes,Yes,Month-to-month,Yes,Mailed check,88.15,5025.34,No
8891-F324,Male,1,Yes,Yes,10,Yes,No phone service,DSL,No,No,No internet service,Yes,No internet service,No internet service,One year,No,Credit card (automatic),34.87,364.42,No
7730-T246,Female,0,Yes,No,37,Yes,No,No,No internet service,No,Yes,No,No,Yes,One year,No,Bank transfer (automatic),64.52,2386.79,No
3979-T775,Male,1,Yes,No,48,Yes,Yes,No,No,Yes,No,No internet service,No internet service,Yes,One year,No,Electronic check,105.81,5061.63,No
9369-I271,Male,0,Yes,Yes,69,Yes,No phone service,No,Yes,Yes,No internet service,No,Yes,No,Month-to-month,No,Credit card (automatic),50.41,3488.35,No
6614-O710,Female,0,Yes,Yes,56,Yes,No phone service,No,No internet service,No,Yes,No internet service,No internet service,No internet service,One year,Yes,Electronic check,28.82,1621.98,No
2127-H487,Male,0,No,Yes,36,No,No,Fiber optic,Yes,Yes,No internet service,Yes,No,No,Month-to-month,No,Mailed check,70.78,2540.14,No
7315-E211,Female,0,No,No,31,Yes,No phone service,Fiber optic,No,No,No,Yes,No internet service,No,Month-to-month,Yes,Bank transfer (automatic),62.42,1942.91,No
1271-G635,Female,0,Yes,Yes,55,No,Yes,Fiber optic,No,No internet service,No,No internet service,No internet service,No internet service,Month-to-month,No,Credit card (automatic),41.32,2271.28,No
9263-V529,Female,0,Yes,Yes,38,Yes,Yes,DSL,No internet service,Yes,Yes,No,No,No internet service,Month-to-month,No,Mailed check,109.26,4166.32,No
3450-T198,Female,0,No,Yes,15,Yes,No phone service,Fiber optic,No,No internet service,Yes,Yes,Yes,No,Month-to-month,Yes,Mailed check,78.72,1204.68,No
3906-P729,Female,0,Yes,No,16,Yes,Yes,DSL,No internet service,No,No internet service,No,Yes,No internet service,Month-to-month,Yes,Bank transfer (automatic),53.14,854.22,No
1639-Z644,Female,0,No,No,53,Yes,No phone service,DSL,No internet service,Yes,No,No,No,No,Month-to-month,Yes,Bank transfer (automatic),118.36,6280.76,No
9246-Y220,Female,0,Yes,No,56,Yes,No phone service,Fiber optic,Yes,Yes,No,No internet service,No,No,One year,Yes,Bank transfer (automatic),32.08,1812.51,No
2526-P775,Female,0,No,No,7,Yes,No phone service,DSL,No,No,Yes,No,Yes,Yes,Month-to-month,Yes,Bank transfer (automatic),103.47,733.9,No
3135-T652,Male,0,No,No,57,Yes,No phone service,No,No,Yes,Yes,No internet service,No,No,Month-to-month,Yes,Credit card (automatic),41.43,2366.06,No
1019-Y794,Male,0,Yes,No,55,Yes,No,Fiber optic,No internet service,Yes,No internet service,No internet service,Yes,No internet service,Month-to-month,Yes,Bank transfer (automatic),42.32,2326.51,No
8069-Q530,Male,0,Yes,No,52,Yes,No phone service,Fiber optic,No internet service,Yes,No,No internet service,No internet service,No,One year,Yes,Credit card (automatic),68.32,3541.3,No
7068-B814,Male,1,Yes,Yes,4,Yes,Yes,DSL,No internet service,No internet service,No internet service,Yes,Yes,No,One year,No,Bank transfer (automatic),84.78,336.35,No
9680-N334,Female,0,Yes,Yes,43,Yes,No,Fiber optic,No internet service,No,No internet service,No,No,No internet service,Two year,Yes,Credit card (automatic),87.64,3766.16,No
8899-Z887,Male,0,No,Yes,40,Yes,Yes,Fiber optic,Yes,No,Yes,No internet service,No internet service,No internet service,One year,No,Credit card (automatic),20.47,819.02,No
7246-L703,Female,0,Yes,No,30,Yes,No phone service,DSL,No,No,No,No internet service,No,Yes,Month-to-month,Yes,Bank transfer (automatic),47.08,1394.07,No
2600-N237,Male,0,No,No,10,Yes,Yes,Fiber optic,Yes,Yes,Yes,No,Yes,No internet service,One year,Yes,Electronic check,84.64,842.8,No
5170-P884,Male,0,Yes,Yes,7,Yes,No,Fiber optic,No,Yes,No internet service,Yes,No internet service,No,Month-to-month,Yes,Credit card (automatic),107.67,751.1,No
4809-C390,Male,0,No,Yes,36,Yes,Yes,Fiber optic,Yes,Yes,No internet service,No internet service,Yes,No internet service,Month-to-month,Yes,Credit card (automatic),85.57,3066.59,No
9908-N363,Female,0,Yes,No,35,Yes,No,DSL,No internet service,No,No,No internet service,No internet service,No internet service,Two year,No,Electronic check,44.97,1578.01,No
4096-A826,Male,0,Yes,No,39,Yes,No phone service,Fiber optic,Yes,No internet service,No,No internet service,No,Yes,Month-to-month,Yes,Credit card (automatic),69.28,2711.19,No
1116-S635,Female,0,No,No,36,Yes,No phone service,Fiber optic,Yes,No,No,No internet service,Yes,No,One year,Yes,Mailed check,83.33,2999.84,No
2930-Q107,Female,0,Yes,No,20,Yes,Yes,Fiber optic,No internet service,No,No,No,No internet service,Yes,Two year,Yes,Mailed check,31.85,624.58,No
7144-U310,Male,0,Yes,No,49,Yes,Yes,No,No internet service,No internet service,Yes,No internet service,No internet service,Yes,Month-to-month,Yes,Electronic check,73.01,3576.46,No
6175-N470,Male,1,Yes,No,59,Yes,No phone service,Fiber optic,No,Yes,Yes,Yes,No internet service,No,Month-to-month,Yes,Electronic check,65.65,3880.68,No
2746-E536,Male,0,Yes,No,49,Yes,No phone service,DSL,No,Yes,Yes,No,Yes,No internet service,Month-to-month,Yes,Bank transfer (automatic),52.08,2558.91,No
5155-I975,Female,0,Yes,No,26,Yes,Yes,No,Yes,No,Yes,Yes,No,No,Month-to-month,No,Credit card (automatic),80.92,2103.45,No
9783-N678,Male,0,No,Yes,36,Yes,No phone service,DSL,Yes,No internet service,No internet service,No,No,Yes,Month-to-month,Yes,Mailed check,82.19,2962.94,No
6990-T382,Female,0,Yes,No,43,Yes,No,Fiber optic,Yes,No,Yes,No,No internet service,Yes,Two year,No,Electronic check,115.88,4976.49,No
7511-Y308,Female,1,No,No,43,No,No,Fiber optic,No internet service,No,Yes,No,No,No,Two year,No,Bank transfer (automatic),61.29,2642.92,No
7770-R902,Male,0,Yes,No,33,Yes,Yes,Fiber optic,No,No internet service,No,Yes,Yes,Yes,One year,Yes,Electronic check,71.64,2360.03,No
8904-F479,Male,1,Yes,Yes,45,Yes,Yes,No,Yes,No internet service,No internet service,Yes,No,No internet service,One year,Yes,Mailed check,34.08,1525.96,No
8925-I414,Female,1,No,Yes,45,Yes,No phone service,Fiber optic,No,Yes,Yes,No internet service,No,No internet service,Month-to-month,Yes,Electronic check,73.36,3310.72,No
6641-Y822,Female,0,No,No,15,Yes,No phone service,DSL,No,No,No internet service,Yes,Yes,No,One year,No,Electronic check,21.88,329.53,No
7522-X241,Female,0,No,Yes,17,Yes,No,No,No internet service,No internet service,No internet service,No internet service,Yes,No,Month-to-month,Yes,Credit card (automatic),33.31,567.09,No
2951-X335,Male,0,No,Yes,12,Yes,Yes,DSL,No internet service,No internet service,No internet service,No,No,No internet service,Month-to-month,No,Mailed check,35.46,430.86,No
8317-Z816,Female,1,No,Yes,22,Yes,Yes,DSL,Yes,No internet service,No internet service,No internet service,No,No,Month-to-month,Yes,Credit card (automatic),81.83,1799.58,No
3650-D319,Male,0,Yes,No,23,Yes,Yes,DSL,Yes,No internet service,No,Yes,No,No internet service,One year,Yes,Electronic check,75.26,1721.66,No
9328-M904,Female,0,No,No,12,Yes,Yes,DSL,Yes,No,No,No,No internet service,No internet service,Month-to-month,No,Mailed check,98.45,1179.15,No
6544-Z663,Female,0,No,No,68,Yes,No,DSL,Yes,No,No internet service,No,Yes,No internet service,Month-to-month,Yes,Bank transfer (automatic),64.92,4399.66,No
1852-F498,Male,0,Yes,No,51,No,No,Fiber optic,Yes,No,No internet service,No internet service,No internet service,No internet service,One year,Yes,Credit card (automatic),65.97,3376.19,No
1086-Z193,Female,0,Yes,No,13,Yes,Yes,DSL,No,No internet service,No internet service,No internet service,No internet service,No,One year,Yes,Credit card (automatic),34.49,437.28,No
3381-P714,Male,0,No,No,57,Yes,No,DSL,No,Yes,No,Yes,No internet service,No internet service,Month-to-month,No,Bank transfer (automatic),92.89,5314.17,No
8133-C165,Male,1,No,No,55,Yes,Yes,Fiber optic,No internet service,No internet service,No,No,No internet service,No internet service,Month-to-month,No,Electronic check,18.62,1016.21,No
5310-H479,Female,1,No,Yes,28,No,No,No,No internet service,No,No internet service,No internet service,No,Yes,Two year,No,Bank transfer (automatic),60.95,1712.76,No
2311-T138,Male,1,Yes,No,44,Yes,No phone service,Fiber optic,No,No,No internet service,No,Yes,Yes,Month-to-month,No,Mailed check,37.18,1654.7,No
7296-M728,Male,0,No,No,19,Yes,No,No,No internet service,No,No internet service,Yes,No,Yes,One year,Yes,Credit card (automatic),95.74,1821.67,No
9536-J828,Female,0,Yes,No,46,Yes,Yes,DSL,No internet service,Yes,No internet service,No,Yes,Yes,Month-to-month,No,Mailed check,85.93,,No
1941-Y939,Male,0,Yes,No,3,Yes,No phone service,Fiber optic,Yes,Yes,No,No internet service,No internet service,No,One year,No,Electronic check,89.28,268.16,No
3871-U606,Male,0,Yes,No,20,Yes,Yes,No,No internet service,No,Yes,Yes,Yes,Yes,One year,Yes,Bank transfer (automatic),33.18,654.95,No
8192-A306,Male,0,Yes,No,25,Yes,No phone service,No,No internet service,No internet service,Yes,Yes,Yes,Yes,Two year,No,Mailed check,85.47,2116.49,No
9489-J299,Female,0,No,No,56,Yes,No phone service,Fiber optic,No internet service,No,No,No,Yes,Yes,Month-to-month,Yes,Credit card (automatic),87.68,4916.04,Yes
1550-Z713,Male,0,Yes,No,61,Yes,No,Fiber optic,No,No,No,No internet service,Yes,No,Month-to-month,Yes,Mailed check,18.52,1109.46,No
9364-Q815,Female,1,Yes,Yes,55,Yes,No,Fiber optic,No,Yes,Yes,No,No,No internet service,Two year,No,Credit card (automatic),50.17,2745.67,No
4795-T273,Female,0,No,Yes,35,Yes,No phone service,Fiber optic,Yes,Yes,Yes,No,No internet service,Yes,Month-to-month,Yes,Electronic check,27.02,946.28,No
1590-L344,Male,0,Yes,No,59,Yes,No phone service,Fiber optic,No internet service,Yes,Yes,No,No,No internet service,Two year,No,Bank transfer (automatic),86.73,5110.47,No
1004-F188,Male,0,No,No,39,Yes,No phone service,DSL,No,Yes,No internet service,No internet service,No internet service,Yes,One year,Yes,Mailed check,39.57,1548.14,No
5520-Y509,Male,0,Yes,Yes,57,Yes,Yes,DSL,Yes,No,Yes,No,No,No,Month-to-month,No,Electronic check,44.85,2572.44,No
6785-V504,Female,0,No,No,67,Yes,No,Fiber optic,No internet service,No internet service,Yes,No,No,No,Two year,No,Electronic check,26.12,1747.48,No
7642-S305,Male,1,Yes,No,34,Yes,Yes,Fiber optic,Yes,No,No internet service,Yes,No,No,Month-to-month,Yes,Mailed check,66.87,2267.5,No
9482-A854,Male,1,Yes,Yes,41,Yes,No,DSL,Yes,No,No internet service,Yes,Yes,No internet service,One year,No,Mailed check,21.57,902.05,No
2124-C662,Male,1,No,No,22,Yes,Yes,No,No internet service,No internet service,No,Yes,Yes,No,One year,No,Credit card (automatic),103.23,2277.9,No
5661-X949,Male,1,Yes,No,27,Yes,No,DSL,No,No,No internet service,No internet service,Yes,No internet service,Month-to-month,No,Electronic check,20.9,573.54,No
6703-L935,Male,0,Yes,No,21,No,No phone service,Fiber optic,No internet service,No internet service,Yes,No,Yes,No,One year,No,Bank transfer (automatic),24.44,521.69,No
5530-H720,Female,0,No,Yes,41,Yes,No phone service,No,No internet service,Yes,No internet service,No,No,Yes,One year,Yes,Electronic check,82.61,3384.54,No
4187-O513,Female,0,Yes,Yes,31,Yes,No,Fiber optic,No internet service,Yes,No,Yes,No,Yes,One year,No,Bank transfer (automatic),110.4,3418.64,No
1076-I279,Male,0,Yes,No,27,Yes,No phone service,No,No,Yes,Yes,No,No internet service,Yes,Month-to-month,Yes,Mailed check,107.91,2904.06,No
7670-Q209,Male,0,No,Yes,37,Yes,No phone service,Fiber optic,No internet service,No internet service,No,No internet service,Yes,Yes,One year,Yes,Credit card (automatic),26.65,993.32,No
2185-Q401,Male,0,No,Yes,66,Yes,Yes,DSL,No,No,No,No,Yes,No internet service,Month-to-month,Yes,Credit card (automatic),47.24,3121.69,No
6570-D922,Male,0,No,Yes,54,Yes,No,Fiber optic,Yes,Yes,No,Yes,Yes,No,Month-to-month,No,Mailed check,70.61,3819.4,No
9409-I997,Female,0,No,No,9,Yes,No phone service,DSL,No,Yes,No internet service,No internet service,Yes,No internet service,Month-to-month,Yes,Credit card (automatic),20.93,169.66,No
9813-Z688,Male,0,No,Yes,42,Yes,No,No,Yes,No,No internet service,No,Yes,No internet service,Month-to-month,No,Mailed check,71.38,3007.27,No
5098-W553,Female,0,Yes,Yes,36,Yes,Yes,DSL,Yes,Yes,No,No,Yes,Yes,Two year,Yes,Credit card (automatic),63.25,2272.41,No
7178-S595,Female,0,No,Yes,10,Yes,No,No,No internet service,Yes,No,No,No,No,One year,Yes,Electronic check,77.39,752.9,No
4985-Y447,Male,0,Yes,No,59,Yes,Yes,Fiber optic,No,No internet service,No,No internet service,Yes,No internet service,Two year,No,Credit card (automatic),110.74,6520.67,No
8517-V571,Female,0,No,Yes,40,Yes,Yes,DSL,Yes,No,No,No,Yes,No internet service,Month-to-month,Yes,Bank transfer (automatic),45.85,1828.99,No
1448-P219,Female,0,Yes,Yes,54,Yes,Yes,No,Yes,No internet service,No internet service,Yes,No,No internet service,One year,No,Electronic check,82.48,4446.75,No
5224-C491,Female,0,Yes,No,39,Yes,No phone service,No,No,Yes,No internet service,Yes,No internet service,No internet service,Month-to-month,No,Credit card (automatic),61.45,2396.68,No
4610-V818,Female,0,No,Yes,7,Yes,Yes,No,No,Yes,No,Yes,No,No,Month-to-month,No,Electronic check,61.98,438.45,No
4767-Z423,Male,0,Yes,Yes,4,Yes,No,No,Yes,No,No internet service,Yes,Yes,Yes,Two year,Yes,Electronic check,83.3,332.06,No
7757-L628,Male,0,Yes,Yes,15,Yes,No,Fiber optic,Yes,Yes,Yes,No internet service,No,Yes,Month-to-month,No,Bank transfer (automatic),113.86,1703.18,No
9776-A817,Female,0,No,No,48,Yes,No phone service,Fiber optic,No,No internet service,No internet service,Yes,Yes,No internet service,Month-to-month,No,Bank transfer (automatic),104.98,5040.46,No
5314-H394,Male,0,No,No,6,Yes,No phone service,Fiber optic,No,No internet service,No,Yes,No,No,Month-to-month,No,Mailed check,82.52,496.68,No
2523-M789,Male,0,No,Yes,35,Yes,Yes,No,Yes,No,No internet service,Yes,No internet service,No,One year,Yes,Electronic check,64.63,2274.74,No
6603-C667,Male,0,No,Yes,72,Yes,Yes,Fiber optic,No internet service,No,Yes,No internet service,Yes,No internet service,One year,No,Credit card (automatic),60.86,4375.81,No
3924-P421,Male,0,Yes,Yes,71,Yes,Yes,No,No,Yes,Yes,No internet service,No,No,Month-to-month,No,Bank transfer (automatic),97.36,6911.45,No
6792-G687,Male,0,Yes,Yes,68,Yes,No phone service,No,Yes,No,No internet service,No,No,No internet service,Month-to-month,Yes,Electronic check,40.18,2748.72,No
5408-F864,Female,0,Yes,Yes,58,No,No phone service,No,Yes,No,Yes,Yes,No,Yes,Month-to-month,Yes,Mailed check,77.31,4471.78,No
4115-P854,Male,0,Yes,Yes,19,Yes,No,DSL,No internet service,Yes,Yes,No,Yes,Yes,Month-to-month,No,Mailed check,69.0,1307.35,No
4271-H853,Male,0,Yes,No,62,Yes,Yes,Fiber optic,No,Yes,No internet service,No internet service,No,Yes,Two year,No,Electronic check,83.51,5168.48,No
4965-I311,Male,0,Yes,Yes,71,Yes,Yes,Fiber optic,Yes,No internet service,No internet service,No,Yes,No internet service,Two year,No,Mailed check,37.09,2620.85,No
4755-G954,Male,0,No,Yes,10,Yes,No,DSL,No internet service,No internet service,No internet service,No internet service,Yes,No internet service,Two year,No,Credit card (automatic),88.17,883.95,No
5091-T464,Female,0,Yes,Yes,25,Yes,No,DSL,No,No,No,No,No internet service,Yes,Two year,No,Credit card (automatic),81.26,2044.8,No
3555-Y209,Female,0,Yes,No,44,Yes,No,DSL,No internet service,Yes,No,Yes,No internet service,No internet service,Two year,Yes,Credit card (automatic),36.35,1620.38,No
2964-C792,Female,0,Yes,Yes,58,Yes,No,DSL,Yes,No,Yes,No internet service,No,No,Two year,Yes,Credit card (automatic),63.44,3679.1,No
9071-T106,Female,0,No,No,25,Yes,Yes,No,No internet service,No internet service,Yes,No internet service,Yes,Yes,Two year,No,Bank transfer (automatic),86.45,2166.3,No
9871-B968,Male,0,No,Yes,40,Yes,No phone service,Fiber optic,Yes,No,No internet service,No internet service,No,No,Two year,No,Credit card (automatic),108.86,4359.81,No
8901-L735,Female,0,No,Yes,70,Yes,Yes,Fiber optic,Yes,No internet service,Yes,Yes,Yes,No,Month-to-month,No,Bank transfer (automatic),30.52,2134.34,No
6167-P688,Male,0,No,Yes,10,Yes,No,Fiber optic,No internet service,No internet service,No internet service,Yes,Yes,No internet service,Month-to-month,No,Bank transfer (automatic),19.13,204.11,No
5501-P287,Male,0,Yes,Yes,66,Yes,No phone service,No,No internet service,No,No,No internet service,No,No internet service,One year,Yes,Bank transfer (automatic),34.85,2298.46,No
9374-I507,Male,1,Yes,Yes,25,Yes,Yes,Fiber optic,Yes,No internet service,No internet service,No internet service,Yes,Yes,One year,No,Mailed check,117.67,2952.61,No
4638-Y690,Male,0,Yes,Yes,71,Yes,No,DSL,No internet service,No internet service,Yes,Yes,No,No internet service,One year,No,Bank transfer (automatic),95.47,6774.8,No
3101-B638,Male,0,No,No,11,No,No phone service,Fiber optic,No,Yes,No internet service,Yes,Yes,No internet service,One year,Yes,Mailed check,79.99,868.36,No
7933-P653,Female,0,Yes,Yes,36,Yes,No phone service,Fiber optic,No,No,No internet service,Yes,No,No,One year,No,Credit card (automatic),31.62,1127.41,No
1533-Q455,Female,0,Yes,Yes,49,Yes,No phone service,No,No internet service,No,No internet service,Yes,No,No internet service,Month-to-month,Yes,Mailed check,60.06,2926.76,No
7450-V894,Female,0,Yes,Yes,48,Yes,Yes,DSL,No internet service,No,Yes,Yes,No internet service,Yes,Month-to-month,No,Electronic check,90.13,4338.87,No
3863-O223,Female,0,No,No,7,Yes,No,DSL,No,No internet service,No internet service,Yes,No internet service,No internet service,Two year,No,Mailed check,108.29,770.8,No
9490-O423,Male,0,No,Yes,51,Yes,Yes,DSL,Yes,No internet service,No internet service,No,Yes,Yes,One year,Yes,Electronic check,56.62,2880.48,No
1137-A790,Female,1,No,No,17,Yes,Yes,Fiber optic,Yes,No internet service,Yes,Yes,No,No,Month-to-month,No,Mailed check,118.72,2007.56,No
4452-M694,Male,0,Yes,Yes,32,Yes,Yes,DSL,No,No,No,Yes,No,No,Two year,No,Bank transfer (automatic),32.29,1025.52,No
2650-K470,Female,0,Yes,Yes,26,Yes,No phone service,DSL,Yes,Yes,No,No internet service,No,No,Month-to-month,No,Electronic check,57.14,1487.42,No
5254-F661,Male,1,Yes,No,22,Yes,No,Fiber optic,No internet service,No,Yes,No internet service,No,Yes,Month-to-month,Yes,Mailed check,106.23,2327.7,No
5306-H375,Male,0,Yes,No,13,Yes,Yes,No,No internet service,No,No,No,No,No,Month-to-month,Yes,Credit card (automatic),83.57,1091.91,No
8722-T451,Female,1,No,Yes,12,Yes,No,Fiber optic,No,No,No internet service,Yes,Yes,No,Two year,No,Mailed check,99.75,1193.96,No
6995-F610,Male,0,Yes,No,71,Yes,No phone service,No,No,Yes,Yes,No internet service,No internet service,No internet service,One year,Yes,Electronic check,109.48,7783.92,No
7945-G529,Male,1,No,No,1,Yes,Yes,No,No,No,No internet service,No internet service,No,Yes,Month-to-month,No,Credit card (automatic),69.24,75.98,No
7099-L974,Female,0,Yes,Yes,33,Yes,No,DSL,No,Yes,No internet service,No,No,No,Two year,Yes,Electronic check,41.84,1369.5,No
7563-I561,Male,0,No,Yes,14,Yes,No phone service,DSL,Yes,Yes,Yes,Yes,No,No internet service,Two year,No,Bank transfer (automatic),87.97,1218.97,No
3947-S234,Female,1,Yes,Yes,64,Yes,Yes,Fiber optic,Yes,No,No internet service,No internet service,Yes,No internet service,One year,Yes,Bank transfer (automatic),74.88,4794.4,No
4744-D838,Female,0,Yes,No,43,Yes,Yes,No,Yes,No,Yes,Yes,No internet service,No,Two year,No,Mailed check,95.9,4121.88,No
5422-Z341,Female,0,No,Yes,58,No,No,Fiber optic,No internet service,No,No internet service,No,No internet service,Yes,One year,No,Mailed check,69.68,4054.18,No
8081-M300,Male,0,No,Yes,41,No,No,DSL,No internet service,No internet service,No,No,No,No,One year,Yes,Mailed check,99.77,4094.47,No
3389-Z856,Male,0,Yes,No,68,Yes,Yes,No,No,Yes,No internet service,Yes,Yes,No internet service,Month-to-month,No,Mailed check,108.9,7400.62,No
3450-P925,Male,0,Yes,No,39,Yes,Yes,DSL,No,No,No internet service,No,No internet service,Yes,Month-to-month,Yes,Electronic check,93.58,3666.43,No
1159-F531,Female,0,Yes,Yes,1,Yes,No phone service,DSL,Yes,Yes,Yes,No internet service,No internet service,No internet service,Month-to-month,Yes,Electronic check,92.99,88.7,No
9185-E969,Male,0,No,No,41,Yes,No phone service,DSL,Yes,No internet service,No,No,Yes,No,Two year,No,Mailed check,77.26,3154.27,No
9470-R837,Female,0,Yes,No,45,No,Yes,No,Yes,No internet service,No internet service,No,No internet service,Yes,Month-to-month,No,Mailed check,65.65,2952.19,No
6172-Z598,Female,0,No,No,13,Yes,No,No,No,No,No internet service,Yes,Yes,No,Month-to-month,Yes,Bank transfer (automatic),116.0,1499.94,No
5915-I675,Male,0,Yes,Yes,71,Yes,No,DSL,Yes,Yes,No,No internet service,No internet service,No,Month-to-month,No,Mailed check,83.08,5908.55,No
1781-M201,Female,0,Yes,Yes,9,Yes,Yes,No,No,No internet service,No,Yes,Yes,No,Month-to-month,No,Bank transfer (automatic),102.71,913.1,No
3676-B320,Male,0,Yes,Yes,63,Yes,No phone service,DSL,No,No internet service,No,Yes,No,No internet service,Month-to-month,No,Bank transfer (automatic),69.04,4358.01,No
5166-P959,Male,0,Yes,No,23,Yes,Yes,DSL,No internet service,Yes,No,Yes,No internet service,Yes,Two year,Yes,Mailed check,74.01,1699.63,No
2577-O862,Male,0,No,Yes,54,Yes,No,DSL,No internet service,No internet service,No,No,No internet service,Yes,Two year,Yes,Electronic check,84.87,4567.13,No
6483-I469,Male,0,No,Yes,47,Yes,Yes,No,No,Yes,No internet service,No,No internet service,No internet service,Two year,No,Bank transfer (automatic),91.47,4303.35,No
6903-R670,Male,0,Yes,No,39,Yes,Yes,Fiber optic,Yes,No,No,Yes,Yes,Yes,One year,Yes,Bank transfer (automatic),63.31,2480.96,No
5222-L120,Female,0,Yes,No,26,Yes,No phone service,Fiber optic,No,Yes,No,No,No internet service,Yes,Two year,Yes,Mailed check,54.06,1406.58,No
7746-D459,Female,1,Yes,Yes,1,Yes,No,No,No,No,No internet service,No,No internet service,No,Month-to-month,Yes,Electronic check,42.31,40.4,No
4259-S689,Female,0,No,No,14,Yes,No,No,No,Yes,Yes,Yes,Yes,No,Month-to-month,No,Credit card (automatic),60.83,870.21,No
9821-F899,Male,0,Yes,Yes,65,Yes,Yes,DSL,No,No internet service,No internet service,No internet service,No internet service,No internet service,Month-to-month,No,Bank transfer (automatic),39.48,2578.2,No
5663-L432,Male,0,No,Yes,69,Yes,No,DSL,No internet service,No,Yes,No internet service,No internet service,Yes,Two year,No,Mailed check,60.13,4156.68,No
9363-P893,Male,0,No,Yes,67,Yes,No,Fiber optic,No internet service,Yes,No,No,Yes,No internet service,Month-to-month,No,Electronic check,106.15,7091.94,No
8322-C490,Female,1,No,No,49,Yes,No,DSL,No,No,Yes,No internet service,Yes,No internet service,One year,Yes,Electronic check,116.45,5699.07,No
5694-O746,Male,0,No,No,50,Yes,No,Fiber optic,No internet service,Yes,No internet service,No internet service,Yes,No internet service,One year,Yes,Electronic check,76.25,3810.36,No
3373-F755,Female,0,Yes,Yes,58,Yes,No phone service,Fiber optic,No internet service,Yes,Yes,No,No internet service,No internet service,One year,No,Bank transfer (automatic),32.92,1913.99,No
6527-N746,Female,1,Yes,Yes,53,Yes,No phone service,No,Yes,No,Yes,No internet service,No,No,Month-to-month,No,Credit card (automatic),61.22,3253.62,No
7631-C181,Male,0,No,Yes,57,Yes,No phone service,No,No internet service,No,Yes,No,Yes,No internet service,One year,Yes,Electronic check,78.76,4478.91,No
3654-K333,Male,0,Yes,Yes,18,Yes,No phone service,No,No internet service,No,No,Yes,No internet service,Yes,One year,No,Bank transfer (automatic),55.51,1004.97,No
6136-K768,Female,0,Yes,No,16,Yes,No phone service,Fiber optic,No,No internet service,No internet service,No internet service,No,No,Month-to-month,No,Mailed check,38.87,610.28,No
5773-W373,Male,0,Yes,Yes,2,Yes,No,No,No internet service,Yes,Yes,Yes,No,No,One year,No,Electronic check,41.05,89.21,No
7479-I555,Female,1,No,Yes,13,No,Yes,Fiber optic,No internet service,Yes,No,Yes,Yes,No internet service,Two year,No,Bank transfer (automatic),65.88,845.41,No
6950-X701,Male,1,Yes,No,45,Yes,Yes,No,No internet service,No,No internet service,No,Yes,No,Two year,No,Credit card (automatic),40.0,1812.43,No
9535-O523,Male,0,Yes,Yes,72,No,No phone service,Fiber optic,No,Yes,No internet service,No internet service,Yes,No,Month-to-month,No,Electronic check,43.33,3122.3,No
3741-F974,Female,0,Yes,Yes,43,Yes,No,DSL,No,Yes,No internet service,No internet service,Yes,No,Month-to-month,Yes,Credit card (automatic),105.99,4553.73,No
1378-E845,Male,1,Yes,Yes,72,Yes,No phone service,DSL,No internet service,Yes,No internet service,No internet service,Yes,No,Month-to-month,Yes,Bank transfer (automatic),96.55,6954.64,Yes
4844-V357,Female,0,Yes,Yes,54,Yes,Yes,Fiber optic,No,No,No,No internet service,No internet service,No,One year,No,Mailed check,23.81,1279.19,No
2311-G270,Male,0,Yes,Yes,31,Yes,No,Fiber optic,No,Yes,No internet service,No,No internet service,No,Two year,No,Bank transfer (automatic),50.43,1563.56,No
7505-D197,Female,1,Yes,No,9,Yes,No,DSL,Yes,Yes,Yes,Yes,Yes,Yes,Two year,Yes,Credit card (automatic),71.71,635.41,No
2045-P661,Female,0,Yes,No,48,Yes,No,Fiber optic,No internet service,No internet service,No internet service,No internet service,No internet service,No,Two year,Yes,Credit card (automatic),24.34,1171.29,No
1881-A889,Male,0,Yes,No,18,No,Yes,Fiber optic,Yes,No internet service,No internet service,No internet service,Yes,No,One year,No,Mailed check,86.91,1561.85,No
7504-Q883,Female,0,Yes,No,11,Yes,Yes,DSL,No internet service,No,No,No,Yes,No internet service,One year,No,Electronic check,56.89,623.73,No
2363-D368,Male,1,No,Yes,62,Yes,No phone service,Fiber optic,No internet service,Yes,Yes,No internet service,No,No,Month-to-month,No,Bank transfer (automatic),58.17,3606.12,No
3544-C770,Male,0,Yes,No,19,Yes,No phone service,No,Yes,Yes,Yes,No internet service,Yes,No,Month-to-month,Yes,Mailed check,44.92,844.59,No
7387-J334,Male,0,No,No,24,Yes,Yes,DSL,Yes,No internet service,No,Yes,No,No internet service,Two year,No,Electronic check,51.81,1264.22,No
5053-X390,Female,0,Yes,No,13,Yes,No phone service,No,No internet service,No,No,No internet service,No internet service,Yes,One year,No,Mailed check,104.85,1361.01,No
8260-U229,Female,0,No,No,46,Yes,Yes,Fiber optic,Yes,No,Yes,No internet service,Yes,Yes,Month-to-month,Yes,Credit card (automatic),97.5,4495.99,Yes
3150-Q958,Male,0,No,No,53,Yes,No,Fiber optic,Yes,Yes,Yes,Yes,No,No,Month-to-month,Yes,Electronic check,112.3,5940.25,No
3795-A135,Male,0,Yes,No,29,Yes,No phone service,No,No,No internet service,No internet service,No internet service,No,Yes,Month-to-month,No,Mailed check,88.5,2543.96,No
6846-K984,Female,0,No,No,36,Yes,Yes,Fiber optic,No internet service,No internet service,No,Yes,No internet service,Yes,One year,No,Bank transfer (automatic),76.33,2750.45,No
8801-O991,Male,0,No,No,71,Yes,Yes,Fiber optic,No,No internet service,Yes,No,No,Yes,Two year,Yes,Mailed check,44.31,3156.67,No
9856-I661,Male,1,No,Yes,17,No,Yes,No,No internet service,Yes,Yes,Yes,Yes,Yes,Month-to-month,No,Electronic check,85.27,1461.74,No
8288-E814,Female,0,Yes,No,48,Yes,No phone service,Fiber optic,No,Yes,No,Yes,Yes,No,Month-to-month,No,Mailed check,109.32,5256.7,No
9835-F705,Male,1,No,Yes,24,Yes,No phone service,DSL,No internet service,Yes,No,No internet service,No,No,One year,Yes,Mailed check,25.2,602.69,No
8480-U866,Female,0,No,No,54,Yes,No,No,No,No internet service,Yes,No internet service,Yes,No internet service,Month-to-month,No,Bank transfer (automatic),62.78,3395.88,No
8126-Q755,Male,0,Yes,No,1,Yes,No phone service,No,No internet service,No,No,No internet service,Yes,No,Month-to-month,Yes,Electronic check,33.26,26.89,No
9745-J455,Female,0,No,No,67,No,No phone service,No,No,Yes,Yes,No internet service,No,No,Month-to-month,No,Electronic check,99.72,6675.12,No
8891-R332,Male,0,No,Yes,6,Yes,No phone service,No,Yes,Yes,Yes,Yes,No internet service,Yes,Month-to-month,Yes,Credit card (automatic),79.97,482.01,No
2467-O415,Male,1,No,Yes,55,Yes,No,DSL,No internet service,No,No internet service,No,No internet service,Yes,One year,Yes,Mailed check,106.65,5868.12,No
6992-N366,Female,0,Yes,No,38,Yes,No,No,Yes,No,No internet service,No internet service,Yes,No,Two year,Yes,Electronic check,24.59,929.12,No
3551-J110,Male,0,No,Yes,33,Yes,No,No,No,No internet service,No,Yes,No,No,Month-to-month,Yes,Electronic check,109.28,3608.06,No
1001-Q934,Female,0,Yes,No,8,Yes,No phone service,Fiber optic,No internet service,Yes,No,No,Yes,Yes,One year,No,Electronic check,25.0,211.41,No
3233-L393,Male,0,No,Yes,20,Yes,Yes,No,No,No internet service,Yes,No,Yes,No,Month-to-month,Yes,Bank transfer (automatic),47.15,934.13,No
8687-R108,Female,0,No,Yes,55,Yes,No phone service,Fiber optic,No,Yes,No internet service,No,No,No,One year,No,Bank transfer (automatic),33.94,1873.43,No
9059-Y588,Female,0,No,Yes,48,Yes,No,No,Yes,No internet service,No,Yes,No internet service,Yes,One year,Yes,Bank transfer (automatic),32.86,1563.64,No
5908-A884,Female,0,No,No,56,Yes,No phone service,No,No internet service,No internet service,Yes,No internet service,Yes,Yes,Month-to-month,Yes,Electronic check,35.5,1971.19,No
8052-Z399,Female,0,Yes,Yes,10,Yes,No phone service,DSL,No,No,No internet service,Yes,No internet service,No internet service,One year,Yes,Bank transfer (automatic),66.51,668.13,No
4788-Z107,Male,0,No,Yes,52,Yes,Yes,Fiber optic,Yes,Yes,Yes,No internet service,Yes,No,Month-to-month,No,Electronic check,97.08,5047.51,No
9981-L293,Male,0,Yes,No,50,Yes,Yes,DSL,Yes,No,No internet service,No,No,Yes,One year,Yes,Bank transfer (automatic),108.53,5427.65,No
7745-R547,Female,0,No,Yes,34,Yes,No phone service,Fiber optic,Yes,No,Yes,No,No,Yes,One year,No,Mailed check,75.22,2558.47,No
7467-H267,Female,0,Yes,No,36,Yes,No,No,Yes,No,No internet service,Yes,No internet service,No,One year,Yes,Electronic check,34.1,1237.16,No
7385-M325,Female,0,No,No,61,Yes,No phone service,DSL,No,Yes,Yes,No,Yes,No,Two year,No,Credit card (automatic),26.21,1604.13,No
5308-C532,Male,0,No,Yes,16,Yes,No phone service,Fiber optic,No,No internet service,Yes,Yes,No,Yes,Two year,No,Mailed check,67.91,1091.24,No
4924-Q882,Male,0,Yes,No,18,Yes,No phone service,Fiber optic,No,No internet service,No,No internet service,Yes,No,Two year,No,Mailed check,95.17,1726.89,No
5454-J764,Male,0,Yes,Yes,71,Yes,No,DSL,No internet service,Yes,No internet service,No,Yes,No internet service,Two year,No,Mailed check,80.58,5730.21,No
9715-Z375,Male,1,Yes,Yes,47,Yes,No,Fiber optic,No internet service,Yes,No internet service,No internet service,No internet service,Yes,Month-to-month,No,Credit card (automatic),76.82,3612.34,No
7765-G973,Female,0,Yes,No,32,Yes,No,No,Yes,No internet service,No,No,Yes,Yes,Month-to-month,No,Credit card (automatic),23.09,749.44,No
2121-F239,Female,0,No,Yes,43,Yes,No,Fiber optic,No,No internet service,No,No internet service,Yes,No,Month-to-month,Yes,Credit card (automatic),59.61,2560.47,No
5744-D752,Female,1,Yes,Yes,40,No,No,No,Yes,No,Yes,No,No internet service,Yes,Month-to-month,No,Bank transfer (automatic),73.56,2939.91,No
8460-T563,Male,1,Yes,No,65,Yes,No phone service,Fiber optic,No,No internet service,No internet service,No internet service,No,No,Month-to-month,Yes,Bank transfer (automatic),78.38,5107.85,No
5458-W737,Male,0,Yes,No,35,Yes,No,DSL,No internet service,No,Yes,No,Yes,No internet service,Two year,Yes,Mailed check,18.73,653.28,No
9060-G428,Male,1,No,Yes,69,Yes,No phone service,No,Yes,No internet service,Yes,Yes,Yes,No internet service,Month-to-month,No,Credit card (automatic),38.31,2647.44,No
1317-E150,Female,0,No,No,50,Yes,No phone service,Fiber optic,No,No internet service,Yes,No internet service,No,No internet service,One year,No,Mailed check,113.7,5688.52,No
9764-A290,Female,0,No,No,12,Yes,No phone service,No,No,No internet service,No,No internet service,No internet service,Yes,Month-to-month,Yes,Mailed check,69.37,833.99,No
2675-J375,Male,0,No,No,58,Yes,Yes,DSL,No,No,No internet service,Yes,No,No internet service,One year,Yes,Credit card (automatic),88.97,5178.27,No
3048-W548,Female,0,Yes,No,63,No,No,Fiber optic,Yes,No,No,Yes,Yes,No,Two year,No,Bank transfer (automatic),49.22,3099.63,No
1134-H192,Male,0,No,Yes,49,Yes,No,Fiber optic,No internet service,No internet service,No,Yes,Yes,No,Month-to-month,Yes,Mailed check,77.08,3794.65,No
3468-A605,Male,0,Yes,Yes,36,Yes,No phone service,No,No,No,No internet service,No,No internet service,No internet service,Two year,Yes,Mailed check,54.07,1935.76,No
4558-K530,Female,0,No,No,54,No,Yes,DSL,Yes,No,No internet service,Yes,No internet service,No internet service,Month-to-month,No,Electronic check,48.09,2596.39,No
6104-Z918,Male,1,Yes,Yes,47,Yes,No,DSL,No,No,No,No,No,No,Two year,Yes,Credit card (automatic),59.6,2798.8,No
9165-L574,Female,1,Yes,No,32,Yes,No phone service,Fiber optic,Yes,No,No,No,No internet service,No internet service,Month-to-month,No,Mailed check,64.46,2070.47,No
1519-K182,Male,0,Yes,No,53,Yes,Yes,No,No internet service,Yes,No,Yes,No,No internet service,Month-to-month,No,Credit card (automatic),51.53,2717.52,No
3393-B372,Female,1,Yes,Yes,32,Yes,No phone service,Fiber optic,No,No,No internet service,Yes,No,No internet service,Two year,Yes,Electronic check,44.18,1417.58,No
7429-C656,Female,1,Yes,Yes,62,Yes,Yes,Fiber optic,Yes,No internet service,No internet service,No,Yes,No,One year,Yes,Credit card (automatic),80.94,5027.53,No
8702-F296,Female,0,No,Yes,37,No,No phone service,No,No,No,Yes,No internet service,No,No,One year,Yes,Electronic check,56.51,2087.6,No
5097-M948,Male,0,Yes,Yes,38,Yes,No,DSL,Yes,No internet service,No internet service,No internet service,No,No internet service,One year,No,Electronic check,38.53,1457.93,Yes
1206-D886,Male,0,Yes,No,30,Yes,No phone service,Fiber optic,No internet service,No,No,Yes,No internet service,No,Month-to-month,Yes,Bank transfer (automatic),94.47,2827.96,No
5078-M889,Female,1,Yes,No,58,Yes,No phone service,Fiber optic,No internet service,No internet service,No internet service,No internet service,No internet service,No internet service,Month-to-month,Yes,Mailed check,90.99,5282.36,No
8257-H855,Female,0,Yes,Yes,32,Yes,Yes,No,Yes,Yes,No internet service,No,Yes,No internet service,Month-to-month,No,Mailed check,107.37,3419.98,No
1549-G571,Male,0,No,No,66,Yes,Yes,No,No internet service,No internet service,No internet service,No internet service,Yes,No internet service,Month-to-month,Yes,Credit card (automatic),74.03,4872.9,No
2539-Q781,Male,0,No,Yes,51,Yes,No,Fiber optic,No,No,No,No,Yes,Yes,Two year,Yes,Credit card (automatic),46.33,2363.66,No
4415-P498,Male,0,Yes,Yes,11,Yes,No phone service,DSL,No internet service,No,Yes,Yes,No,Yes,Two year,No,Electronic check,105.05,1161.39,No
6113-K262,Female,0,Yes,Yes,59,Yes,Yes,No,No,No internet service,Yes,Yes,No internet service,No internet service,Month-to-month,No,Electronic check,46.42,2741.53,No
1691-X662,Male,0,Yes,No,20,No,No,Fiber optic,No internet service,Yes,No,No internet service,No,Yes,Two year,Yes,Credit card (automatic),84.14,1688.81,No
9534-D359,Male,0,Yes,No,37,Yes,No,DSL,No internet service,No,No,Yes,Yes,No internet service,Month-to-month,No,Credit card (automatic),37.38,1372.59,No
8884-U405,Female,1,No,Yes,49,No,Yes,No,No,No,Yes,Yes,No internet service,Yes,Month-to-month,Yes,Credit card (automatic),81.48,3975.04,No
4255-L153,Male,1,No,Yes,19,Yes,Yes,No,No internet service,No internet service,No,No,No,No internet service,One year,No,Electronic check,102.76,1961.27,No
4568-D341,Male,0,Yes,Yes,55,Yes,No phone service,Fiber optic,No,No internet service,No internet service,No,No internet service,Yes,Month-to-month,No,Credit card (automatic),72.51,3975.37,No
8113-K115,Male,1,Yes,Yes,40,Yes,No,No,No,Yes,No internet service,No,No,No,Month-to-month,No,Electronic check,65.57,2627.95,No
3742-Z382,Female,0,Yes,No,7,No,Yes,Fiber optic,No internet service,No internet service,Yes,No,Yes,No,One year,Yes,Mailed check,118.09,808.34,No
2960-M908,Female,0,Yes,No,5,No,No,No,No internet service,No,No internet service,Yes,No,Yes,Two year,No,Mailed check,20.51,109.32,No
4982-A143,Female,0,Yes,Yes,42,No,No phone service,DSL,No,No internet service,Yes,No,No,No internet service,One year,No,Electronic check,51.59,2166.76,No
8786-W710,Female,1,No,Yes,48,No,Yes,DSL,Yes,Yes,No,No,Yes,Yes,Month-to-month,No,Electronic check,110.57,5317.77,No
3539-L889,Female,1,No,No,7,Yes,No,No,No internet service,Yes,Yes,No,Yes,Yes,Month-to-month,No,Electronic check,82.84,587.8,No
2466-H261,Female,0,Yes,Yes,11,Yes,Yes,Fiber optic,No internet service,No,Yes,No internet service,No,No,One year,Yes,Electronic check,72.73,796.58,No
9190-C802,Female,1,No,No,49,Yes,No phone service,No,Yes,No internet service,No internet service,No,No,No,One year,No,Bank transfer (automatic),82.34,4029.19,No
6544-Y740,Male,0,No,No,30,Yes,No phone service,Fiber optic,Yes,No,Yes,Yes,No,No,Two year,Yes,Mailed check,50.61,1521.46,No
1983-B464,Male,0,No,Yes,41,No,No phone service,No,No internet service,Yes,Yes,Yes,Yes,Yes,Two year,Yes,Mailed check,25.4,1036.38,No
3521-W649,Female,0,Yes,No,3,Yes,No phone service,DSL,No internet service,Yes,Yes,No,Yes,No,Two year,No,Bank transfer (automatic),45.9,104.93,No
2759-E599,Male,0,No,No,40,Yes,Yes,Fiber optic,No internet service,No internet service,No,No internet service,Yes,No,One year,Yes,Credit card (automatic),52.07,2079.99,No
4812-K671,Male,0,No,No,51,Yes,Yes,DSL,Yes,No internet service,No internet service,No internet service,No internet service,No,Month-to-month,No,Electronic check,66.48,3381.87,No
6690-Z549,Female,1,Yes,No,32,Yes,No,DSL,No internet service,No,No internet service,No internet service,No internet service,No internet service,One year,Yes,Electronic check,57.84,1845.53,No
4161-A805,Male,0,No,Yes,48,Yes,No,DSL,Yes,Yes,Yes,No internet service,Yes,No internet service,One year,No,Credit card (automatic),70.61,3392.25,No
7189-L841,Male,0,Yes,No,71,Yes,Yes,No,Yes,No,Yes,No,No internet service,Yes,Month-to-month,Yes,Mailed check,37.96,2707.57,No
3207-I140,Male,0,No,No,71,Yes,Yes,Fiber optic,No,No,No,No,No internet service,No,Month-to-month,Yes,Bank transfer (automatic),36.75,2627.63,No
8951-W548,Male,0,Yes,No,20,Yes,No,DSL,Yes,No,No internet service,Yes,No,Yes,Month-to-month,No,Electronic check,53.6,1076.9,No
5828-R813,Male,1,Yes,Yes,35,Yes,Yes,Fiber optic,No,Yes,No internet service,Yes,No,Yes,Two year,No,Mailed check,65.86,2299.15,No
9029-G680,Female,0,No,Yes,24,Yes,No phone service,Fiber optic,Yes,No internet service,Yes,No internet service,No,No,Month-to-month,Yes,Mailed check,52.59,1271.85,No
4057-R456,Female,0,No,Yes,40,No,No phone service,DSL,Yes,Yes,No,No internet service,No internet service,Yes,Two year,Yes,Mailed check,76.19,3032.49,No
6303-X579,Female,1,Yes,No,52,Yes,No phone service,No,No,No,No,Yes,No internet service,No,Month-to-month,No,Bank transfer (automatic),49.41,2562.41,No
5510-T981,Male,0,Yes,Yes,39,Yes,No,DSL,No,Yes,Yes,Yes,No,No,One year,Yes,Bank transfer (automatic),36.06,1404.04,No
3627-C643,Female,0,No,Yes,68,Yes,Yes,DSL,No,No,Yes,No internet service,No,No internet service,Month-to-month,Yes,Bank transfer (automatic),104.96,7118.03,No
3539-O402,Male,0,No,Yes,61,Yes,No,Fiber optic,No,No,Yes,Yes,Yes,Yes,One year,Yes,Bank transfer (automatic),38.41,2345.48,No
5314-R475,Male,0,No,No,65,Yes,No,No,No,No internet service,Yes,No internet service,No internet service,Yes,Month-to-month,No,Bank transfer (automatic),115.4,7492.78,No
8439-A894,Male,0,No,Yes,62,Yes,Yes,Fiber optic,No,No,Yes,No,No,No,Month-to-month,Yes,Bank transfer (automatic),117.48,7286.21,No
9289-M851,Male,0,Yes,Yes,2,Yes,No,No,No,Yes,No,No internet service,No,No internet service,Month-to-month,No,Credit card (automatic),88.28,173.9,No
4039-A734,Female,1,Yes,Yes,6,Yes,No phone service,DSL,Yes,No internet service,No,No,No,No internet service,Month-to-month,No,Mailed check,68.7,403.79,No
6965-Y735,Female,1,Yes,No,43,No,Yes,No,Yes,No internet service,Yes,No,No internet service,Yes,Two year,Yes,Mailed check,98.19,4212.18,No
4912-K838,Male,0,No,No,40,Yes,No phone service,Fiber optic,No,No internet service,Yes,No,No,No internet service,One year,No,Credit card (automatic),106.01,4239.92,No
2037-V651,Female,0,No,Yes,39,Yes,No phone service,DSL,No internet service,No internet service,No internet service,Yes,No,Yes,Month-to-month,No,Electronic check,89.56,3500.09,No
7348-G636,Male,1,Yes,Yes,28,No,Yes,No,No,No internet service,No,Yes,No,Yes,Month-to-month,No,Credit card (automatic),28.51,805.22,No
9151-Y664,Female,0,Yes,Yes,63,Yes,No phone service,No,No internet service,Yes,No,No internet service,No,No internet service,Two year,No,Electronic check,18.55,1171.59,No
3525-T389,Female,0,Yes,No,64,Yes,No phone service,Fiber optic,Yes,No,Yes,No,No,No,One year,No,Electronic check,37.54,2408.29,No
6285-N756,Male,0,Yes,No,12,Yes,No phone service,No,Yes,No,No,No internet service,Yes,Yes,Month-to-month,No,Credit card (automatic),37.2,,No
6276-D198,Female,1,Yes,Yes,41,Yes,Yes,DSL,No internet service,No,No,No,No,Yes,Month-to-month,No,Credit card (automatic),36.59,1493.61,No
9572-V168,Male,0,Yes,No,29,No,Yes,No,Yes,No,No,No,Yes,Yes,One year,No,Bank transfer (automatic),69.48,2028.96,No
1717-E282,Female,0,No,Yes,23,Yes,Yes,Fiber optic,No,No internet service,No internet service,No internet service,No internet service,Yes,Month-to-month,Yes,Credit card (automatic),70.52,1615.41,No
1512-G209,Male,0,Yes,No,51,Yes,No,No,No internet service,No,No,No internet service,No internet service,No internet service,One year,No,Bank transfer (automatic),90.91,4652.17,No
8952-G201,Male,1,Yes,Yes,45,No,No phone service,DSL,No internet service,No,Yes,No internet service,No internet service,No internet service,One year,Yes,Credit card (automatic),38.5,1738.86,No
1521-S757,Female,0,Yes,No,22,Yes,No,DSL,Yes,No internet service,No,No internet service,No internet service,No internet service,Month-to-month,No,Credit card (automatic),27.56,603.79,Yes
7366-V601,Female,1,Yes,Yes,10,Yes,No,No,No internet service,No internet service,No,Yes,No internet service,No internet service,One year,No,Electronic check,85.19,839.05,No
9615-T818,Male,0,Yes,No,7,Yes,No phone service,No,No internet service,No internet service,No internet service,No,No,Yes,Two year,Yes,Credit card (automatic),66.89,471.6,No
5193-B475,Female,0,Yes,Yes,15,Yes,Yes,DSL,No internet service,No,No,No,No,No,Month-to-month,Yes,Electronic check,85.22,1277.82,No
4616-T835,Female,0,Yes,Yes,46,Yes,No,Fiber optic,Yes,No internet service,No internet service,Yes,No internet service,No,Month-to-month,Yes,Bank transfer (automatic),56.51,2611.59,No
2161-A313,Male,0,No,Yes,61,Yes,Yes,DSL,No internet service,No internet service,No internet service,No,No,No internet service,One year,Yes,Credit card (automatic),93.7,5705.32,No
9051-C579,Male,1,Yes,Yes,61,Yes,Yes,No,No internet service,Yes,No internet service,Yes,Yes,Yes,Month-to-month,Yes,Bank transfer (automatic),86.85,5308.42,No
1994-L671,Female,0,No,No,51,Yes,No phone service,No,No,Yes,No,No,Yes,No internet service,Two year,Yes,Credit card (automatic),83.61,4278.86,No
7814-L913,Male,0,No,Yes,38,Yes,No,Fiber optic,No,No,Yes,Yes,No,No,Two year,No,Credit card (automatic),21.02,791.57,No
1955-T372,Male,0,No,No,12,Yes,No,DSL,No internet service,No internet service,Yes,Yes,No internet service,No internet service,Two year,Yes,Mailed check,104.49,1261.26,No
9667-B851,Male,0,Yes,No,66,Yes,Yes,DSL,Yes,No,No,No,No internet service,Yes,Month-to-month,No,Credit card (automatic),56.1,3716.64,No
2153-J179,Female,0,Yes,Yes,54,Yes,No phone service,Fiber optic,No internet service,Yes,No internet service,No,Yes,Yes,One year,Yes,Electronic check,31.88,1735.13,No
4537-Q199,Female,0,Yes,Yes,39,No,No,DSL,Yes,Yes,Yes,No,No,Yes,Two year,Yes,Bank transfer (automatic),94.19,3683.94,No
2658-X336,Male,1,Yes,Yes,39,Yes,Yes,Fiber optic,No,No internet service,No,No internet service,Yes,No internet service,Month-to-month,No,Mailed check,67.14,2635.66,No
9710-M294,Female,0,Yes,Yes,30,Yes,Yes,DSL,No,No,Yes,No,No,No,Month-to-month,No,Mailed check,21.47,644.77,No
4164-Q772,Male,0,Yes,No,48,Yes,Yes,Fiber optic,No internet service,Yes,No,No,No internet service,Yes,Month-to-month,Yes,Bank transfer (automatic),96.83,4647.39,No
5075-S740,Female,0,Yes,No,31,Yes,No phone service,Fiber optic,Yes,No internet service,No internet service,No,Yes,No,Two year,No,Bank transfer (automatic),61.97,1936.76,No
3931-R867,Male,0,Yes,No,25,No,No phone service,Fiber optic,Yes,No,Yes,No internet service,No,No,Month-to-month,Yes,Mailed check,94.12,2329.4,No
7802-X208,Male,0,Yes,No,68,Yes,Yes,No,Yes,No internet service,No,No,No internet service,No internet service,Month-to-month,Yes,Credit card (automatic),94.19,6402.07,No
6864-V569,Female,1,Yes,Yes,51,Yes,Yes,No,No internet service,No internet service,No,Yes,No,No internet service,One year,No,Mailed check,28.29,1434.63,No
7997-D270,Male,0,No,No,13,No,No phone service,No,Yes,Yes,Yes,Yes,No internet service,No,One year,Yes,Credit card (automatic),79.88,1038.86,No
3955-R511,Female,0,Yes,Yes,63,Yes,Yes,DSL,No,No,No,No internet service,No,Yes,Month-to-month,No,Bank transfer (automatic),54.44,3433.89,No
9268-K773,Female,0,Yes,Yes,42,Yes,Yes,Fiber optic,Yes,Yes,Yes,No internet service,Yes,Yes,One year,No,Credit card (automatic),73.16,3078.59,No
3591-R714,Male,1,Yes,No,54,Yes,No phone service,DSL,Yes,No,No,No internet service,No,No internet service,One year,No,Credit card (automatic),27.15,1466.88,No
8258-L422,Male,0,No,No,67,No,Yes,DSL,No internet service,No,Yes,No internet service,Yes,Yes,One year,Yes,Credit card (automatic),77.36,5184.84,No
6319-L522,Female,0,Yes,No,56,Yes,Yes,Fiber optic,No internet service,No internet service,No internet service,No internet service,Yes,No,One year,Yes,Electronic check,96.39,5407.53,No
8054-X431,Male,0,Yes,No,19,Yes,Yes,No,No internet service,No internet service,Yes,No,Yes,Yes,Month-to-month,No,Credit card (automatic),117.42,2225.27,No
4943-S658,Male,0,No,No,46,Yes,No phone service,DSL,No internet service,No,No,Yes,No internet service,No internet service,Two year,Yes,Electronic check,50.44,2316.79,No
4504-M884,Male,0,Yes,No,15,Yes,No phone service,DSL,No internet service,No internet service,No internet service,Yes,Yes,No,Month-to-month,Yes,Credit card (automatic),33.84,498.45,No
5162-L563,Male,0,No,Yes,32,Yes,No phone service,DSL,Yes,Yes,No internet service,No,Yes,No,Month-to-month,No,Credit card (automatic),55.02,1760.51,No
8331-M100,Male,0,No,Yes,49,Yes,No,No,Yes,No,Yes,No internet service,Yes,Yes,One year,No,Electronic check,20.19,973.09,No
1567-J710,Female,0,No,Yes,21,Yes,No,Fiber optic,No internet service,Yes,Yes,No,No internet service,Yes,Two year,Yes,Credit card (automatic),59.33,1258.93,No
1267-Q238,Female,1,No,No,65,Yes,No,Fiber optic,No internet service,No internet service,Yes,No internet service,No,No,One year,No,Credit card (automatic),110.17,7169.01,No
5945-A407,Male,0,Yes,Yes,70,Yes,No,DSL,Yes,No,No internet service,Yes,No internet service,No internet service,Month-to-month,Yes,Electronic check,37.78,2634.78,No
4635-G976,Male,0,No,Yes,27,Yes,No phone service,Fiber optic,No internet service,No internet service,No internet service,Yes,No internet service,No internet service,Month-to-month,Yes,Electronic check,66.26,1801.37,No
6159-A890,Male,0,No,Yes,23,Yes,Yes,No,No,Yes,Yes,No internet service,No,Yes,Month-to-month,No,Electronic check,75.8,1740.74,No
5521-R623,Female,0,Yes,Yes,47,Yes,No phone service,Fiber optic,Yes,No,No,No,No,No internet service,Month-to-month,No,Electronic check,36.33,1700.5,No
3534-D138,Male,0,Yes,Yes,12,Yes,No,DSL,No,No internet service,No internet service,No internet service,Yes,No,One year,Yes,Credit card (automatic),51.43,620.9,No
8542-L259,Female,0,Yes,Yes,66,Yes,No phone service,DSL,Yes,Yes,Yes,No internet service,Yes,No internet service,Two year,Yes,Credit card (automatic),109.84,7232.93,No
3267-I475,Female,0,No,No,5,Yes,Yes,Fiber optic,Yes,Yes,No,Yes,No,No,One year,Yes,Bank transfer (automatic),47.97,236.39,No
5093-H362,Female,0,Yes,No,9,Yes,No,DSL,Yes,No internet service,Yes,No internet service,No,Yes,Month-to-month,No,Credit card (automatic),82.1,742.63,No
5920-C684,Male,1,No,No,20,Yes,Yes,No,Yes,No,No internet service,No,No internet service,No internet service,Month-to-month,No,Mailed check,32.01,658.03,No
7550-S322,Female,0,No,Yes,63,Yes,Yes,No,Yes,No internet service,No internet service,No internet service,No internet service,No,One year,No,Mailed check,85.57,5378.18,No
2264-X432,Male,1,Yes,No,72,Yes,Yes,No,Yes,No,Yes,Yes,No internet service,Yes,One year,No,Mailed check,46.3,3321.67,No
8905-F599,Female,0,Yes,No,71,Yes,No,No,Yes,Yes,No,No,No,No,Two year,Yes,Credit card (automatic),41.49,2943.39,No
2562-T757,Male,0,Yes,Yes,30,Yes,No phone service,DSL,No internet service,Yes,No internet service,No,Yes,No internet service,Two year,Yes,Mailed check,30.73,918.67,No
5921-B848,Female,0,Yes,No,16,No,No,DSL,No internet service,Yes,Yes,Yes,No internet service,No,Two year,Yes,Credit card (automatic),22.96,375.2,No
7251-C898,Male,0,Yes,Yes,5,Yes,No,Fiber optic,No internet service,No internet service,Yes,Yes,No internet service,Yes,Month-to-month,Yes,Electronic check,115.52,592.83,No
1916-Y442,Female,0,Yes,No,29,No,No phone service,DSL,No,No internet service,No,No internet service,No,Yes,One year,No,Credit card (automatic),59.85,1745.92,No
6700-N526,Male,0,No,Yes,47,Yes,No phone service,Fiber optic,Yes,No internet service,No,Yes,No internet service,No internet service,Month-to-month,No,Bank transfer (automatic),96.4,4526.39,No
2974-Y332,Male,1,No,Yes,22,Yes,No phone service,DSL,No internet service,Yes,No internet service,Yes,No,Yes,Month-to-month,No,Credit card (automatic),110.72,2450.35,No
1187-U896,Male,1,Yes,No,57,Yes,No phone service,Fiber optic,No internet service,No,No,Yes,Yes,No internet service,Month-to-month,Yes,Mailed check,38.75,2207.98,No
7266-B412,Male,0,No,Yes,35,Yes,Yes,Fiber optic,No internet service,No internet service,No,Yes,No internet service,Yes,Month-to-month,Yes,Electronic check,105.67,3703.64,No
9591-B426,Female,0,No,No,60,Yes,No,No,Yes,No internet service,No internet service,No,No internet service,No internet service,Month-to-month,No,Electronic check,89.41,5368.79,No
9846-S253,Female,0,No,Yes,70,Yes,No,Fiber optic,Yes,No internet service,Yes,No,No internet service,Yes,Two year,Yes,Electronic check,76.34,5348.27,No
6354-Q814,Male,0,No,No,60,No,No,Fiber optic,No,Yes,No internet service,No,No,No internet service,Month-to-month,Yes,Bank transfer (automatic),99.56,5982.34,No
4617-E151,Female,0,No,No,58,Yes,No phone service,Fiber optic,No,No,No internet service,Yes,No,No,Two year,Yes,Bank transfer (automatic),29.37,1711.52,No
7436-O870,Male,1,No,Yes,3,Yes,No,Fiber optic,Yes,No,No,No internet service,Yes,No,Two year,Yes,Bank transfer (automatic),44.74,141.48,No
9269-C327,Male,0,Yes,No,34,Yes,Yes,Fiber optic,No,No,No,No internet service,No,No internet service,Two year,Yes,Mailed check,31.42,1063.03,No
8076-J905,Female,0,Yes,No,45,No,No,No,No internet service,No internet service,Yes,No internet service,No internet service,Yes,Two year,No,Mailed check,108.3,4864.81,No
7460-E235,Male,0,Yes,No,50,Yes,No,Fiber optic,No,No internet service,No,No internet service,No internet service,Yes,One year,No,Bank transfer (automatic),28.18,1416.44,No
6507-C587,Male,0,No,Yes,2,No,Yes,Fiber optic,No internet service,No,Yes,No,No,No internet service,Month-to-month,Yes,Credit card (automatic),116.74,236.83,Yes
1807-R508,Female,0,Yes,Yes,15,Yes,Yes,Fiber optic,No,Yes,Yes,No internet service,Yes,Yes,One year,Yes,Bank transfer (automatic),29.29,448.14,No
5301-C508,Male,0,Yes,No,37,Yes,No,DSL,No internet service,No,Yes,No,No,No internet service,Two year,Yes,Bank transfer (automatic),84.76,3131.5,No
9221-N892,Male,0,Yes,No,15,Yes,No phone service,DSL,No,No internet service,No internet service,No internet service,No,No,Two year,No,Bank transfer (automatic),84.63,1276.87,No
3136-Y238,Male,0,No,Yes,60,Yes,No phone service,No,No,No,No,No internet service,No internet service,No internet service,Two year,Yes,Electronic check,111.84,6707.37,No
8879-R302,Male,0,Yes,Yes,64,Yes,No,Fiber optic,Yes,No,No,No,No internet service,Yes,One year,Yes,Mailed check,50.72,3242.43,No
8993-M767,Female,1,No,No,52,Yes,No,Fiber optic,Yes,No,Yes,No,No internet service,Yes,Month-to-month,Yes,Electronic check,51.62,2695.98,No
4212-R730,Female,0,Yes,Yes,23,Yes,No,DSL,No internet service,Yes,No,No internet service,No,No internet service,Two year,Yes,Credit card (automatic),103.3,2386.9,No
9589-H348,Female,0,Yes,Yes,37,Yes,No,Fiber optic,Yes,No internet service,Yes,Yes,No,No internet service,Two year,No,Credit card (automatic),116.6,4316.39,No
2173-I895,Male,0,Yes,No,41,Yes,No phone service,No,No internet service,No internet service,No,No internet service,Yes,No internet service,Month-to-month,Yes,Mailed check,21.28,869.02,Yes
8046-K801,Male,0,No,Yes,57,Yes,No,Fiber optic,Yes,No,No internet service,No internet service,No internet service,No internet service,One year,No,Credit card (automatic),82.1,4678.87,Yes
2467-D787,Female,0,No,Yes,25,Yes,Yes,No,Yes,No internet service,No,No internet service,Yes,No,Two year,Yes,Electronic check,42.74,1069.98,No
7776-N474,Male,1,No,Yes,37,Yes,No phone service,DSL,No internet service,Yes,Yes,No,No internet service,Yes,Month-to-month,Yes,Electronic check,91.41,3378.29,No
6706-G428,Male,0,No,No,40,Yes,No phone service,No,No,No,No internet service,No internet service,Yes,Yes,Two year,Yes,Electronic check,95.91,3839.62,No
6644-T771,Male,0,No,Yes,46,Yes,Yes,No,No internet service,Yes,No,Yes,No internet service,No internet service,Month-to-month,Yes,Credit card (automatic),94.88,4359.42,No
1396-Y412,Male,0,Yes,No,60,Yes,No,No,No internet service,No,No internet service,No internet service,No,No internet service,Month-to-month,Yes,Bank transfer (automatic),62.02,3736.73,No
3773-L731,Female,0,Yes,Yes,19,Yes,No,No,No internet service,No,Yes,Yes,No internet service,No internet service,Month-to-month,Yes,Electronic check,34.11,628.26,No
8245-T249,Female,1,No,Yes,9,Yes,No,No,Yes,No,Yes,Yes,Yes,No,One year,No,Electronic check,77.02,686.84,No
8216-B937,Female,1,No,No,69,Yes,No,No,Yes,Yes,No,Yes,Yes,No,Month-to-month,Yes,Bank transfer (automatic),97.55,6738.68,No
4825-G801,Male,0,Yes,No,5,Yes,No,No,Yes,No internet service,Yes,No internet service,No internet service,No internet service,Month-to-month,No,Bank transfer (automatic),109.93,565.42,No
7124-E875,Female,0,No,No,26,Yes,Yes,No,No internet service,No internet service,No,No,No,Yes,Two year,No,Mailed check,63.74,1651.26,No
2405-D857,Female,0,Yes,No,19,Yes,No,No,No,No internet service,Yes,No,No internet service,No,Month-to-month,Yes,Credit card (automatic),42.94,813.56,No
1893-H735,Male,1,No,Yes,30,No,Yes,DSL,No,No internet service,Yes,No internet service,No,Yes,Month-to-month,No,Electronic check,30.19,910.3,No
3419-J114,Male,0,Yes,No,48,Yes,Yes,No,No internet service,Yes,Yes,No internet service,No internet service,No,One year,Yes,Mailed check,98.41,4728.67,No
6624-W923,Female,1,No,No,16,Yes,Yes,No,No internet service,No internet service,No,Yes,No,No internet service,Month-to-month,Yes,Credit card (automatic),72.05,1154.16,No
2823-J560,Female,0,No,No,71,Yes,No,Fiber optic,No,No internet service,No,No internet service,No internet service,No internet service,Two year,Yes,Mailed check,86.01,6114.52,No
8719-A439,Female,0,Yes,Yes,18,Yes,No,Fiber optic,Yes,No,No,No,No internet service,Yes,Month-to-month,Yes,Credit card (automatic),34.25,619.46,No
4424-X650,Female,0,Yes,Yes,56,Yes,No phone service,Fiber optic,No internet service,Yes,No,No internet service,No,No internet service,One year,No,Electronic check,18.91,1062.12,No
4471-G659,Male,1,No,No,21,Yes,No phone service,No,No,No,Yes,No internet service,No,Yes,Month-to-month,No,Mailed check,115.49,2440.97,No
9573-Y364,Female,1,No,No,31,Yes,Yes,DSL,No,No internet service,No internet service,No internet service,No internet service,No internet service,Two year,Yes,Credit card (automatic),99.74,3090.28,No
9991-P737,Female,0,Yes,No,1,Yes,No phone service,DSL,No,No,No,Yes,Yes,No internet service,Month-to-month,No,Credit card (automatic),58.45,56.04,No
3315-W815,Male,0,No,No,3,Yes,Yes,Fiber optic,Yes,No internet service,Yes,No internet service,No,Yes,Month-to-month,Yes,Credit card (automatic),64.19,189.53,No
1301-M696,Female,0,Yes,Yes,25,Yes,No phone service,Fiber optic,No,No,Yes,No internet service,Yes,No internet service,Two year,Yes,Bank transfer (automatic),111.62,2784.6,No
9631-B361,Male,0,Yes,No,8,Yes,No,No,No,Yes,No,No internet service,Yes,No,One year,No,Credit card (automatic),39.12,311.81,No
3790-B390,Male,0,No,Yes,65,Yes,No,DSL,No,No,No,No,Yes,No internet service,One year,Yes,Bank transfer (automatic),98.93,6424.3,No
4288-Z813,Male,0,Yes,No,62,Yes,Yes,DSL,No internet service,No,Yes,Yes,Yes,Yes,Month-to-month,No,Electronic check,20.05,1247.72,No
5444-B576,Female,1,Yes,No,7,Yes,Yes,Fiber optic,No internet service,No,No,Yes,No internet service,No internet service,Month-to-month,No,Mailed check,106.26,748.57,No
1136-C497,Female,0,No,Yes,7,Yes,No,DSL,No internet service,No,No,No,No,No,Month-to-month,Yes,Electronic check,77.47,544.71,No
5445-V972,Male,1,Yes,No,8,Yes,No,Fiber optic,No,No internet service,No internet service,Yes,No internet service,No internet service,Month-to-month,No,Bank transfer (automatic),66.25,533.99,No
6901-D119,Female,0,Yes,No,19,Yes,No,Fiber optic,No,No,No internet service,No,No internet service,No internet service,Month-to-month,No,Electronic check,89.25,1703.87,No
5792-U495,Female,0,Yes,No,17,Yes,No phone service,No,Yes,Yes,No,Yes,No internet service,No,Two year,Yes,Bank transfer (automatic),25.05,415.6,No
4787-M620,Male,0,Yes,No,11,Yes,No phone service,Fiber optic,No,No,No internet service,Yes,No internet service,No internet service,Month-to-month,No,Bank transfer (automatic),37.9,419.63,No
2631-K596,Male,0,No,Yes,49,Yes,No phone service,No,Yes,Yes,No internet service,Yes,No internet service,No internet service,Month-to-month,No,Credit card (automatic),59.15,2914.41,No
9709-C290,Female,0,Yes,No,11,Yes,No phone service,DSL,No,No,No,No internet service,No,Yes,Month-to-month,No,Bank transfer (automatic),80.35,878.53,No
4258-Q568,Male,0,No,No,41,Yes,Yes,DSL,Yes,No internet service,Yes,Yes,No internet service,Yes,One year,No,Credit card (automatic),32.78,1369.04,No
1352-B353,Female,0,Yes,Yes,62,Yes,Yes,Fiber optic,No internet service,Yes,Yes,No internet service,No internet service,Yes,Month-to-month,Yes,Mailed check,56.39,3493.15,No
9673-J441,Female,0,No,No,52,Yes,No phone service,Fiber optic,No,Yes,Yes,No internet service,No internet service,Yes,Month-to-month,Yes,Credit card (automatic),44.47,2314.92,No
9027-M862,Female,0,Yes,Yes,66,Yes,Yes,No,Yes,No,Yes,No internet service,Yes,No,Two year,No,Credit card (automatic),83.13,5489.5,No
3572-A455,Female,0,No,No,68,Yes,No phone service,No,No internet service,No internet service,No internet service,No,No internet service,Yes,Month-to-month,No,Credit card (automatic),110.64,7509.21,No
6765-L740,Male,1,Yes,No,67,Yes,No phone service,DSL,No internet service,No internet service,No internet service,Yes,No,Yes,Month-to-month,Yes,Credit card (automatic),34.93,2332.32,No
5953-H613,Male,1,Yes,No,40,Yes,No,DSL,No,Yes,No,Yes,No,No internet service,Month-to-month,Yes,Mailed check,37.27,1497.4,No
5519-Z163,Male,0,Yes,Yes,5,No,No phone service,Fiber optic,Yes,No,No,Yes,No,No,Month-to-month,No,Mailed check,78.6,390.68,No
5221-M934,Male,0,Yes,Yes,22,Yes,Yes,Fiber optic,Yes,No internet service,Yes,No internet service,Yes,No,Month-to-month,No,Mailed check,63.83,1395.56,No
1482-R386,Female,0,No,No,37,Yes,No phone service,No,Yes,No internet service,Yes,Yes,No,Yes,Month-to-month,Yes,Bank transfer (automatic),90.42,3357.7,No
4695-E449,Female,1,No,Yes,11,Yes,No,Fiber optic,No internet service,No internet service,No,No internet service,Yes,No internet service,Month-to-month,No,Bank transfer (automatic),47.18,522.07,No
7436-V240,Male,0,Yes,No,44,Yes,Yes,No,Yes,No,No,No internet service,No,No,Month-to-month,No,Credit card (automatic),73.0,3210.59,No
2438-X491,Female,0,No,Yes,53,Yes,No,DSL,No internet service,No,Yes,No internet service,Yes,No,Month-to-month,No,Credit card (automatic),57.13,3050.73,No
9531-V727,Female,0,Yes,No,61,Yes,No phone service,DSL,Yes,Yes,No internet service,No internet service,No,Yes,Month-to-month,No,Bank transfer (automatic),46.52,2827.72,No
4726-N346,Female,0,Yes,Yes,67,Yes,No phone service,Fiber optic,No internet service,No,No internet service,Yes,No internet service,Yes,Month-to-month,Yes,Credit card (automatic),91.54,6122.85,No
3502-N419,Male,0,No,No,13,Yes,No phone service,No,No,No internet service,No internet service,No internet service,No,Yes,Month-to-month,Yes,Mailed check,98.24,1273.14,No
6395-O655,Male,0,No,Yes,11,Yes,No phone service,Fiber optic,No internet service,Yes,No internet service,No,No,No internet service,Month-to-month,Yes,Electronic check,51.31,567.2,No
3158-G768,Male,0,No,Yes,11,Yes,Yes,Fiber optic,Yes,No,No internet service,No,No,Yes,Two year,Yes,Credit card (automatic),80.86,893.98,No
3270-S654,Female,0,Yes,Yes,7,Yes,No phone service,No,No internet service,No internet service,No,No,No internet service,No,One year,Yes,Electronic check,36.2,246.13,No
4314-E416,Male,0,Yes,Yes,17,Yes,No,Fiber optic,Yes,No internet service,No,No internet service,Yes,No,One year,Yes,Mailed check,97.74,1647.66,No
9582-E540,Male,0,No,No,48,Yes,Yes,No,No,Yes,Yes,Yes,Yes,Yes,Two year,Yes,Credit card (automatic),46.52,2238.8,No
3378-U678,Male,1,Yes,No,14,Yes,Yes,No,No internet service,Yes,No,Yes,No internet service,No,One year,Yes,Mailed check,35.43,491.6,No
3589-K169,Male,0,No,Yes,63,Yes,Yes,Fiber optic,No,No,No,No internet service,No internet service,No internet service,One year,Yes,Mailed check,112.72,7101.44,No
9732-X221,Male,1,No,No,64,Yes,No,No,No internet service,No,No,No internet service,Yes,Yes,One year,No,Mailed check,60.71,3886.3,No
4016-K959,Male,0,No,Yes,65,Yes,No,DSL,No internet service,Yes,No,No internet service,Yes,No,One year,Yes,Bank transfer (automatic),82.92,5399.36,No
3384-X130,Female,0,No,No,34,Yes,No,DSL,No,Yes,Yes,No,Yes,No,Two year,No,Credit card (automatic),99.58,3380.59,No
6221-N521,Female,1,No,Yes,9,Yes,No,DSL,No,No internet service,No,No internet service,Yes,Yes,Month-to-month,No,Mailed check,87.21,800.78,No
5970-O863,Male,0,No,No,37,Yes,No phone service,DSL,No internet service,No,No,No internet service,Yes,No,Month-to-month,No,Bank transfer (automatic),75.0,2773.53,No
5485-E897,Male,1,Yes,No,30,Yes,No phone service,Fiber optic,No internet service,No internet service,Yes,Yes,No internet service,No,Month-to-month,Yes,Credit card (automatic),55.6,1654.58,No
4079-D234,Female,0,Yes,Yes,41,Yes,No,DSL,No internet service,Yes,No,Yes,Yes,Yes,Two year,No,Mailed check,110.56,4522.88,No
4026-A880,Female,1,No,Yes,45,Yes,No,DSL,No,Yes,Yes,No,Yes,No internet service,Month-to-month,Yes,Credit card (automatic),31.67,1414.62,No
5372-T680,Male,0,No,Yes,47,Yes,No phone service,DSL,Yes,Yes,No internet service,No,No,No,Two year,Yes,Bank transfer (automatic),107.08,5025.48,No
4783-T337,Male,0,No,Yes,7,Yes,No phone service,DSL,No,No,No internet service,No,No internet service,No internet service,Month-to-month,Yes,Bank transfer (automatic),89.59,629.71,No
4783-V126,Male,0,Yes,Yes,14,Yes,No,Fiber optic,No internet service,Yes,No,No,No internet service,No internet service,Month-to-month,No,Credit card (automatic),75.68,1069.58,No
6886-C804,Male,1,No,No,48,Yes,Yes,DSL,No internet service,Yes,No,No internet service,Yes,No internet service,Month-to-month,No,Credit card (automatic),50.89,2420.51,No
8808-E614,Female,1,No,Yes,6,Yes,Yes,No,No,No,No,No internet service,No,No internet service,One year,Yes,Bank transfer (automatic),32.93,206.53,No
8680-W765,Male,1,No,No,34,Yes,No,No,No internet service,Yes,No,No,No,No internet service,One year,No,Mailed check,62.79,2148.99,No
7126-F972,Male,1,Yes,Yes,46,No,Yes,Fiber optic,No internet service,No,No internet service,No,Yes,No,Month-to-month,Yes,Bank transfer (automatic),97.02,4483.43,No
7348-P585,Male,0,No,No,59,Yes,No phone service,Fiber optic,No internet service,Yes,No internet service,Yes,No,No,One year,No,Mailed check,93.15,5500.05,No
3253-F297,Male,0,Yes,No,70,Yes,Yes,Fiber optic,No internet service,No,No,Yes,Yes,No internet service,Month-to-month,No,Bank transfer (automatic),83.12,5800.62,No
4707-B518,Female,0,Yes,Yes,8,Yes,No,DSL,No internet service,No,Yes,Yes,No internet service,Yes,One year,No,Bank transfer (automatic),118.0,930.56,No
1245-I522,Female,0,No,Yes,24,Yes,Yes,Fiber optic,Yes,No,Yes,No,No,No internet service,Month-to-month,Yes,Mailed check,116.0,2792.92,No
4646-X787,Female,0,Yes,No,67,No,Yes,DSL,No,No,No internet service,Yes,Yes,Yes,Two year,No,Electronic check,58.45,3917.08,No
4323-Y309,Male,0,Yes,No,4,Yes,Yes,Fiber optic,No,No internet service,Yes,No,Yes,No,Two year,Yes,Mailed check,37.6,144.1,No
2083-F549,Male,0,Yes,Yes,1,No,No phone service,No,No,No,No,No internet service,Yes,Yes,Month-to-month,No,Electronic check,64.87,49.95,No
9027-W432,Female,0,No,No,34,Yes,No phone service,No,Yes,No,No,No,No internet service,No,Month-to-month,No,Mailed check,103.13,3495.65,No
8496-H537,Male,0,Yes,No,9,Yes,No phone service,DSL,Yes,No,No,No internet service,No,Yes,Two year,Yes,Bank transfer (automatic),64.34,584.31,No
7633-Y142,Male,0,No,No,63,Yes,No,Fiber optic,No,No,No,No internet service,No internet service,No internet service,Month-to-month,No,Mailed check,52.02,3282.05,No
7232-X420,Female,0,No,No,10,Yes,Yes,No,No,Yes,No,No,No internet service,No,Month-to-month,Yes,Electronic check,92.74,937.06,No
7457-T860,Female,0,No,No,10,Yes,No phone service,DSL,No,Yes,Yes,Yes,No,Yes,Month-to-month,Yes,Bank transfer (automatic),83.59,849.1,No
9784-Q756,Female,0,Yes,No,50,Yes,No phone service,No,No internet service,No,Yes,No,No internet service,No internet service,Month-to-month,No,Mailed check,115.6,5771.22,No
1630-Q211,Female,0,No,Yes,44,Yes,Yes,Fiber optic,Yes,No,No internet service,Yes,Yes,Yes,One year,Yes,Mailed check,73.45,3241.03,No
8399-O946,Male,0,Yes,Yes,48,Yes,No,DSL,Yes,No internet service,No internet service,No internet service,No,Yes,Month-to-month,No,Bank transfer (automatic),115.48,5535.62,No
1694-H631,Male,0,Yes,Yes,6,Yes,Yes,No,No internet service,No,Yes,No internet service,No internet service,Yes,Two year,Yes,Electronic check,47.49,283.69,No
9812-M852,Female,0,Yes,Yes,24,No,No,Fiber optic,Yes,No,Yes,No internet service,No,No,One year,Yes,Mailed check,105.16,2516.51,No
1643-R496,Male,0,Yes,No,58,Yes,Yes,DSL,No,No,No internet service,No internet service,No internet service,No,One year,No,Electronic check,53.52,3111.86,No
9456-Y745,Female,0,No,Yes,64,Yes,No phone service,No,Yes,Yes,No,No,Yes,No internet service,Month-to-month,Yes,Mailed check,99.62,6369.88,No
1807-G398,Female,0,No,No,56,Yes,No phone service,No,No internet service,No,No internet service,No internet service,No internet service,Yes,Month-to-month,Yes,Mailed check,111.31,6239.84,No
8201-M411,Male,0,Yes,No,12,Yes,No phone service,DSL,No,No,No internet service,Yes,No,Yes,One year,Yes,Credit card (automatic),80.88,975.35,No
5684-O270,Female,1,No,Yes,35,Yes,No,Fiber optic,Yes,No internet service,Yes,Yes,No internet service,No,One year,Yes,Credit card (automatic),91.47,3212.84,No
7921-J727,Male,1,No,Yes,71,Yes,Yes,DSL,No,Yes,No internet service,No internet service,Yes,No,Month-to-month,No,Mailed check,114.59,8141.73,No
1893-W629,Male,0,No,No,6,Yes,No,No,Yes,No internet service,No internet service,No,Yes,Yes,Month-to-month,No,Credit card (automatic),55.95,354.39,No
3330-O949,Male,0,Yes,Yes,65,Yes,No phone service,No,No,No,Yes,No internet service,Yes,Yes,Month-to-month,No,Electronic check,69.66,4521.47,No
8400-C839,Male,0,No,Yes,60,Yes,No,No,No internet service,No internet service,No,No internet service,No internet service,Yes,One year,Yes,Credit card (automatic),108.53,6519.75,No
9202-D284,Female,0,Yes,No,68,Yes,No,Fiber optic,No internet service,No,No,Yes,No,No,One year,Yes,Bank transfer (automatic),85.87,5843.17,No
9952-E502,Male,1,No,No,29,Yes,No,No,Yes,No,No,No,No internet service,Yes,One year,No,Credit card (automatic),106.05,3067.9,No
7775-K561,Female,0,Yes,No,38,Yes,Yes,No,Yes,Yes,Yes,No,No internet service,Yes,Two year,No,Mailed check,80.38,3064.01,No
1408-F564,Female,0,Yes,No,22,Yes,No,DSL,No,No internet service,No internet service,Yes,No internet service,No,One year,No,Bank transfer (automatic),92.59,2045.49,No
4308-O192,Female,0,Yes,No,8,Yes,No,No,No internet service,No,No,Yes,No,No,Month-to-month,Yes,Mailed check,19.56,150.03,No
5097-K808,Female,1,No,No,63,Yes,No,DSL,No,No internet service,No internet service,Yes,Yes,No,One year,No,Credit card (automatic),52.39,3283.85,No
3686-W850,Male,0,Yes,Yes,13,Yes,No phone service,No,No internet service,Yes,Yes,No,Yes,No,One year,Yes,Mailed check,95.68,1242.8,No
3024-C216,Male,0,No,Yes,27,Yes,No phone service,DSL,No,No,No,Yes,Yes,Yes,Month-to-month,Yes,Credit card (automatic),58.85,1582.09,No
8362-U471,Female,0,Yes,Yes,18,Yes,Yes,DSL,No,Yes,No,Yes,No,No,Month-to-month,No,Electronic check,54.72,986.59,No
2397-Q824,Female,0,No,No,18,Yes,No phone service,DSL,No,No internet service,No internet service,Yes,No internet service,No,One year,Yes,Bank transfer (automatic),113.88,2049.95,No
7292-X910,Male,0,Yes,No,62,Yes,Yes,DSL,Yes,No internet service,No,No internet service,No internet service,Yes,One year,No,Bank transfer (automatic),73.78,4592.18,No
9383-T263,Female,0,No,Yes,14,Yes,No phone service,Fiber optic,No internet service,No internet service,Yes,No,No internet service,No internet service,Two year,No,Electronic check,37.6,519.02,No
7204-R489,Male,1,Yes,Yes,11,Yes,Yes,No,Yes,No,No internet service,No,No,Yes,Two year,Yes,Bank transfer (automatic),65.71,728.73,No
1719-Y274,Female,1,Yes,Yes,17,Yes,Yes,Fiber optic,Yes,No,No internet service,No internet service,No internet service,Yes,Month-to-month,Yes,Mailed check,70.38,1182.94,No
6491-S992,Male,1,Yes,No,51,Yes,Yes,No,No,No,No,No,No,Yes,One year,No,Mailed check,117.62,5988.83,No
3459-F989,Female,0,No,Yes,14,Yes,No phone service,DSL,No internet service,Yes,No,Yes,Yes,Yes,One year,No,Credit card (automatic),90.43,1261.59,No
3369-F887,Female,1,Yes,Yes,57,No,No,No,Yes,No internet service,No,No internet service,Yes,Yes,Month-to-month,No,Bank transfer (automatic),70.45,4007.2,No
1840-N415,Male,0,Yes,Yes,6,Yes,No phone service,DSL,No,No internet service,No,Yes,No,Yes,Month-to-month,No,Bank transfer (automatic),61.67,374.38,No
6071-X887,Female,0,Yes,No,57,Yes,No,No,No internet service,No internet service,No internet service,Yes,Yes,Yes,Month-to-month,No,Bank transfer (automatic),110.26,6284.54,No
8311-J741,Female,0,Yes,Yes,4,Yes,No phone service,DSL,No internet service,Yes,No internet service,Yes,No,No internet service,Month-to-month,No,Electronic check,83.17,340.93,No
3960-D234,Male,0,No,Yes,11,Yes,No,No,Yes,No,No,Yes,No internet service,Yes,Two year,Yes,Credit card (automatic),54.04,584.18,No
4323-A737,Female,0,Yes,No,11,Yes,No phone service,No,No,Yes,No internet service,No,Yes,Yes,Month-to-month,Yes,Bank transfer (automatic),64.95,716.24,No
5146-A569,Male,0,Yes,No,8,Yes,Yes,No,Yes,No internet service,Yes,No internet service,Yes,Yes,Month-to-month,Yes,Bank transfer (automatic),46.2,362.16,No
9153-P656,Male,0,No,No,59,Yes,Yes,DSL,No internet service,No internet service,No internet service,No internet service,No internet service,Yes,Month-to-month,No,Mailed check,114.77,6784.15,No
1094-T605,Female,1,No,No,21,Yes,Yes,No,Yes,Yes,Yes,Yes,No internet service,Yes,One year,Yes,Electronic check,88.8,1854.54,No
4897-G702,Female,0,No,No,65,Yes,No,DSL,No,No,Yes,No internet service,No,No internet service,Month-to-month,No,Bank transfer (automatic),57.68,3731.62,No
8794-O519,Female,0,Yes,Yes,24,Yes,No,Fiber optic,No internet service,No,Yes,No internet service,Yes,No,Month-to-month,No,Bank transfer (automatic),36.66,873.97,No
8239-C715,Female,0,No,Yes,30,Yes,Yes,No,No,No internet service,No,Yes,No internet service,No,Month-to-month,Yes,Electronic check,36.04,1069.99,No
1107-H660,Female,0,No,No,57,Yes,No,DSL,No,Yes,No internet service,Yes,Yes,Yes,Month-to-month,Yes,Mailed check,66.26,3778.25,No
5556-T743,Female,0,No,No,17,Yes,Yes,DSL,No internet service,No,Yes,No,Yes,No internet service,Month-to-month,No,Electronic check,65.24,1114.9,No
4401-B289,Female,0,Yes,No,59,Yes,No phone service,DSL,No,Yes,No,No,Yes,No internet service,One year,Yes,Credit card (automatic),60.24,3561.46,No
3429-B768,Male,0,Yes,No,31,Yes,No,Fiber optic,No,No internet service,No internet service,Yes,Yes,No internet service,Month-to-month,No,Mailed check,103.86,3198.31,No
6718-B248,Female,0,Yes,Yes,64,Yes,No,DSL,No,No internet service,No internet service,No,No,No,Month-to-month,Yes,Bank transfer (automatic),116.66,7473.46,No
1531-V691,Male,0,No,Yes,48,No,No phone service,Fiber optic,No internet service,No internet service,No,No,No internet service,No,Month-to-month,Yes,Bank transfer (automatic),53.91,2589.95,No
5889-K189,Female,1,Yes,No,23,Yes,No,Fiber optic,No,No internet service,No internet service,No internet service,Yes,No internet service,Two year,Yes,Credit card (automatic),47.86,1107.79,No
1803-D526,Female,0,No,No,70,Yes,No,DSL,Yes,No,No,Yes,No internet service,No,Month-to-month,Yes,Electronic check,95.65,6704.29,No
3920-F788,Male,0,No,No,30,No,No,No,Yes,No internet service,No,No internet service,No internet service,No,Two year,Yes,Bank transfer (automatic),63.45,1897.33,No
5659-T776,Female,1,No,No,55,Yes,No phone service,Fiber optic,No,No,No,No internet service,No,Yes,Two year,Yes,Electronic check,40.12,2197.55,No
3906-O867,Female,0,Yes,Yes,7,Yes,Yes,DSL,Yes,No,No internet service,Yes,No,Yes,Month-to-month,Yes,Electronic check,36.43,258.29,No
6901-B195,Male,0,No,No,12,Yes,Yes,Fiber optic,Yes,Yes,No,No internet service,Yes,Yes,One year,No,Electronic check,46.45,567.05,No
5903-K477,Female,1,No,No,60,Yes,No phone service,DSL,No internet service,No internet service,No,No,Yes,No internet service,Month-to-month,Yes,Bank transfer (automatic),18.38,1090.28,No
7208-C876,Female,0,Yes,Yes,52,Yes,No phone service,DSL,No,No,No internet service,No,No,Yes,One year,No,Mailed check,112.86,,No
8001-R166,Female,0,No,No,27,Yes,No phone service,Fiber optic,No internet service,Yes,Yes,No,No internet service,No internet service,One year,No,Bank transfer (automatic),61.49,1655.04,No
5797-P237,Male,0,No,Yes,12,Yes,Yes,DSL,No,Yes,No,No,No internet service,Yes,One year,Yes,Mailed check,26.58,313.74,No
2999-W980,Female,0,No,No,13,Yes,No phone service,Fiber optic,Yes,No internet service,No,No,No,No internet service,Month-to-month,No,Mailed check,34.83,448.89,No
5496-K639,Female,0,Yes,No,72,Yes,Yes,DSL,No internet service,No internet service,Yes,No internet service,Yes,No,One year,Yes,Mailed check,50.75,3660.55,No
7779-Q314,Female,0,No,Yes,62,Yes,No phone service,No,No internet service,Yes,No internet service,Yes,Yes,No internet service,One year,Yes,Bank transfer (automatic),73.7,4575.19,No
4425-T159,Female,0,Yes,No,29,Yes,No,No,Yes,No,No internet service,No internet service,Yes,No,Month-to-month,Yes,Credit card (automatic),88.97,2571.25,No
2790-S847,Male,0,Yes,Yes,35,Yes,Yes,Fiber optic,Yes,No internet service,No internet service,No internet service,No,Yes,Two year,No,Credit card (automatic),49.19,1707.91,No
9666-C595,Male,0,No,Yes,60,Yes,Yes,Fiber optic,No,Yes,No,No,No,No,Month-to-month,Yes,Mailed check,114.49,6880.14,No
5705-N723,Female,0,No,Yes,29,Yes,No phone service,Fiber optic,No,Yes,Yes,No,No internet service,No,Two year,No,Bank transfer (automatic),94.66,2753.16,No
6185-I638,Female,0,No,No,31,Yes,No,Fiber optic,Yes,No,No internet service,No internet service,No,Yes,One year,No,Credit card (automatic),101.24,3150.83,No
6797-E729,Male,0,No,No,61,No,Yes,No,Yes,No,Yes,No internet service,Yes,No internet service,One year,Yes,Credit card (automatic),50.78,3103.06,No
9132-Q846,Male,0,Yes,Yes,2,No,No phone service,Fiber optic,No internet service,Yes,No internet service,Yes,No internet service,No internet service,Two year,Yes,Bank transfer (automatic),56.54,126.41,No
9154-P927,Female,1,Yes,No,33,Yes,No,DSL,No internet service,No,No,Yes,Yes,No internet service,Two year,Yes,Electronic check,72.33,2363.73,No
3947-T338,Male,0,No,No,72,Yes,Yes,DSL,No,No internet service,No internet service,Yes,Yes,Yes,Month-to-month,No,Credit card (automatic),63.65,4581.64,No
5759-G101,Female,0,Yes,No,62,Yes,No phone service,Fiber optic,No internet service,Yes,Yes,Yes,No internet service,No internet service,One year,No,Credit card (automatic),44.37,2744.0,No
2936-A576,Male,0,No,Yes,59,Yes,No,DSL,Yes,No,Yes,Yes,Yes,No,Month-to-month,Yes,Bank transfer (automatic),118.48,7010.17,No
2932-X968,Male,0,No,Yes,40,No,Yes,Fiber optic,Yes,No,Yes,No,No internet service,Yes,Month-to-month,No,Bank transfer (automatic),103.51,4128.41,No
4396-Z730,Male,1,No,No,49,Yes,Yes,DSL,Yes,No,No,Yes,Yes,No internet service,Two year,Yes,Bank transfer (automatic),42.17,2052.9,No
7793-N146,Male,0,No,Yes,32,Yes,No,DSL,Yes,No,No internet service,No internet service,Yes,No,Month-to-month,Yes,Credit card (automatic),107.94,3447.81,No
6468-L673,Female,1,Yes,No,38,Yes,No phone service,Fiber optic,No,Yes,No,No,No internet service,No,Month-to-month,No,Bank transfer (automatic),77.23,2929.49,No
4478-A755,Male,0,Yes,No,13,Yes,No phone service,Fiber optic,Yes,No,No,No internet service,Yes,No internet service,One year,No,Mailed check,19.51,249.87,No
4296-W388,Male,0,No,No,54,Yes,No,No,Yes,No internet service,Yes,No,Yes,Yes,Month-to-month,No,Mailed check,53.04,2873.2,No
5168-Z169,Female,0,No,Yes,13,Yes,Yes,Fiber optic,Yes,No internet service,Yes,No,No internet service,No,Month-to-month,Yes,Bank transfer (automatic),20.84,285.74,No
6042-J618,Male,1,Yes,Yes,39,Yes,No,No,Yes,Yes,No,Yes,No internet service,No,One year,No,Credit card (automatic),27.07,1065.43,No
6307-Y106,Male,0,Yes,No,23,Yes,No,Fiber optic,No,Yes,No,No internet service,No internet service,No,One year,No,Credit card (automatic),36.24,858.3,No
2865-V441,Female,0,Yes,Yes,14,Yes,No,DSL,No,No internet service,No internet service,Yes,No,No,Month-to-month,Yes,Credit card (automatic),66.93,949.86,No
6592-M841,Male,0,No,No,17,Yes,Yes,No,No internet service,No internet service,Yes,No internet service,Yes,No internet service,Month-to-month,No,Bank transfer (automatic),56.57,955.36,No
1477-F298,Female,0,Yes,Yes,24,Yes,No,DSL,No,Yes,Yes,No internet service,No internet service,Yes,Two year,No,Electronic check,33.22,796.16,No
6415-K788,Female,1,No,Yes,58,Yes,No,Fiber optic,No,No internet service,Yes,Yes,Yes,No,Two year,No,Mailed check,57.9,3366.11,No
8849-P916,Female,0,No,Yes,63,Yes,Yes,Fiber optic,No,No internet service,No internet service,Yes,No internet service,No,One year,No,Bank transfer (automatic),48.84,3065.36,No
1582-U239,Female,0,Yes,No,34,Yes,Yes,Fiber optic,No internet service,Yes,No internet service,No,Yes,No,Month-to-month,No,Electronic check,59.47,2018.86,No
8888-E742,Male,0,No,No,51,Yes,No,Fiber optic,Yes,Yes,Yes,No,Yes,Yes,Month-to-month,Yes,Electronic check,35.57,1820.58,No
8546-R443,Female,0,Yes,No,10,Yes,No phone service,No,No internet service,No,Yes,No,No internet service,No,Two year,Yes,Bank transfer (automatic),79.53,814.42,No
8577-Z933,Male,1,No,Yes,72,Yes,No,No,Yes,No,No,No internet service,No internet service,Yes,Month-to-month,Yes,Electronic check,22.73,1636.89,No
7782-X157,Male,0,No,No,21,Yes,Yes,Fiber optic,No,No internet service,No,Yes,No,Yes,Two year,Yes,Electronic check,57.23,1203.76,No
9537-J678,Male,0,No,No,37,Yes,Yes,DSL,Yes,Yes,No internet service,No,No internet service,Yes,Month-to-month,Yes,Electronic check,108.19,4008.19,No
6169-R648,Male,1,No,No,7,Yes,Yes,No,No internet service,No,Yes,Yes,No internet service,Yes,Two year,No,Mailed check,60.43,405.67,No
1306-G691,Male,0,No,No,13,Yes,No phone service,DSL,Yes,No internet service,No,No,No internet service,No internet service,Month-to-month,No,Electronic check,62.58,809.93,No
6434-Z914,Male,0,No,Yes,30,Yes,Yes,Fiber optic,Yes,No internet service,No,No,No,No internet service,Month-to-month,Yes,Electronic check,25.08,743.85,No
6793-C252,Male,0,Yes,Yes,31,Yes,No phone service,No,No,No internet service,Yes,Yes,Yes,No internet service,One year,No,Bank transfer (automatic),79.09,2459.56,No
5595-A447,Male,0,Yes,No,5,Yes,Yes,No,Yes,No internet service,Yes,No,No,No,Two year,No,Bank transfer (automatic),112.36,557.41,No
7147-U647,Male,0,No,Yes,32,Yes,Yes,No,Yes,Yes,No,Yes,Yes,Yes,One year,No,Mailed check,47.56,1534.08,No
3719-S720,Male,1,Yes,Yes,16,Yes,No,DSL,No,No internet service,Yes,No,No internet service,Yes,Month-to-month,Yes,Bank transfer (automatic),57.77,928.68,No
7382-F709,Female,0,No,Yes,22,Yes,No phone service,Fiber optic,No internet service,No,Yes,Yes,No internet service,No internet service,Two year,Yes,Mailed check,77.36,1700.33,No
2914-Z869,Female,0,Yes,Yes,64,Yes,No,Fiber optic,No,Yes,No internet service,No,No internet service,No internet service,One year,No,Electronic check,27.62,1762.06,No
6050-W978,Female,1,Yes,Yes,44,Yes,No phone service,No,Yes,No internet service,No,No,No,Yes,Month-to-month,Yes,Electronic check,113.75,4997.86,No
6152-W132,Male,0,No,No,40,Yes,Yes,No,No,No,No,No internet service,No,No internet service,Month-to-month,Yes,Electronic check,65.24,2625.72,No
5448-N188,Female,0,Yes,Yes,37,No,Yes,Fiber optic,No,No,No internet service,Yes,No internet service,No,One year,No,Bank transfer (automatic),29.82,1082.98,No
9143-H480,Female,0,No,No,16,Yes,No phone service,DSL,Yes,Yes,No internet service,No,No,No,Month-to-month,Yes,Mailed check,51.94,830.2,No
8404-J321,Female,1,Yes,No,43,Yes,No,No,No internet service,Yes,No,No internet service,No internet service,No,Two year,No,Bank transfer (automatic),55.82,2401.12,No
9603-J279,Male,0,No,No,63,Yes,No phone service,DSL,No,Yes,No,Yes,No,Yes,Month-to-month,Yes,Bank transfer (automatic),52.96,3313.89,No
2838-L903,Male,0,Yes,Yes,15,Yes,No phone service,DSL,No internet service,No,Yes,No,No internet service,No internet service,One year,No,Mailed check,87.92,1331.89,No
1612-Y306,Male,1,No,Yes,44,Yes,No phone service,Fiber optic,No,No,Yes,No,No,No,Month-to-month,No,Mailed check,52.97,2332.79,No
2517-O618,Male,0,Yes,Yes,9,Yes,Yes,Fiber optic,Yes,No internet service,No,No,Yes,No,Month-to-month,Yes,Credit card (automatic),50.8,464.51,No
1408-Z594,Female,0,No,Yes,65,No,No phone service,DSL,Yes,Yes,Yes,Yes,No internet service,No,Month-to-month,No,Credit card (automatic),50.62,3297.74,No
9192-E294,Female,1,Yes,No,44,Yes,Yes,DSL,No,Yes,Yes,No internet service,No,No,Month-to-month,No,Credit card (automatic),96.42,4251.58,No
6572-P850,Female,0,No,No,20,Yes,No,Fiber optic,No,Yes,Yes,No,No,No,Month-to-month,Yes,Mailed check,49.24,992.9,No
9579-J894,Female,0,Yes,No,70,Yes,Yes,No,No,Yes,No internet service,No internet service,No internet service,No internet service,Month-to-month,No,Electronic check,19.66,1384.29,No
6363-E887,Male,1,No,Yes,33,Yes,No,DSL,Yes,No,No,Yes,No,No,Month-to-month,Yes,Bank transfer (automatic),54.99,1818.57,No
2609-Q792,Male,0,Yes,No,6,Yes,No,No,No,Yes,No,Yes,Yes,No,Month-to-month,Yes,Bank transfer (automatic),46.21,287.15,No
3174-G841,Male,0,No,No,31,No,No,DSL,Yes,No,No,No,Yes,No,Month-to-month,Yes,Credit card (automatic),109.61,3425.17,No
1598-O496,Female,1,No,No,66,No,Yes,Fiber optic,No,No,Yes,No,No,Yes,Month-to-month,Yes,Electronic check,66.28,4365.94,No
9558-D104,Male,1,No,Yes,18,Yes,No phone service,No,Yes,Yes,Yes,No,No internet service,No internet service,Two year,Yes,Mailed check,41.82,757.91,No
6095-B803,Male,0,No,No,28,Yes,Yes,Fiber optic,No,No,No internet service,No internet service,No,No,Month-to-month,No,Bank transfer (automatic),116.9,3281.59,No
2426-K578,Female,0,Yes,No,68,Yes,No,DSL,No internet service,No,No internet service,No internet service,No,No internet service,Month-to-month,No,Electronic check,43.05,2912.01,No
1755-D633,Female,0,Yes,Yes,65,Yes,No phone service,Fiber optic,No internet service,Yes,No,No,Yes,No,Month-to-month,Yes,Bank transfer (automatic),94.93,6189.38,Yes
6119-A691,Male,0,Yes,No,45,Yes,Yes,No,Yes,Yes,No internet service,Yes,No,Yes,Month-to-month,No,Bank transfer (automatic),83.53,3765.35,No
6114-U314,Male,0,No,Yes,58,Yes,No,Fiber optic,No,No internet service,No internet service,Yes,No internet service,Yes,One year,Yes,Bank transfer (automatic),64.7,3755.72,No
6257-G297,Male,0,No,No,47,Yes,No,No,No internet service,No,Yes,No,Yes,Yes,Month-to-month,No,Mailed check,59.04,2771.28,No
5695-I645,Male,0,No,Yes,66,Yes,No phone service,Fiber optic,No,No,No,No internet service,No,Yes,Month-to-month,Yes,Mailed check,105.92,6999.18,No
6228-Y551,Male,0,No,Yes,52,Yes,Yes,Fiber optic,No,No internet service,No,Yes,No internet service,No,One year,No,Bank transfer (automatic),66.0,3420.83,No
2927-I252,Male,0,No,Yes,36,Yes,No phone service,No,No,No internet service,No internet service,No internet service,Yes,No internet service,Two year,No,Mailed check,55.97,2032.22,No
3580-I217,Female,0,Yes,No,1,Yes,No phone service,No,No internet service,Yes,Yes,No,No internet service,No,Two year,No,Electronic check,53.85,64.33,No
1249-T673,Female,0,Yes,No,39,Yes,No phone service,No,Yes,No internet service,No internet service,No internet service,No internet service,Yes,Month-to-month,No,Electronic check,45.97,1791.6,No
9422-D311,Female,0,Yes,Yes,1,Yes,No phone service,DSL,No internet service,Yes,No internet service,No internet service,No internet service,Yes,One year,No,Bank transfer (automatic),59.35,73.76,No
9888-L662,Male,0,No,Yes,14,Yes,Yes,Fiber optic,Yes,Yes,No,No internet service,No,No,Month-to-month,Yes,Credit card (automatic),30.3,406.8,No
6218-I244,Female,0,No,Yes,71,Yes,No phone service,No,No internet service,Yes,Yes,Yes,Yes,No,One year,No,Electronic check,24.79,1750.02,No
5641-S350,Male,0,No,Yes,23,Yes,No,DSL,No,No,No internet service,No internet service,No,No internet service,Month-to-month,No,Mailed check,72.67,1672.04,No
3806-C418,Male,0,No,Yes,43,Yes,No,DSL,No,No,No internet service,No internet service,Yes,No internet service,Month-to-month,Yes,Mailed check,63.9,2748.75,No
6549-R554,Female,1,No,Yes,22,Yes,No,No,No,Yes,Yes,No internet service,No internet service,No internet service,One year,No,Electronic check,35.68,789.49,No
1831-E129,Male,0,No,Yes,60,Yes,No phone service,No,No internet service,No internet service,No internet service,No,No internet service,No internet service,One year,No,Credit card (automatic),28.98,1740.92,No
8712-V151,Male,1,No,Yes,27,Yes,No,No,No internet service,No,No,No internet service,No,Yes,One year,Yes,Bank transfer (automatic),32.65,894.05,No
2735-M155,Female,0,Yes,Yes,56,Yes,Yes,DSL,Yes,No,No internet service,No internet service,No internet service,Yes,Month-to-month,No,Electronic check,49.93,2781.55,No
2410-N501,Female,0,Yes,Yes,2,Yes,No phone service,DSL,No internet service,No internet service,No,Yes,No internet service,No internet service,One year,No,Mailed check,63.62,108.14,No
3932-W710,Female,1,No,Yes,39,Yes,No phone service,Fiber optic,Yes,No,No,No,No internet service,No internet service,Two year,Yes,Credit card (automatic),37.68,1455.58,No
8304-T464,Male,0,No,Yes,51,Yes,No phone service,DSL,No internet service,No internet service,No,No internet service,Yes,Yes,Month-to-month,No,Bank transfer (automatic),94.19,4790.76,No
6119-K937,Female,0,No,No,19,Yes,Yes,No,No,No internet service,No,Yes,Yes,Yes,Month-to-month,No,Mailed check,37.68,716.38,No
4246-W876,Female,0,Yes,Yes,62,Yes,No phone service,Fiber optic,No internet service,No,No,Yes,No,Yes,One year,Yes,Bank transfer (automatic),30.72,1903.34,No
9740-C873,Male,0,Yes,No,71,Yes,No phone service,Fiber optic,No,No internet service,No,No internet service,Yes,No internet service,Month-to-month,No,Bank transfer (automatic),118.2,8395.56,No
8629-S234,Female,0,No,No,67,No,No,Fiber optic,No internet service,No internet service,No internet service,Yes,No internet service,No internet service,One year,Yes,Credit card (automatic),63.25,4241.54,No
2522-Z815,Female,0,Yes,No,63,Yes,No,Fiber optic,Yes,Yes,Yes,Yes,No internet service,Yes,Month-to-month,Yes,Bank transfer (automatic),35.34,2229.37,No
8672-D566,Female,0,Yes,Yes,5,Yes,No phone service,No,No internet service,Yes,No internet service,Yes,No internet service,Yes,Two year,No,Mailed check,108.15,525.58,No
6085-V759,Male,0,Yes,No,72,Yes,Yes,Fiber optic,No,No,Yes,Yes,No,No,Two year,Yes,Bank transfer (automatic),41.47,2983.9,No
8625-P337,Male,1,No,Yes,61,Yes,No,No,No internet service,No internet service,No internet service,No internet service,No internet service,No,Month-to-month,Yes,Bank transfer (automatic),111.27,6782.6,No
4666-E981,Male,0,Yes,No,71,No,No phone service,DSL,Yes,No,Yes,No internet service,No internet service,Yes,Month-to-month,No,Electronic check,30.21,2157.42,No
5227-L501,Male,0,Yes,Yes,7,Yes,No,No,Yes,No,No internet service,Yes,No,Yes,Month-to-month,Yes,Electronic check,102.85,723.73,No
4004-W781,Female,1,No,Yes,50,Yes,No,Fiber optic,Yes,Yes,No,No internet service,Yes,No,Month-to-month,Yes,Mailed check,36.77,1857.41,No
6412-Z981,Male,0,No,No,46,Yes,Yes,DSL,Yes,No internet service,Yes,No internet service,Yes,No internet service,Month-to-month,No,Bank transfer (automatic),112.55,5167.73,No
6320-O599,Male,0,Yes,No,72,Yes,No phone service,DSL,No internet service,No,No internet service,Yes,Yes,Yes,One year,No,Electronic check,75.96,5466.44,No
1495-C586,Female,0,No,Yes,14,Yes,No,DSL,Yes,No,No,Yes,No,Yes,Two year,No,Mailed check,37.34,532.23,No
2849-L590,Female,0,Yes,No,69,Yes,No phone service,Fiber optic,No internet service,Yes,No internet service,Yes,No,Yes,Two year,Yes,Bank transfer (automatic),103.15,7112.72,No
8556-F389,Female,0,Yes,Yes,65,Yes,Yes,No,No internet service,Yes,Yes,No internet service,No internet service,No internet service,Month-to-month,No,Mailed check,57.5,3741.59,No
6711-T688,Male,0,No,Yes,65,Yes,Yes,No,No internet service,Yes,No internet service,No internet service,No internet service,No,One year,No,Bank transfer (automatic),91.9,5967.75,No
3087-Q205,Male,1,No,Yes,57,Yes,No,Fiber optic,Yes,No,No internet service,No,No,No internet service,Month-to-month,No,Credit card (automatic),82.92,4738.43,No
7646-W915,Male,0,Yes,No,62,Yes,Yes,Fiber optic,Yes,No internet service,No,No,No,No internet service,Month-to-month,Yes,Electronic check,90.04,5568.77,No
2752-K669,Female,0,No,Yes,20,Yes,No,DSL,No internet service,Yes,No,Yes,No internet service,Yes,Month-to-month,No,Credit card (automatic),52.79,1075.3,No
2162-Z409,Female,0,No,Yes,26,Yes,No phone service,No,No internet service,Yes,No,No,No internet service,Yes,Two year,Yes,Bank transfer (automatic),112.6,2935.64,No
9728-O510,Male,0,Yes,Yes,44,Yes,No,Fiber optic,No internet service,No internet service,Yes,No internet service,No internet service,No,Month-to-month,Yes,Credit card (automatic),74.51,3283.76,No
7773-H735,Female,1,Yes,Yes,67,Yes,No,Fiber optic,No,No,No,No,Yes,No internet service,Two year,Yes,Credit card (automatic),26.04,1748.96,No
4992-R262,Female,0,Yes,No,70,Yes,Yes,No,No,No,Yes,No,Yes,No,One year,Yes,Electronic check,24.96,1740.6,No
8903-M167,Female,0,Yes,No,62,Yes,No phone service,DSL,Yes,No internet service,No,Yes,No internet service,No internet service,Month-to-month,No,Credit card (automatic),92.44,5738.72,No
6582-G933,Male,1,Yes,No,45,Yes,No phone service,DSL,No,Yes,No,No internet service,No,Yes,Month-to-month,Yes,Bank transfer (automatic),103.67,4660.34,No
8063-Z545,Female,0,Yes,No,11,Yes,No,DSL,No internet service,No internet service,No,No internet service,Yes,No,Month-to-month,No,Bank transfer (automatic),88.13,948.77,No
6606-R810,Female,0,No,Yes,72,Yes,No phone service,No,No internet service,No,No,No internet service,No internet service,No internet service,One year,No,Credit card (automatic),46.14,3323.38,No
4869-F778,Male,0,No,Yes,34,Yes,No phone service,Fiber optic,Yes,No,Yes,No internet service,Yes,Yes,One year,No,Electronic check,40.95,1385.24,No
2276-X828,Male,1,Yes,Yes,46,Yes,No,Fiber optic,Yes,Yes,Yes,No,No,Yes,Month-to-month,Yes,Electronic check,75.08,3455.51,No
8972-D706,Female,0,No,Yes,32,Yes,No,Fiber optic,No,Yes,Yes,Yes,No,No internet service,Month-to-month,No,Credit card (automatic),38.03,1217.18,No
8584-K668,Female,1,No,Yes,5,Yes,No phone service,Fiber optic,No internet service,No internet service,No,No,No,Yes,Two year,No,Electronic check,56.35,267.96,No
2599-O280,Male,0,Yes,Yes,63,Yes,No,No,Yes,No,No,No internet service,No internet service,No internet service,Month-to-month,No,Credit card (automatic),81.43,5146.46,No
6046-M171,Male,0,No,No,29,Yes,Yes,DSL,Yes,No,No,Yes,No internet service,No internet service,One year,No,Credit card (automatic),46.88,1353.24,No
2781-V933,Female,1,No,Yes,48,No,No phone service,DSL,No,No internet service,Yes,Yes,Yes,No internet service,One year,Yes,Mailed check,55.98,2698.09,No
7208-K606,Female,0,Yes,Yes,16,No,No,DSL,Yes,Yes,No internet service,No internet service,No internet service,No internet service,Month-to-month,No,Credit card (automatic),54.48,864.92,No
2007-C322,Female,0,No,Yes,25,No,No phone service,DSL,No,No,No internet service,No internet service,No internet service,Yes,Two year,Yes,Electronic check,64.53,1613.75,No
3276-S873,Female,0,No,No,72,Yes,No phone service,Fiber optic,No internet service,No,No internet service,Yes,No internet service,No internet service,One year,Yes,Bank transfer (automatic),86.02,6196.61,No
1003-Y250,Male,0,Yes,Yes,29,Yes,Yes,Fiber optic,No,Yes,Yes,No internet service,Yes,No internet service,Month-to-month,No,Credit card (automatic),96.88,2789.53,No
3444-O644,Female,0,No,Yes,52,Yes,Yes,No,Yes,No,No internet service,No internet service,No internet service,No internet service,Two year,Yes,Mailed check,85.09,4418.83,No
5775-M730,Female,0,No,Yes,46,Yes,No phone service,DSL,No,Yes,Yes,No internet service,No,Yes,Two year,No,Mailed check,20.88,963.43,No
8326-G310,Male,0,No,No,25,Yes,Yes,Fiber optic,No,No internet service,Yes,No internet service,No internet service,No,One year,No,Mailed check,108.38,2710.4,No
6187-J683,Female,0,Yes,Yes,23,Yes,No,Fiber optic,No internet service,Yes,No,Yes,No internet service,No internet service,Month-to-month,Yes,Mailed check,76.66,1763.85,No
5989-N835,Male,0,Yes,Yes,34,Yes,No phone service,Fiber optic,No,Yes,No,Yes,No,No,Two year,No,Electronic check,110.73,3774.25,No
6640-C696,Female,0,No,No,67,Yes,Yes,DSL,Yes,No internet service,Yes,No,Yes,No,Month-to-month,No,Bank transfer (automatic),115.12,7705.26,No
1133-T622,Female,0,No,Yes,34,Yes,No phone service,Fiber optic,Yes,No,No internet service,No,No internet service,No internet service,Month-to-month,No,Credit card (automatic),65.27,2220.15,No
7622-E972,Male,1,Yes,No,32,Yes,No phone service,DSL,No internet service,No,Yes,Yes,No internet service,No,Month-to-month,Yes,Credit card (automatic),110.34,3517.58,No
5819-B478,Male,0,Yes,Yes,29,Yes,No,DSL,No internet service,Yes,Yes,No,No internet service,No,Month-to-month,No,Bank transfer (automatic),54.97,1589.34,No
9992-B100,Female,0,No,No,9,No,No,No,No internet service,Yes,No internet service,No internet service,No internet service,No internet service,Two year,No,Credit card (automatic),44.42,,No
6885-D981,Female,1,Yes,Yes,66,No,No,No,Yes,No internet service,No,No internet service,No,Yes,One year,Yes,Credit card (automatic),25.65,1693.28,No
5623-A340,Female,0,No,Yes,57,Yes,Yes,DSL,No,No internet service,Yes,Yes,No internet service,No,One year,Yes,Mailed check,63.66,3624.14,No
8073-W704,Male,1,No,No,39,Yes,Yes,DSL,Yes,No,No,No,Yes,No internet service,Month-to-month,No,Mailed check,87.46,3403.03,No
7459-U425,Female,0,Yes,Yes,7,Yes,Yes,DSL,Yes,No,No,No internet service,No,No internet service,Two year,No,Electronic check,116.42,801.35,No
7271-M490,Male,0,Yes,Yes,69,Yes,No,Fiber optic,No internet service,No internet service,No,No,No,No,Month-to-month,No,Bank transfer (automatic),70.64,4883.9,No
8130-R316,Male,0,No,No,8,Yes,No phone service,Fiber optic,No internet service,Yes,Yes,Yes,Yes,No,Month-to-month,No,Electronic check,92.06,757.85,No
3841-P242,Female,0,No,Yes,18,Yes,No,Fiber optic,No,No internet service,No internet service,Yes,No internet service,No,One year,No,Credit card (automatic),108.31,1945.48,No
4083-R493,Male,0,Yes,No,49,Yes,Yes,No,No,No,No internet service,No,No internet service,No internet service,Month-to-month,No,Mailed check,72.84,3551.14,No
6902-N257,Female,0,No,Yes,16,Yes,Yes,DSL,No,Yes,No,Yes,No internet service,No internet service,Month-to-month,Yes,Mailed check,35.01,575.67,No
5726-V228,Female,0,Yes,No,21,No,Yes,Fiber optic,No,No internet service,No,No internet service,Yes,Yes,Two year,Yes,Mailed check,103.49,2164.4,No
3200-A173,Female,0,Yes,Yes,10,Yes,No,Fiber optic,Yes,No,No internet service,No internet service,No,Yes,One year,No,Bank transfer (automatic),75.95,763.38,No
1257-E838,Female,0,Yes,Yes,4,Yes,Yes,No,No,Yes,No,No,No internet service,No internet service,Two year,Yes,Credit card (automatic),94.48,383.23,No
8974-V547,Female,0,Yes,No,44,Yes,No,No,Yes,Yes,No internet service,No,Yes,Yes,One year,Yes,Bank transfer (automatic),84.43,3726.21,No
3224-C240,Male,0,Yes,Yes,8,Yes,No phone service,DSL,Yes,Yes,No internet service,Yes,Yes,No,Month-to-month,Yes,Mailed check,24.38,192.77,No
7813-O907,Male,0,No,No,55,Yes,No,DSL,No,Yes,Yes,Yes,No internet service,Yes,Month-to-month,No,Bank transfer (automatic),35.25,1943.41,No
7974-T284,Female,1,Yes,No,19,Yes,Yes,Fiber optic,No,Yes,No,No,Yes,Yes,Two year,Yes,Mailed check,47.02,890.14,No
8444-Q534,Female,0,Yes,No,64,Yes,No phone service,Fiber optic,Yes,No internet service,No,Yes,No internet service,No internet service,Month-to-month,Yes,Bank transfer (automatic),46.86,2979.13,No
8373-M463,Male,1,Yes,Yes,40,Yes,Yes,Fiber optic,No internet service,Yes,Yes,No,No internet service,No internet service,One year,Yes,Bank transfer (automatic),102.59,4099.46,No
4698-F534,Male,0,Yes,Yes,51,Yes,No phone service,Fiber optic,No,No internet service,No internet service,No,No internet service,No,Month-to-month,No,Mailed check,78.37,4000.61,No
1121-S610,Male,0,Yes,Yes,9,Yes,Yes,Fiber optic,No internet service,Yes,No,No internet service,No,Yes,One year,Yes,Credit card (automatic),26.63,229.69,No
4878-W613,Male,0,Yes,No,30,Yes,No,No,Yes,No,Yes,Yes,Yes,No internet service,Month-to-month,No,Credit card (automatic),57.16,1715.72,No
5411-N659,Female,0,Yes,No,56,Yes,Yes,DSL,No internet service,Yes,No internet service,No,No,No internet service,Month-to-month,No,Bank transfer (automatic),74.16,4155.67,No
7012-B138,Female,0,No,No,44,Yes,No,No,Yes,No internet service,Yes,No internet service,No internet service,No internet service,One year,Yes,Mailed check,43.53,1928.73,No
8917-W477,Male,0,No,Yes,59,Yes,No,DSL,No internet service,No,Yes,No,Yes,No,Month-to-month,Yes,Electronic check,22.25,1303.49,No
2854-S593,Female,0,No,No,15,Yes,No phone service,DSL,No internet service,No,Yes,Yes,No internet service,No,One year,No,Bank transfer (automatic),56.47,849.5,No
2311-E847,Male,0,No,Yes,68,No,No,DSL,No internet service,No internet service,Yes,No internet service,Yes,Yes,One year,Yes,Electronic check,64.6,4381.88,No
9624-Y897,Female,0,Yes,Yes,70,Yes,No,No,Yes,No,No internet service,Yes,No internet service,No,One year,No,Mailed check,109.18,7620.76,No
5578-O629,Male,0,No,Yes,61,Yes,No,Fiber optic,Yes,No internet service,Yes,No internet service,Yes,Yes,Month-to-month,No,Credit card (automatic),109.54,6677.18,No
2281-Q724,Female,0,Yes,Yes,23,Yes,No phone service,DSL,Yes,Yes,No internet service,Yes,No internet service,Yes,One year,No,Credit card (automatic),68.54,1570.95,No
2449-H583,Male,1,No,Yes,47,Yes,Yes,DSL,No,Yes,Yes,No,No internet service,Yes,Two year,No,Mailed check,65.64,3088.51,No
2279-V748,Male,0,No,Yes,17,Yes,Yes,No,Yes,No internet service,Yes,No,No,No internet service,One year,Yes,Bank transfer (automatic),82.62,1416.15,No
9834-Z693,Female,0,Yes,Yes,57,Yes,No,No,No,Yes,No,No,No,No internet service,One year,No,Credit card (automatic),44.19,2519.9,No
6119-T154,Male,0,Yes,Yes,54,Yes,No,Fiber optic,Yes,No,No,Yes,Yes,No internet service,Two year,No,Bank transfer (automatic),46.96,2529.35,No
6628-R897,Female,0,No,No,52,Yes,Yes,Fiber optic,No,Yes,No,No internet service,Yes,No,Two year,No,Credit card (automatic),18.51,954.3,No
1176-P564,Female,0,No,Yes,22,Yes,No,DSL,No internet service,Yes,No,Yes,No,No internet service,Month-to-month,No,Credit card (automatic),26.11,586.07,No
9399-P687,Male,0,No,Yes,39,Yes,Yes,No,No internet service,No,Yes,No,No internet service,Yes,Two year,No,Bank transfer (automatic),36.19,1418.28,No
6431-N461,Female,0,No,No,13,Yes,No phone service,Fiber optic,Yes,No,Yes,Yes,No internet service,No,Month-to-month,No,Mailed check,82.63,1065.36,No
5827-J271,Female,0,Yes,No,66,Yes,No,Fiber optic,No,Yes,No internet service,No internet service,Yes,No,Two year,Yes,Bank transfer (automatic),39.62,2601.26,No
1578-W711,Female,1,No,No,52,Yes,No,Fiber optic,No internet service,Yes,Yes,No,Yes,No internet service,Month-to-month,Yes,Electronic check,30.72,1588.59,Yes
5981-X903,Female,1,No,No,14,No,Yes,No,No internet service,Yes,No internet service,Yes,No internet service,No internet service,Month-to-month,No,Credit card (automatic),80.19,1132.55,No
5267-B744,Female,0,No,Yes,63,Yes,Yes,No,No,No internet service,Yes,No,No,No internet service,Two year,Yes,Credit card (automatic),83.75,5266.81,No
8752-S273,Male,0,No,No,71,Yes,No phone service,No,Yes,No internet service,Yes,Yes,Yes,No internet service,Month-to-month,No,Bank transfer (automatic),24.25,1726.35,No
1845-V398,Female,0,No,No,28,Yes,No,No,No internet service,Yes,No internet service,Yes,No internet service,No,Month-to-month,Yes,Mailed check,95.93,2702.97,No
1447-J596,Female,0,Yes,No,46,Yes,Yes,No,Yes,Yes,No,No,Yes,No,One year,No,Credit card (automatic),79.17,3633.86,No
2351-E617,Female,0,Yes,No,28,Yes,No phone service,DSL,Yes,No,Yes,No internet service,No,Yes,One year,No,Electronic check,58.16,1624.71,No
2259-Z384,Female,0,Yes,Yes,2,Yes,Yes,DSL,No,Yes,No,No,Yes,No,Month-to-month,No,Electronic check,117.06,233.81,No
5129-E730,Female,1,Yes,No,17,No,Yes,No,No,Yes,No internet service,No internet service,No internet service,No,Month-to-month,Yes,Bank transfer (automatic),19.28,311.71,No
5603-I978,Male,0,Yes,No,59,Yes,No phone service,DSL,No internet service,No internet service,Yes,No,No,No internet service,Month-to-month,Yes,Credit card (automatic),73.01,4300.49,No
5209-A859,Female,0,No,No,52,Yes,No phone service,No,No,No internet service,No internet service,No,No internet service,Yes,Month-to-month,Yes,Mailed check,34.3,1785.38,No
2827-T278,Male,0,Yes,No,4,Yes,No phone service,DSL,No internet service,No internet service,Yes,No,No,No,Month-to-month,Yes,Mailed check,51.35,195.68,No
3476-V557,Male,0,Yes,Yes,3,Yes,No phone service,DSL,No internet service,No,No internet service,Yes,No internet service,No internet service,Month-to-month,No,Bank transfer (automatic),31.64,116.29,No
7058-Z279,Male,0,No,No,37,No,No phone service,Fiber optic,No internet service,Yes,No internet service,Yes,Yes,No internet service,Month-to-month,No,Credit card (automatic),85.41,3155.25,No
5280-Z817,Male,1,Yes,No,24,Yes,No phone service,No,Yes,No internet service,No,No internet service,No,Yes,One year,Yes,Mailed check,58.61,1404.86,No
4869-P285,Female,0,Yes,No,72,Yes,No,DSL,Yes,No,No,No,No,No,Two year,No,Bank transfer (automatic),117.37,8444.9,No
9640-B451,Male,0,Yes,Yes,35,Yes,No phone service,DSL,No,Yes,No,Yes,No,No,One year,Yes,Credit card (automatic),83.96,2936.17,No
2382-E709,Male,0,Yes,No,2,Yes,No,Fiber optic,No,Yes,Yes,Yes,Yes,No,Month-to-month,No,Mailed check,110.44,213.66,No
3525-P870,Female,0,No,No,33,Yes,Yes,DSL,No internet service,No,No internet service,No,No,No,One year,No,Electronic check,42.45,1380.1,No
7765-Y492,Female,0,No,Yes,10,Yes,Yes,Fiber optic,No internet service,Yes,No,No,Yes,Yes,Two year,Yes,Credit card (automatic),50.29,499.3,No
4898-V550,Female,0,Yes,No,62,Yes,No phone service,DSL,Yes,No,Yes,No,Yes,No internet service,Month-to-month,Yes,Bank transfer (automatic),54.7,3409.47,No
3740-G691,Male,0,No,Yes,43,Yes,Yes,Fiber optic,Yes,No,No,No internet service,No,No internet service,Month-to-month,No,Mailed check,102.52,4424.65,No
6653-B757,Female,1,Yes,Yes,69,Yes,No phone service,Fiber optic,No internet service,No internet service,Yes,No,No internet service,Yes,Two year,Yes,Mailed check,39.52,2716.33,No
5331-Y939,Female,0,No,No,59,No,No phone service,No,No internet service,No,No internet service,Yes,No,No,One year,No,Bank transfer (automatic),113.4,6674.64,No
2900-B271,Male,0,No,No,9,Yes,No,No,No,No internet service,No internet service,Yes,No internet service,No internet service,Two year,No,Credit card (automatic),22.63,,No
8602-M587,Female,0,No,Yes,60,Yes,Yes,DSL,No internet service,Yes,No internet service,No,No internet service,No,One year,No,Credit card (automatic),107.68,6451.07,No
5937-P864,Female,0,No,Yes,63,Yes,No phone service,No,No internet service,No internet service,Yes,No internet service,No,No internet service,Month-to-month,No,Electronic check,63.62,4002.5,No
9724-H488,Female,0,No,No,52,Yes,Yes,No,No internet service,No,No internet service,No internet service,No,No,Month-to-month,No,Mailed check,71.1,3701.22,No
7390-P368,Female,0,No,Yes,23,Yes,No,No,Yes,No internet service,Yes,Yes,No internet service,Yes,One year,No,Bank transfer (automatic),118.49,2721.12,No
3378-Q991,Male,0,No,Yes,30,Yes,Yes,DSL,Yes,Yes,Yes,No internet service,No,No,Month-to-month,No,Electronic check,105.69,3179.48,No
8122-A395,Female,0,No,No,43,No,No,DSL,No,No internet service,Yes,No,No,No,Month-to-month,No,Mailed check,109.1,4697.23,No
8353-M794,Female,0,No,Yes,68,Yes,No,No,No,Yes,No internet service,No internet service,Yes,Yes,Month-to-month,Yes,Mailed check,77.1,5246.26,No
6172-Q799,Male,1,No,Yes,21,Yes,No,No,No,No,No internet service,No internet service,No internet service,Yes,Two year,No,Mailed check,114.36,2400.35,No
1672-D644,Female,0,No,Yes,43,Yes,No phone service,DSL,No internet service,No internet service,No internet service,Yes,Yes,No,Two year,No,Bank transfer (automatic),87.37,3766.79,No
6797-N725,Male,0,Yes,Yes,7,No,No phone service,No,No internet service,Yes,Yes,Yes,No,No,Month-to-month,No,Bank transfer (automatic),100.59,710.47,No
5466-K376,Female,0,No,Yes,16,Yes,Yes,Fiber optic,Yes,Yes,No internet service,Yes,No,No,One year,Yes,Bank transfer (automatic),90.7,1436.6,No
5375-Z200,Male,1,Yes,Yes,23,Yes,No phone service,DSL,No internet service,No internet service,Yes,No internet service,Yes,No internet service,Month-to-month,No,Electronic check,96.73,2230.07,No
5183-U698,Male,0,No,No,58,Yes,No phone service,DSL,No internet service,No internet service,No internet service,Yes,Yes,No,Month-to-month,Yes,Mailed check,82.37,4771.71,No
7408-O891,Male,0,Yes,Yes,31,Yes,Yes,Fiber optic,Yes,No internet service,Yes,Yes,No,No internet service,Month-to-month,Yes,Mailed check,91.25,2837.94,No
4961-X788,Male,0,Yes,No,69,Yes,No,No,No,No internet service,No,No internet service,No internet service,No internet service,One year,Yes,Electronic check,62.06,4288.71,No
4193-Q445,Female,0,Yes,No,6,Yes,No,Fiber optic,No internet service,No internet service,No internet service,No internet service,Yes,No internet service,Month-to-month,No,Electronic check,89.29,552.93,No
3947-K660,Male,0,No,No,65,Yes,Yes,No,Yes,Yes,No internet service,No internet service,No internet service,Yes,Month-to-month,No,Bank transfer (automatic),46.07,2974.57,No
1173-V108,Female,0,No,No,59,Yes,No phone service,No,Yes,No,Yes,No,No,Yes,Month-to-month,No,Mailed check,82.06,4844.61,No
2113-A521,Male,0,No,No,28,Yes,Yes,DSL,No,Yes,Yes,No,No internet service,No internet service,Month-to-month,No,Credit card (automatic),70.89,1978.42,No
2600-Q206,Male,0,No,No,18,Yes,Yes,DSL,Yes,No internet service,Yes,No internet service,No internet service,No internet service,Two year,Yes,Credit card (automatic),108.55,1975.2,No
8306-L324,Male,0,Yes,No,10,Yes,No phone service,No,No,No internet service,No,Yes,No,No internet service,Month-to-month,No,Electronic check,85.91,828.75,No
5641-I297,Female,0,No,No,7,Yes,Yes,Fiber optic,No,No,No internet service,No internet service,No,Yes,Month-to-month,Yes,Electronic check,78.21,551.84,No
1557-A734,Male,0,No,Yes,37,Yes,No phone service,DSL,No,No internet service,Yes,No,No,Yes,Month-to-month,Yes,Electronic check,49.71,1844.84,No
2506-B708,Female,0,No,No,45,Yes,No phone service,No,No,No,No,Yes,No internet service,Yes,Month-to-month,No,Credit card (automatic),104.96,4701.82,No
4552-T753,Female,1,No,No,16,No,Yes,DSL,No,No internet service,No,No,Yes,No internet service,One year,No,Credit card (automatic),23.69,384.23,No
2995-W222,Female,1,No,No,14,Yes,No,DSL,Yes,Yes,Yes,No,No,No internet service,Month-to-month,Yes,Bank transfer (automatic),108.67,1501.21,No
2415-T233,Female,1,No,Yes,11,Yes,No phone service,DSL,No internet service,No,No internet service,No,No,No,Month-to-month,Yes,Bank transfer (automatic),83.87,915.33,No
7159-V882,Female,0,No,No,34,Yes,No,Fiber optic,No,Yes,Yes,No,Yes,No,Month-to-month,No,Mailed check,37.29,1271.95,No
4027-D812,Female,0,No,Yes,60,Yes,No phone service,Fiber optic,No,No internet service,Yes,Yes,No,Yes,Month-to-month,No,Bank transfer (automatic),109.0,6530.23,No
4018-I401,Female,0,Yes,No,13,Yes,No,No,No internet service,Yes,Yes,No internet service,No,Yes,Month-to-month,No,Mailed check,51.05,664.42,No
8650-V177,Female,0,Yes,No,39,Yes,Yes,Fiber optic,No internet service,Yes,No,Yes,Yes,No,Two year,Yes,Bank transfer (automatic),35.16,1371.17,No
8429-I887,Female,0,No,Yes,44,Yes,No phone service,No,No,Yes,No,No internet service,No internet service,Yes,Month-to-month,Yes,Bank transfer (automatic),50.32,2219.43,No
7995-W783,Male,0,No,No,28,Yes,Yes,No,No internet service,No,No internet service,No internet service,No internet service,No internet service,One year,Yes,Bank transfer (automatic),114.84,3204.84,No
6298-I265,Male,0,No,Yes,40,Yes,Yes,DSL,No,No,No,Yes,No internet service,No,One year,Yes,Credit card (automatic),93.9,3765.25,No
2212-I895,Male,0,No,Yes,16,Yes,Yes,DSL,Yes,No,Yes,No internet service,No,No internet service,Month-to-month,No,Credit card (automatic),110.39,1737.34,No
2022-M497,Male,0,Yes,No,50,No,No phone service,Fiber optic,No internet service,Yes,No,Yes,Yes,No,One year,No,Electronic check,48.29,2429.69,No
6450-B364,Male,1,Yes,No,28,Yes,Yes,No,No internet service,Yes,No internet service,Yes,No internet service,No,One year,No,Bank transfer (automatic),26.54,740.55,No
5336-F551,Female,0,No,Yes,68,Yes,Yes,No,Yes,No internet service,Yes,No internet service,Yes,Yes,One year,No,Credit card (automatic),74.81,5085.53,No
2137-P305,Female,0,Yes,Yes,60,No,No phone service,DSL,No internet service,No,Yes,No internet service,No internet service,No internet service,Two year,No,Mailed check,66.79,4010.48,No
7432-F760,Female,1,Yes,No,12,Yes,Yes,DSL,Yes,No internet service,No,No,No internet service,No internet service,Month-to-month,No,Bank transfer (automatic),90.67,1089.95,No
9061-D247,Female,0,No,No,16,Yes,No phone service,DSL,No,Yes,No,No internet service,No,No internet service,Month-to-month,Yes,Credit card (automatic),72.79,1164.61,No
9857-Y541,Female,0,No,No,53,Yes,Yes,Fiber optic,No internet service,No,No internet service,No internet service,No internet service,No internet service,Month-to-month,No,Electronic check,58.09,3091.24,No
4578-T758,Female,0,No,Yes,54,Yes,No,No,No internet service,No internet service,Yes,No internet service,No internet service,Yes,Month-to-month,Yes,Electronic check,18.72,995.61,No
2740-O832,Female,0,Yes,No,49,Yes,Yes,No,Yes,Yes,No internet service,Yes,Yes,No internet service,Month-to-month,No,Mailed check,65.26,3188.19,No
5243-D135,Male,1,Yes,Yes,36,Yes,No,No,No,Yes,No,No,No,Yes,Two year,No,Mailed check,30.37,1097.66,No
2194-C685,Male,0,No,No,62,Yes,No phone service,DSL,No,Yes,Yes,No,No,No,Month-to-month,No,Credit card (automatic),110.91,6872.75,No
5105-Y556,Male,0,No,Yes,26,Yes,No,Fiber optic,Yes,No,No,Yes,No internet service,No internet service,Month-to-month,Yes,Electronic check,110.88,2895.79,No
1307-P252,Male,0,Yes,Yes,56,Yes,No phone service,Fiber optic,No internet service,No,Yes,No internet service,No,Yes,Month-to-month,Yes,Credit card (automatic),99.02,5567.51,No
1014-B780,Female,0,Yes,No,22,Yes,Yes,DSL,No internet service,No internet service,No internet service,No internet service,Yes,No,Month-to-month,Yes,Bank transfer (automatic),34.12,750.69,No
7397-I255,Female,1,No,Yes,69,Yes,No,Fiber optic,Yes,Yes,Yes,Yes,No,No internet service,Month-to-month,No,Mailed check,33.07,2264.62,No
6403-M688,Female,0,Yes,Yes,49,Yes,Yes,Fiber optic,Yes,No,No,No,No internet service,No internet service,Two year,Yes,Mailed check,74.86,3659.33,No
1060-Q824,Male,0,No,Yes,2,Yes,No,No,Yes,No,Yes,Yes,No,Yes,Two year,No,Bank transfer (automatic),91.36,162.29,No
9039-P546,Female,0,No,Yes,53,Yes,No phone service,DSL,No internet service,Yes,No internet service,Yes,No,No,Month-to-month,No,Bank transfer (automatic),109.16,5791.67,No
7617-X899,Female,0,Yes,Yes,7,Yes,No phone service,DSL,Yes,Yes,No,No internet service,No internet service,No,Month-to-month,No,Bank transfer (automatic),108.1,747.23,No
2148-R331,Female,1,Yes,No,20,Yes,No phone service,DSL,No,No internet service,No internet service,Yes,No,No,One year,Yes,Electronic check,33.86,675.61,No
1054-M805,Male,0,Yes,No,30,Yes,No phone service,DSL,Yes,No internet service,Yes,Yes,No,No,Two year,Yes,Electronic check,118.3,3546.11,No
8898-D680,Female,0,No,Yes,67,Yes,Yes,No,No,No internet service,Yes,Yes,No internet service,No internet service,Two year,Yes,Bank transfer (automatic),34.01,2289.97,No
9770-L441,Male,0,No,No,59,Yes,Yes,Fiber optic,No,No,Yes,No internet service,No internet service,No,One year,No,Mailed check,102.68,6058.68,No
5961-M156,Male,0,No,Yes,66,Yes,Yes,Fiber optic,Yes,No,Yes,No internet service,Yes,Yes,Month-to-month,Yes,Mailed check,77.24,5095.13,No
2485-L647,Male,0,No,Yes,3,Yes,Yes,No,No,No,No,No,No internet service,Yes,One year,No,Electronic check,86.42,250.06,No
6571-C961,Male,1,No,No,56,Yes,Yes,Fiber optic,No internet service,No,Yes,No,No internet service,No internet service,Month-to-month,No,Electronic check,78.95,4427.24,No
8530-Y884,Female,0,No,Yes,17,Yes,No phone service,DSL,Yes,No,No,No,No,Yes,One year,Yes,Mailed check,105.65,1785.04,No
5750-U307,Male,1,Yes,Yes,52,Yes,Yes,No,No internet service,Yes,No,No internet service,No internet service,No internet service,One year,No,Credit card (automatic),82.28,4266.02,No
3893-R140,Male,0,No,Yes,7,No,Yes,No,No internet service,No internet service,No,No,No,No,One year,No,Electronic check,103.54,718.84,No
7294-V295,Female,0,No,No,5,No,Yes,DSL,No,No internet service,Yes,Yes,No internet service,No internet service,One year,No,Electronic check,33.76,189.64,No
5896-W499,Female,0,No,No,54,Yes,No phone service,DSL,No internet service,No internet service,Yes,No,Yes,No,One year,Yes,Mailed check,105.35,5687.91,No
2749-U805,Male,0,No,Yes,61,Yes,No phone service,DSL,No internet service,No internet service,No internet service,Yes,Yes,Yes,One year,No,Bank transfer (automatic),118.04,7199.93,No
6886-P186,Female,1,Yes,Yes,16,Yes,No phone service,Fiber optic,Yes,Yes,Yes,No,No,No internet service,Month-to-month,No,Mailed check,84.73,1358.86,No
8175-X294,Male,0,No,Yes,67,Yes,No phone service,DSL,Yes,No,Yes,No internet service,No,No,Two year,Yes,Electronic check,116.37,7799.12,No
3292-B297,Male,0,Yes,Yes,59,Yes,Yes,No,No internet service,No,Yes,Yes,No,No internet service,One year,Yes,Bank transfer (automatic),40.35,2378.47,No
1415-X707,Male,0,Yes,Yes,47,Yes,Yes,Fiber optic,No,No,No,Yes,Yes,No,One year,No,Credit card (automatic),101.59,4765.05,No
4907-P498,Male,0,No,No,48,Yes,No,Fiber optic,No,No internet service,No internet service,No internet service,Yes,No internet service,Month-to-month,Yes,Bank transfer (automatic),35.24,1687.13,No
2032-Z653,Female,0,No,No,64,Yes,Yes,No,Yes,No internet service,Yes,Yes,No internet service,No internet service,Two year,Yes,Credit card (automatic),70.1,4484.33,No
6041-P646,Male,0,Yes,No,50,Yes,No phone service,Fiber optic,Yes,Yes,No internet service,No,No internet service,No internet service,Month-to-month,No,Mailed check,84.99,4235.35,No
8361-A137,Female,0,Yes,No,41,No,No phone service,DSL,Yes,Yes,No,No internet service,No,No internet service,One year,No,Bank transfer (automatic),84.61,3466.85,No
6558-B445,Female,0,No,Yes,72,Yes,Yes,DSL,No,No,No internet service,Yes,Yes,No,Two year,No,Bank transfer (automatic),85.67,6170.19,No
1701-M221,Female,0,Yes,Yes,22,Yes,No,DSL,Yes,No,No internet service,No internet service,No internet service,No,Two year,Yes,Mailed check,50.5,1105.64,No
4468-Z769,Female,0,No,No,54,Yes,No phone service,DSL,No internet service,No,No internet service,Yes,Yes,No internet service,One year,Yes,Credit card (automatic),116.11,6282.33,No
9570-O794,Male,0,No,No,5,Yes,No,Fiber optic,No,No,No internet service,Yes,Yes,No internet service,Month-to-month,No,Credit card (automatic),18.91,97.3,No
9791-E858,Female,0,Yes,Yes,17,Yes,No phone service,No,No internet service,No,No internet service,No internet service,No,Yes,Two year,No,Credit card (automatic),80.66,1363.6,No
4817-C137,Male,1,No,No,41,Yes,No phone service,Fiber optic,Yes,No,No,Yes,Yes,No,Two year,Yes,Bank transfer (automatic),105.29,4312.75,No
3319-P769,Female,0,No,Yes,35,Yes,Yes,No,No,No internet service,Yes,No,No,No,Month-to-month,No,Bank transfer (automatic),107.81,3785.63,No
1312-P733,Female,0,No,Yes,40,Yes,No phone service,No,Yes,Yes,No internet service,No,No internet service,No,Month-to-month,No,Credit card (automatic),90.63,3619.04,No
1750-H818,Male,0,Yes,Yes,22,Yes,No,DSL,No,Yes,No,Yes,Yes,No,Month-to-month,Yes,Credit card (automatic),76.02,1664.42,No
3138-A276,Male,0,Yes,No,48,Yes,No,Fiber optic,Yes,No internet service,No,Yes,No,Yes,Month-to-month,Yes,Mailed check,64.21,3073.62,No
1818-J940,Male,0,Yes,No,53,Yes,Yes,DSL,No,No,Yes,No,Yes,No internet service,Month-to-month,No,Credit card (automatic),63.43,3362.53,No
2594-O725,Female,0,No,No,10,Yes,No phone service,Fiber optic,No,No,No,Yes,Yes,No internet service,Month-to-month,No,Mailed check,60.97,611.9,No
3796-S165,Female,0,Yes,No,18,Yes,No,Fiber optic,No,No,Yes,Yes,No internet service,No internet service,Two year,No,Credit card (automatic),88.59,1601.41,No
2742-D609,Male,0,Yes,No,49,Yes,Yes,DSL,No internet service,Yes,No internet service,No internet service,No,Yes,Month-to-month,Yes,Credit card (automatic),91.74,4487.99,No
4613-C923,Male,0,Yes,Yes,71,Yes,No,Fiber optic,Yes,Yes,No,No internet service,Yes,Yes,Two year,No,Credit card (automatic),69.98,4983.76,No
4320-N445,Male,1,No,No,30,Yes,Yes,DSL,Yes,No,No,No,Yes,No internet service,Two year,No,Electronic check,92.7,2786.11,No
7586-K223,Male,1,No,Yes,19,Yes,No,No,No,No,No,No,No internet service,Yes,Two year,Yes,Electronic check,71.36,1351.68,No
9943-E429,Female,0,Yes,Yes,55,Yes,No phone service,DSL,No internet service,No internet service,No internet service,No internet service,Yes,Yes,Month-to-month,Yes,Mailed check,28.03,1549.92,No
4493-Y146,Male,0,Yes,Yes,60,Yes,No,Fiber optic,No,No,Yes,No internet service,No,Yes,Month-to-month,Yes,Credit card (automatic),103.84,6249.44,No
3841-K164,Male,1,Yes,No,72,Yes,No,Fiber optic,Yes,No internet service,Yes,No,No,Yes,Month-to-month,Yes,Electronic check,105.73,7617.42,No
2978-I244,Male,0,No,No,21,Yes,Yes,No,Yes,No,No,No,No,No internet service,Two year,Yes,Credit card (automatic),45.03,963.22,No
7801-F813,Male,1,Yes,No,26,Yes,Yes,No,No,No,No,No,Yes,Yes,Month-to-month,No,Mailed check,97.29,2519.45,No
7060-R268,Female,0,No,No,28,Yes,Yes,No,No,No,No internet service,No internet service,Yes,No internet service,Month-to-month,Yes,Credit card (automatic),69.62,1930.08,No
8187-H695,Male,1,No,No,39,Yes,No,DSL,No,No internet service,No internet service,No internet service,No,No,Month-to-month,No,Credit card (automatic),30.71,1203.02,No
1666-E202,Female,0,No,No,33,Yes,Yes,DSL,Yes,No internet service,Yes,Yes,Yes,Yes,Month-to-month,Yes,Electronic check,58.25,1933.61,No
7162-Y261,Male,1,Yes,No,40,Yes,No phone service,Fiber optic,No,No internet service,No,No,No internet service,No,Two year,No,Credit card (automatic),25.94,1024.33,No
1256-P182,Male,0,Yes,No,29,Yes,Yes,No,No,Yes,No,Yes,No,No,One year,Yes,Electronic check,97.29,2833.84,No
1104-A283,Female,0,No,Yes,20,Yes,Yes,No,Yes,Yes,No,No,No internet service,Yes,One year,Yes,Bank transfer (automatic),37.97,755.03,No
2460-W767,Male,1,No,No,20,Yes,No phone service,DSL,No,No,No,No internet service,No internet service,No internet service,Month-to-month,Yes,Electronic check,34.77,701.5,No
5648-N810,Female,0,No,Yes,12,Yes,Yes,Fiber optic,No internet service,No internet service,No internet service,No,Yes,No internet service,Two year,No,Bank transfer (automatic),39.21,473.16,No
8798-W229,Female,0,No,Yes,25,Yes,Yes,No,Yes,No internet service,No internet service,No,Yes,No internet service,Month-to-month,No,Electronic check,40.98,1029.15,No
4377-E755,Male,0,Yes,Yes,25,Yes,No,DSL,No,No,Yes,No internet service,No,Yes,Two year,Yes,Bank transfer (automatic),85.98,2155.17,No
5439-Q561,Female,0,Yes,Yes,4,No,No,DSL,No,No,No,No internet service,Yes,Yes,Month-to-month,No,Electronic check,82.43,328.86,No
7750-H278,Female,1,No,No,4,Yes,Yes,No,Yes,No,No internet service,No,No internet service,No internet service,One year,No,Credit card (automatic),31.25,120.68,No
1616-T284,Female,0,No,No,9,Yes,No phone service,No,Yes,No,No,No,Yes,No internet service,Month-to-month,No,Electronic check,91.05,822.89,No
9190-T190,Female,0,No,Yes,15,Yes,Yes,Fiber optic,No internet service,No internet service,Yes,No,No,No,Month-to-month,Yes,Bank transfer (automatic),53.33,797.19,No
5934-L528,Female,0,Yes,Yes,26,Yes,Yes,No,No,Yes,No,No,Yes,No,Month-to-month,Yes,Bank transfer (automatic),64.23,1663.05,No
1074-R341,Female,0,No,Yes,71,No,Yes,DSL,No,No internet service,No internet service,No,No internet service,Yes,Month-to-month,Yes,Mailed check,30.8,2189.98,No
4144-D642,Female,0,Yes,No,32,Yes,No,No,No,Yes,No internet service,No internet service,No internet service,No internet service,Month-to-month,No,Credit card (automatic),89.47,2857.07,No
2567-T470,Female,0,No,Yes,52,Yes,No phone service,No,Yes,No,Yes,No,No,No internet service,One year,No,Credit card (automatic),56.06,2913.17,No
9842-Q324,Male,0,Yes,Yes,32,Yes,No phone service,Fiber optic,Yes,Yes,Yes,No internet service,No,Yes,Month-to-month,No,Mailed check,81.78,2611.65,No
8605-Y741,Male,1,Yes,No,9,Yes,No phone service,DSL,Yes,No internet service,No,Yes,Yes,No internet service,Month-to-month,Yes,Bank transfer (automatic),61.19,566.31,No
4409-I154,Female,0,No,Yes,13,Yes,No,No,No,No internet service,No,Yes,Yes,Yes,Month-to-month,Yes,Electronic check,23.16,302.14,No
4173-D915,Male,0,Yes,No,56,No,No,DSL,No,No internet service,No internet service,No,No,No,Month-to-month,No,Mailed check,88.95,4965.36,No
3444-V964,Female,1,Yes,No,44,Yes,Yes,Fiber optic,Yes,No internet service,No internet service,Yes,No internet service,No internet service,Month-to-month,Yes,Mailed check,73.78,3258.78,No
8772-P280,Female,0,Yes,Yes,30,Yes,No,DSL,No internet service,No internet service,No internet service,No internet service,Yes,No internet service,Month-to-month,No,Mailed check,61.89,1838.57,No
3617-V144,Male,1,Yes,Yes,16,Yes,Yes,No,No,No internet service,Yes,Yes,No,Yes,Month-to-month,Yes,Mailed check,38.51,637.55,No
1885-U472,Female,0,No,Yes,12,No,No,No,No internet service,No,Yes,Yes,No,Yes,Month-to-month,No,Mailed check,81.0,972.4,No
5670-G545,Female,1,No,No,66,Yes,Yes,Fiber optic,Yes,Yes,Yes,No internet service,No internet service,Yes,One year,Yes,Bank transfer (automatic),45.91,3023.82,No
5118-K731,Female,0,No,No,18,Yes,No,Fiber optic,No,No,No,No,No,Yes,Month-to-month,No,Mailed check,61.38,1101.2,No
8424-B206,Female,1,No,No,13,Yes,No phone service,Fiber optic,No internet service,Yes,Yes,No internet service,Yes,No,Two year,Yes,Bank transfer (automatic),23.93,295.17,No
1859-R280,Male,0,No,Yes,24,Yes,Yes,DSL,No,Yes,No,No internet service,Yes,Yes,Two year,No,Bank transfer (automatic),96.31,2310.4,No
3589-Z129,Female,0,Yes,Yes,12,Yes,No,DSL,No internet service,Yes,No,No,No,No internet service,One year,Yes,Electronic check,27.3,323.14,No
8947-Q218,Female,0,Yes,Yes,60,Yes,No,DSL,No,No internet service,No,No internet service,No,No internet service,Month-to-month,No,Mailed check,107.78,6466.17,No
2160-H838,Female,0,Yes,Yes,60,Yes,Yes,DSL,No internet service,No internet service,Yes,No,No internet service,No internet service,One year,No,Mailed check,105.44,6335.4,No
8287-S693,Male,0,Yes,Yes,1,Yes,No,Fiber optic,No internet service,No internet service,No internet service,No internet service,No internet service,No internet service,One year,No,Electronic check,115.84,118.87,Yes
6340-N303,Female,0,No,Yes,43,Yes,No phone service,DSL,Yes,Yes,Yes,Yes,No,No,Month-to-month,Yes,Credit card (automatic),109.55,4699.09,No
6336-H897,Male,0,No,No,55,Yes,Yes,DSL,Yes,Yes,Yes,No,Yes,No,Month-to-month,Yes,Credit card (automatic),115.88,6363.5,No
2804-K333,Male,0,Yes,No,40,No,Yes,DSL,No internet service,Yes,Yes,No,No internet service,No,Month-to-month,Yes,Mailed check,107.42,4299.31,No
2606-H855,Female,0,No,No,64,Yes,Yes,DSL,No,No,No,Yes,No,Yes,Month-to-month,No,Credit card (automatic),29.56,1896.74,No
7759-G484,Female,0,Yes,Yes,34,Yes,Yes,Fiber optic,No internet service,No internet service,No internet service,Yes,No internet service,No internet service,One year,No,Mailed check,62.24,2115.44,No
4615-C582,Male,0,Yes,No,34,Yes,Yes,Fiber optic,No,No internet service,Yes,No,No internet service,No internet service,Two year,Yes,Credit card (automatic),25.9,886.15,No
8936-B546,Female,0,No,No,48,No,No phone service,No,No,No internet service,Yes,Yes,No internet service,No,Month-to-month,No,Bank transfer (automatic),73.05,3507.83,No
3374-G724,Male,0,No,No,33,Yes,Yes,No,No,No,No,No internet service,No internet service,Yes,Month-to-month,Yes,Credit card (automatic),71.49,2360.88,No
8454-F496,Male,0,No,Yes,68,Yes,No phone service,DSL,No,No,Yes,No internet service,No internet service,No,Month-to-month,No,Credit card (automatic),110.93,7551.64,No
7119-E568,Female,0,No,Yes,30,Yes,No phone service,DSL,Yes,No,Yes,No internet service,No internet service,No internet service,Month-to-month,No,Bank transfer (automatic),115.7,3490.22,No
4181-U467,Female,0,No,No,71,Yes,No phone service,Fiber optic,No internet service,Yes,No,Yes,Yes,No internet service,Month-to-month,Yes,Electronic check,44.34,3151.13,No
5418-G443,Male,1,No,Yes,71,Yes,Yes,No,No,No,Yes,Yes,No internet service,No,Month-to-month,No,Bank transfer (automatic),76.77,5481.5,No
3084-B808,Male,0,No,Yes,29,No,No phone service,DSL,Yes,Yes,No internet service,Yes,No,No internet service,Month-to-month,No,Credit card (automatic),64.93,1884.41,No
1977-I239,Male,0,Yes,Yes,23,Yes,Yes,No,No,Yes,No,No,No,No,One year,No,Mailed check,73.2,1684.88,No
2820-O569,Male,0,No,Yes,34,Yes,No phone service,No,No,No internet service,No internet service,No internet service,No internet service,No,One year,No,Mailed check,71.69,2456.99,No
7852-F878,Female,0,Yes,No,15,Yes,Yes,No,Yes,No internet service,Yes,No,No internet service,No,Two year,No,Credit card (automatic),110.12,1650.15,No
6629-H402,Female,0,Yes,Yes,53,Yes,No,Fiber optic,Yes,No,No,No,No,No,One year,No,Electronic check,108.31,5722.32,No
3568-Z913,Female,0,No,No,17,Yes,No,DSL,No,Yes,No,No,No internet service,No internet service,Month-to-month,No,Mailed check,30.59,509.09,No
3784-S666,Female,0,Yes,No,64,Yes,No phone service,DSL,No internet service,Yes,Yes,No internet service,No,Yes,One year,Yes,Electronic check,52.93,3396.57,No
4763-C521,Female,0,No,Yes,61,Yes,No,Fiber optic,Yes,Yes,No internet service,No internet service,No,No internet service,Month-to-month,Yes,Mailed check,93.9,5732.78,No
9548-P982,Male,0,Yes,Yes,57,No,No phone service,Fiber optic,No internet service,No internet service,Yes,No internet service,Yes,No,One year,No,Electronic check,86.99,4949.14,No
4546-S584,Female,0,Yes,Yes,37,Yes,No phone service,Fiber optic,No,No internet service,No,Yes,Yes,No internet service,Month-to-month,No,Mailed check,81.68,3002.58,Yes
8581-I114,Female,0,Yes,No,7,Yes,No phone service,No,No,No internet service,No,No internet service,No,Yes,Month-to-month,No,Mailed check,118.13,823.1,No
8014-X993,Female,0,No,No,8,Yes,No,No,No,No internet service,No,Yes,No internet service,No internet service,Month-to-month,No,Mailed check,52.11,428.86,No
5041-H435,Female,1,Yes,No,68,Yes,No phone service,DSL,No,No internet service,Yes,Yes,No,No,Month-to-month,Yes,Mailed check,70.03,4760.91,No
8114-S327,Female,0,Yes,No,21,Yes,No,DSL,No,No internet service,Yes,Yes,No,Yes,Month-to-month,No,Credit card (automatic),116.65,2446.09,No
3440-S105,Male,0,Yes,No,61,Yes,No,No,No,No,Yes,No internet service,No internet service,No internet service,Month-to-month,Yes,Mailed check,88.15,5366.16,No
7844-B141,Male,1,No,No,29,No,Yes,No,No internet service,No,No internet service,No internet service,Yes,Yes,One year,Yes,Electronic check,83.44,2416.52,No
8711-X887,Male,0,Yes,No,25,Yes,No,Fiber optic,Yes,No,No internet service,No internet service,No,No internet service,Month-to-month,No,Electronic check,33.8,850.33,No
9261-B535,Female,0,No,Yes,58,Yes,Yes,No,No,No,No internet service,No internet service,Yes,Yes,Month-to-month,Yes,Bank transfer (automatic),43.04,2494.41,No
9701-M590,Male,0,Yes,No,14,Yes,No phone service,DSL,Yes,Yes,No,No,No internet service,No,One year,No,Electronic check,56.19,784.97,No
2605-O607,Male,1,Yes,No,66,Yes,No phone service,DSL,No internet service,No internet service,No internet service,No internet service,Yes,No,Month-to-month,Yes,Mailed check,64.97,4299.23,No
4940-C671,Female,0,Yes,No,54,Yes,Yes,Fiber optic,No,No internet service,No,No internet service,No internet service,Yes,Two year,Yes,Electronic check,68.22,3676.09,No
1203-W849,Female,0,No,No,67,Yes,No phone service,Fiber optic,No,No,No internet service,No internet service,No internet service,No internet service,Two year,No,Mailed check,108.91,7301.67,No
7662-G235,Female,0,Yes,Yes,30,Yes,Yes,DSL,Yes,Yes,No internet service,No internet service,Yes,No,Two year,Yes,Mailed check,29.02,869.03,No
6872-J344,Male,1,Yes,No,18,Yes,Yes,No,Yes,No,No,No internet service,No,No internet service,Month-to-month,Yes,Bank transfer (automatic),43.21,,No
2486-A591,Male,0,Yes,No,54,Yes,No phone service,No,Yes,No internet service,Yes,No,No,Yes,Month-to-month,No,Credit card (automatic),32.69,1773.91,No
5994-F820,Female,0,Yes,Yes,21,Yes,Yes,DSL,No,No,No internet service,No,No internet service,No internet service,One year,Yes,Electronic check,92.15,1948.52,No
8524-S865,Female,1,No,Yes,53,Yes,Yes,No,Yes,Yes,No,Yes,Yes,Yes,Month-to-month,Yes,Electronic check,115.79,6143.02,No
1399-O574,Male,0,Yes,No,16,Yes,Yes,No,Yes,No internet service,Yes,Yes,Yes,No internet service,Month-to-month,No,Mailed check,108.09,1724.53,No
3271-W515,Male,0,Yes,No,28,Yes,No phone service,DSL,No internet service,Yes,Yes,No internet service,Yes,Yes,Month-to-month,Yes,Electronic check,90.94,2560.48,No
4030-Z992,Female,0,Yes,No,4,Yes,No phone service,DSL,No,No,Yes,Yes,Yes,Yes,One year,No,Electronic check,20.41,85.24,No
7068-U575,Female,0,Yes,No,55,Yes,No phone service,Fiber optic,No,No internet service,No,No,No internet service,Yes,Month-to-month,No,Credit card (automatic),53.13,2924.4,No
1022-U172,Male,1,No,No,15,Yes,No phone service,DSL,No,Yes,No internet service,No internet service,Yes,Yes,One year,No,Electronic check,105.04,1567.68,No
7305-W440,Female,0,Yes,No,64,Yes,No phone service,Fiber optic,Yes,Yes,No internet service,Yes,Yes,No internet service,Month-to-month,Yes,Mailed check,83.88,5375.72,No
9698-B403,Male,1,Yes,Yes,65,Yes,No,Fiber optic,No internet service,Yes,No internet service,Yes,No,No,One year,No,Credit card (automatic),39.31,2550.88,No
7977-Y376,Male,0,No,Yes,16,Yes,No,No,Yes,No internet service,Yes,No,No internet service,Yes,Month-to-month,Yes,Electronic check,65.13,1036.79,No
9887-S913,Male,0,Yes,No,20,Yes,Yes,DSL,No,No internet service,No internet service,No internet service,Yes,Yes,Month-to-month,Yes,Mailed check,27.09,544.79,No
4393-Z801,Male,1,Yes,No,64,Yes,No,No,Yes,No,No,Yes,Yes,No,Month-to-month,Yes,Mailed check,70.59,4511.57,No
2326-T443,Female,0,Yes,No,33,Yes,No phone service,DSL,No,No,No internet service,No,No internet service,No,Month-to-month,No,Electronic check,108.8,3582.8,No
1898-Q790,Female,0,No,Yes,69,Yes,No phone service,DSL,Yes,No internet service,No internet service,No internet service,No internet service,Yes,Month-to-month,No,Credit card (automatic),22.14,1518.29,No
6963-B213,Male,0,Yes,No,69,Yes,No phone service,No,Yes,Yes,No internet service,No,No,Yes,Month-to-month,Yes,Bank transfer (automatic),79.95,5526.84,No
7274-L576,Male,1,No,Yes,58,Yes,Yes,Fiber optic,No,No internet service,No internet service,No internet service,No internet service,No internet service,Two year,No,Mailed check,41.68,2431.76,No
1669-L475,Male,0,No,Yes,39,Yes,Yes,DSL,Yes,No internet service,No,No internet service,Yes,No,One year,No,Electronic check,117.78,4612.54,No
3871-U672,Male,0,No,No,36,Yes,Yes,Fiber optic,No,No internet service,No internet service,No internet service,No,No internet service,Two year,Yes,Bank transfer (automatic),24.79,901.79,No
2097-R826,Male,0,No,Yes,68,Yes,Yes,No,Yes,No internet service,Yes,No,Yes,Yes,Two year,No,Mailed check,80.29,5436.58,No
4354-E442,Female,0,No,No,21,Yes,Yes,No,Yes,No,No internet service,No internet service,No internet service,Yes,Month-to-month,No,Credit card (automatic),44.02,927.62,No
4909-R216,Female,0,No,Yes,63,Yes,Yes,DSL,Yes,No,Yes,Yes,No internet service,Yes,Month-to-month,Yes,Bank transfer (automatic),106.94,6734.75,No
8839-X870,Female,0,No,No,6,Yes,No,No,No,Yes,Yes,No internet service,No internet service,Yes,Two year,Yes,Electronic check,30.5,206.89,No
4437-Y862,Female,0,Yes,No,24,No,No phone service,DSL,Yes,No internet service,Yes,No internet service,No,No,One year,Yes,Bank transfer (automatic),61.39,1477.29,No
4693-K461,Male,0,Yes,Yes,53,Yes,No,DSL,Yes,No internet service,No,No,Yes,No internet service,Two year,No,Bank transfer (automatic),36.88,,No
5380-Q796,Male,0,No,Yes,50,Yes,Yes,DSL,No internet service,No,Yes,No internet service,Yes,No,One year,No,Mailed check,98.59,4922.24,No
7929-I155,Male,1,No,Yes,12,Yes,No phone service,DSL,No internet service,No,Yes,Yes,No,Yes,One year,Yes,Mailed check,53.57,625.37,No
2038-L453,Male,0,No,No,56,Yes,No phone service,DSL,No,No internet service,No internet service,Yes,No internet service,No internet service,Two year,No,Electronic check,37.01,2071.86,No
8412-P613,Male,1,No,Yes,15,No,No phone service,No,No,No,No,No internet service,Yes,Yes,One year,No,Credit card (automatic),91.2,1352.29,No
9629-D581,Female,0,No,Yes,40,No,No,DSL,No,No internet service,No,No,No internet service,No,One year,No,Mailed check,100.38,3995.01,No
9714-V945,Male,0,No,No,41,Yes,No phone service,Fiber optic,No,Yes,No,Yes,No internet service,Yes,Month-to-month,No,Bank transfer (automatic),64.72,2644.21,No
9730-J562,Female,1,Yes,No,69,No,Yes,DSL,Yes,Yes,Yes,No,Yes,No,Two year,No,Bank transfer (automatic),56.32,3875.83,No
7031-Z789,Female,0,Yes,Yes,69,No,Yes,DSL,Yes,Yes,Yes,No internet service,No internet service,No,One year,No,Electronic check,81.78,5643.54,No
2075-G568,Female,0,No,Yes,6,Yes,No,DSL,No,No internet service,Yes,No,Yes,Yes,Month-to-month,Yes,Mailed check,83.72,506.2,No
2430-C500,Female,1,No,Yes,67,No,No,No,No,No,No internet service,No internet service,Yes,Yes,Month-to-month,Yes,Credit card (automatic),84.65,5671.59,No
3929-J178,Male,0,No,No,33,Yes,Yes,Fiber optic,No internet service,Yes,Yes,No internet service,No,No,One year,Yes,Mailed check,45.96,1515.56,No
2791-F382,Female,0,Yes,No,43,Yes,No,Fiber optic,No,No internet service,No,No,Yes,No internet service,Month-to-month,No,Electronic check,112.85,4856.46,No
2835-W251,Female,0,No,Yes,21,Yes,No phone service,Fiber optic,No internet service,Yes,No internet service,Yes,No,No,Month-to-month,No,Credit card (automatic),39.7,845.23,No
9131-E995,Female,0,Yes,No,65,Yes,No,No,No,Yes,No internet service,No internet service,No internet service,No internet service,Month-to-month,Yes,Mailed check,55.85,3620.29,No
4346-Q742,Male,0,Yes,Yes,17,Yes,No phone service,No,No,No,No,No internet service,No,No,Two year,No,Bank transfer (automatic),46.76,798.2,No
1371-J526,Male,0,Yes,Yes,8,Yes,No phone service,DSL,Yes,No internet service,Yes,No internet service,No internet service,Yes,Month-to-month,No,Electronic check,111.83,894.89,No
9870-E585,Male,0,No,No,64,Yes,No phone service,No,No,No,No internet service,Yes,No,No,Month-to-month,No,Credit card (automatic),101.5,6500.09,No
6680-N554,Female,0,No,Yes,28,Yes,No phone service,Fiber optic,No internet service,No,No,Yes,No internet service,No internet service,Two year,No,Credit card (automatic),99.78,2791.92,No
1351-J293,Female,0,Yes,Yes,13,Yes,No phone service,Fiber optic,Yes,No,Yes,No internet service,Yes,No internet service,Month-to-month,Yes,Mailed check,18.72,234.47,Yes
2031-A992,Male,0,Yes,No,13,Yes,Yes,No,No internet service,Yes,No internet service,Yes,No,No internet service,Month-to-month,No,Credit card (automatic),87.18,1131.95,No
4806-Q760,Female,0,Yes,Yes,38,Yes,Yes,No,No,Yes,No internet service,No,Yes,No internet service,Two year,No,Bank transfer (automatic),41.39,1565.54,No
6503-N692,Male,0,Yes,Yes,25,Yes,Yes,Fiber optic,Yes,Yes,No internet service,No,Yes,No internet service,One year,No,Credit card (automatic),115.51,2877.86,No
6616-U761,Male,0,No,No,62,Yes,No phone service,Fiber optic,No internet service,No internet service,No internet service,No,No internet service,No,Month-to-month,No,Electronic check,71.59,4450.44,No
6346-P707,Female,0,Yes,Yes,23,Yes,No,Fiber optic,No,No,No internet service,No,No internet service,Yes,Two year,No,Bank transfer (automatic),75.0,1726.52,No
9686-R555,Female,0,No,Yes,21,Yes,No,Fiber optic,No internet service,Yes,Yes,No internet service,No internet service,Yes,One year,Yes,Bank transfer (automatic),54.08,1115.93,No
8503-J680,Female,0,Yes,No,54,Yes,No phone service,Fiber optic,No,No,No,No,No internet service,No,Two year,No,Mailed check,72.19,3865.3,No
3161-Z413,Female,1,No,No,63,Yes,No,No,No internet service,No,No internet service,Yes,No,Yes,Month-to-month,Yes,Bank transfer (automatic),93.6,5895.28,No
3813-Z366,Male,0,Yes,No,30,No,No phone service,No,No,No,No,No internet service,Yes,No,Month-to-month,Yes,Credit card (automatic),74.72,2235.28,No
4715-P480,Male,0,No,Yes,68,Yes,No,DSL,No internet service,No,No,Yes,No internet service,No internet service,One year,No,Credit card (automatic),82.7,5623.84,No
5720-Y965,Male,0,No,No,32,Yes,No phone service,DSL,Yes,No,No,No,Yes,No,Month-to-month,No,Mailed check,65.73,2105.78,No
1775-E461,Male,0,No,Yes,24,Yes,No,DSL,No,Yes,Yes,No internet service,No,Yes,Month-to-month,No,Credit card (automatic),90.25,2165.87,No
5659-O270,Male,1,Yes,No,7,Yes,No,No,No,No internet service,No,No internet service,No internet service,Yes,Month-to-month,Yes,Credit card (automatic),108.66,752.81,No
3634-W648,Female,1,No,Yes,72,Yes,Yes,DSL,No internet service,No internet service,No,No internet service,No,Yes,One year,No,Bank transfer (automatic),23.38,1693.07,No
5673-F279,Male,0,Yes,Yes,1,Yes,No,DSL,No,No internet service,No,No,No,No,Month-to-month,Yes,Mailed check,29.03,17.38,No
3514-F343,Male,0,No,No,3,Yes,No,No,Yes,No internet service,No internet service,Yes,Yes,No,Month-to-month,Yes,Mailed check,87.15,273.62,No
2915-B424,Male,1,No,Yes,28,Yes,No phone service,Fiber optic,No internet service,No,No internet service,No internet service,Yes,No,One year,No,Credit card (automatic),56.21,1579.71,No
3072-O366,Female,1,Yes,Yes,43,Yes,No,No,No internet service,Yes,No,Yes,No,Yes,Month-to-month,No,Credit card (automatic),46.55,1995.08,No
7056-F310,Female,0,No,No,46,Yes,No,No,No internet service,Yes,Yes,No,No,No,Month-to-month,No,Electronic check,36.2,1669.6,No
1568-V424,Female,0,No,Yes,1,Yes,No,Fiber optic,Yes,No,No internet service,No,No internet service,No,One year,No,Mailed check,75.8,72.24,No
6633-E481,Female,0,Yes,Yes,38,No,No,DSL,Yes,No,No internet service,Yes,Yes,Yes,Month-to-month,Yes,Bank transfer (automatic),53.18,,No
8347-R266,Male,1,No,Yes,35,Yes,No,No,No,Yes,No,No internet service,No,No internet service,One year,Yes,Credit card (automatic),69.3,2419.14,No
9743-J224,Male,0,No,No,54,Yes,Yes,No,No internet service,Yes,No,Yes,No,No internet service,Month-to-month,Yes,Electronic check,114.59,6195.91,No
1408-M611,Female,0,No,No,24,Yes,No,Fiber optic,Yes,No internet service,Yes,No internet service,Yes,Yes,Month-to-month,Yes,Electronic check,94.46,2254.38,No
3381-O427,Female,0,No,No,28,Yes,No phone service,No,No,No internet service,No internet service,No internet service,No,Yes,One year,Yes,Bank transfer (automatic),98.24,2754.1,No
3556-A856,Male,0,Yes,No,22,Yes,No phone service,DSL,Yes,No internet service,No,Yes,No internet service,No internet service,Two year,No,Credit card (automatic),30.73,679.05,No
9948-Q439,Male,0,No,No,16,Yes,No,Fiber optic,Yes,Yes,No internet service,No internet service,No,No,Month-to-month,Yes,Bank transfer (automatic),50.91,820.91,No
5842-P396,Female,1,No,No,13,Yes,No,No,Yes,No internet service,No,No internet service,No,Yes,One year,No,Credit card (automatic),28.93,381.03,No
3409-Z678,Female,0,No,No,62,Yes,No,DSL,No,Yes,No,No internet service,Yes,No internet service,Month-to-month,Yes,Electronic check,115.59,7163.54,No
8243-K805,Female,0,No,No,43,Yes,Yes,DSL,Yes,Yes,Yes,No,Yes,No,Month-to-month,Yes,Credit card (automatic),86.81,3713.43,No
2840-X590,Female,0,No,Yes,32,Yes,No phone service,No,Yes,No,No internet service,No internet service,No internet service,Yes,Month-to-month,Yes,Electronic check,20.18,632.34,No
1656-E794,Male,0,No,Yes,67,Yes,Yes,DSL,Yes,Yes,No internet service,Yes,No,No internet service,Two year,No,Mailed check,66.04,4404.04,No
2914-J125,Male,0,No,Yes,57,Yes,Yes,Fiber optic,No internet service,No,No,No,No internet service,No,Month-to-month,Yes,Electronic check,44.73,2546.93,No
7580-T961,Male,0,No,Yes,65,Yes,No,DSL,Yes,No,Yes,No internet service,No,No,Month-to-month,Yes,Bank transfer (automatic),72.52,4725.13,No
4610-O465,Female,0,Yes,No,69,Yes,No,Fiber optic,No internet service,Yes,Yes,No,No,No internet service,One year,Yes,Electronic check,36.21,2491.08,No
2515-K156,Female,0,Yes,Yes,49,Yes,No phone service,Fiber optic,Yes,Yes,Yes,Yes,Yes,No,Month-to-month,Yes,Credit card (automatic),23.96,1170.08,No
4197-S639,Male,0,Yes,Yes,33,Yes,No,Fiber optic,No internet service,No internet service,No internet service,No,No internet service,No internet service,Month-to-month,Yes,Bank transfer (automatic),50.73,1668.17,No
4639-Z885,Male,0,Yes,Yes,19,Yes,No phone service,No,Yes,Yes,No,No,No,No internet service,Month-to-month,Yes,Bank transfer (automatic),47.95,913.54,No
5553-G123,Male,1,No,Yes,36,Yes,Yes,DSL,No internet service,No internet service,No,No internet service,No,No,Two year,Yes,Mailed check,90.3,3252.54,No
2369-R969,Male,1,No,Yes,70,Yes,No phone service,No,No internet service,No internet service,Yes,Yes,Yes,No internet service,Month-to-month,Yes,Mailed check,65.94,4611.61,No
8298-V787,Female,0,Yes,No,15,Yes,No phone service,No,No internet service,Yes,Yes,Yes,Yes,No internet service,Two year,Yes,Mailed check,47.53,703.25,No
2431-Q503,Male,0,Yes,No,24,Yes,No phone service,Fiber optic,Yes,No internet service,Yes,No,Yes,Yes,Month-to-month,Yes,Bank transfer (automatic),75.58,1820.19,No
4185-P425,Male,1,Yes,Yes,27,Yes,Yes,No,No,No,No internet service,No internet service,No internet service,No internet service,Month-to-month,No,Bank transfer (automatic),25.42,697.29,No
9381-B782,Male,0,No,Yes,49,Yes,Yes,DSL,No internet service,No,No,No,No internet service,No,Two year,Yes,Credit card (automatic),84.82,4164.21,No
6915-M251,Male,1,No,Yes,23,No,No,No,No internet service,Yes,Yes,No,No,No internet service,One year,Yes,Bank transfer (automatic),33.05,748.69,No
8006-L495,Male,1,Yes,Yes,33,Yes,No,No,No internet service,Yes,Yes,No,No internet service,No,Month-to-month,No,Mailed check,46.36,1507.12,No
7108-A391,Male,0,Yes,No,41,Yes,No phone service,Fiber optic,No internet service,Yes,No,No internet service,Yes,Yes,Month-to-month,Yes,Electronic check,46.6,1908.21,No
6651-L415,Male,0,Yes,Yes,56,Yes,No phone service,Fiber optic,No internet service,No,No internet service,No,Yes,No,Month-to-month,Yes,Credit card (automatic),65.07,3657.69,No
8300-R189,Female,1,Yes,No,29,Yes,Yes,No,No,No internet service,No internet service,No internet service,No internet service,No internet service,One year,No,Credit card (automatic),114.04,3287.25,No
4533-X554,Female,0,Yes,Yes,31,Yes,Yes,Fiber optic,Yes,No,No internet service,Yes,No,No,One year,No,Electronic check,50.88,1573.17,No
7809-Z553,Female,0,No,No,65,Yes,Yes,No,No,No internet service,No,No,No,Yes,Month-to-month,No,Credit card (automatic),46.52,3039.89,No
5728-F925,Female,0,Yes,No,18,Yes,No phone service,DSL,Yes,No internet service,No internet service,Yes,No,Yes,Two year,No,Mailed check,35.21,643.59,No
7944-X524,Male,0,No,No,6,Yes,No phone service,DSL,No,Yes,Yes,No,No,Yes,Month-to-month,No,Mailed check,57.64,348.15,No
3286-S712,Female,0,Yes,Yes,52,Yes,Yes,Fiber optic,Yes,Yes,No internet service,Yes,Yes,No,Month-to-month,Yes,Credit card (automatic),36.55,1888.67,No
2410-E312,Female,0,Yes,Yes,40,Yes,No phone service,DSL,No internet service,Yes,No,No internet service,No internet service,No,Month-to-month,Yes,Credit card (automatic),32.1,1298.92,No
5968-P988,Male,1,No,No,65,Yes,Yes,DSL,Yes,No,No internet service,No,Yes,No,Two year,Yes,Credit card (automatic),104.41,6784.79,No
9606-K167,Male,0,Yes,Yes,42,Yes,No,No,Yes,No,No,No,No,Yes,Month-to-month,Yes,Bank transfer (automatic),23.54,966.19,No
7156-C106,Female,0,No,Yes,68,Yes,Yes,Fiber optic,No internet service,No,No,No internet service,No,No,One year,Yes,Bank transfer (automatic),89.69,6113.38,No
7708-U379,Female,0,No,No,32,Yes,No phone service,DSL,No internet service,Yes,No internet service,Yes,Yes,Yes,Two year,No,Bank transfer (automatic),38.61,1225.15,No
7791-F669,Male,0,Yes,Yes,10,Yes,No phone service,Fiber optic,Yes,Yes,Yes,Yes,No,Yes,One year,Yes,Electronic check,19.43,226.11,No
8571-W681,Female,0,Yes,No,69,Yes,No phone service,Fiber optic,Yes,No internet service,No,No internet service,Yes,No internet service,One year,Yes,Electronic check,98.16,6771.21,No
3243-G290,Male,1,No,Yes,9,Yes,No phone service,Fiber optic,No internet service,No internet service,No internet service,Yes,Yes,No internet service,Month-to-month,No,Mailed check,88.83,803.7,No
7254-J667,Male,1,No,Yes,69,Yes,Yes,DSL,No,Yes,No,No internet service,Yes,Yes,One year,Yes,Credit card (automatic),51.85,3578.58,No
9037-B942,Male,0,Yes,No,61,Yes,Yes,Fiber optic,No internet service,No,No internet service,Yes,Yes,Yes,Month-to-month,No,Credit card (automatic),26.22,1596.76,No
5947-S411,Male,0,No,No,11,No,No,Fiber optic,Yes,Yes,Yes,No internet service,No,Yes,Two year,Yes,Credit card (automatic),54.5,607.43,No
9095-R857,Female,0,Yes,No,68,Yes,Yes,No,Yes,No,No,No internet service,No,No internet service,Month-to-month,Yes,Mailed check,36.47,2481.97,No
8593-H127,Male,0,No,No,8,Yes,No,No,Yes,Yes,Yes,No internet service,No,Yes,Month-to-month,No,Bank transfer (automatic),111.97,896.37,No
1040-E368,Male,0,Yes,Yes,49,Yes,Yes,No,No internet service,Yes,Yes,No internet service,No internet service,No internet service,Month-to-month,No,Electronic check,71.48,3492.22,No
5917-U954,Female,0,No,Yes,24,Yes,Yes,No,No internet service,No internet service,Yes,Yes,Yes,No internet service,Month-to-month,No,Electronic check,115.12,2761.39,No
8742-D769,Male,1,No,Yes,33,Yes,No phone service,Fiber optic,No,No,Yes,No,No internet service,No,Month-to-month,Yes,Mailed check,53.56,1755.73,No
5713-N283,Female,0,Yes,No,19,Yes,No,No,Yes,No,Yes,Yes,Yes,No,Two year,Yes,Credit card (automatic),74.17,1413.29,No
9059-W760,Female,0,No,Yes,2,Yes,No phone service,No,Yes,Yes,No internet service,No internet service,Yes,No,Two year,No,Credit card (automatic),37.36,78.12,No
5009-A222,Female,0,No,Yes,55,Yes,No phone service,DSL,No internet service,No internet service,Yes,No,No,No internet service,One year,No,Electronic check,99.5,5474.26,No
5541-P168,Male,0,No,Yes,11,No,Yes,No,Yes,Yes,No internet service,No,Yes,Yes,Month-to-month,No,Bank transfer (automatic),22.38,258.61,No
6927-S592,Female,0,No,No,17,Yes,Yes,No,No,Yes,Yes,Yes,No internet service,No,Month-to-month,Yes,Electronic check,88.16,1506.75,No
8144-I743,Female,0,No,No,42,Yes,No,DSL,No internet service,No,Yes,No internet service,No,No internet service,Two year,Yes,Bank transfer (automatic),57.61,2440.47,No
8799-W937,Male,0,No,Yes,61,Yes,No,Fiber optic,Yes,Yes,No,No internet service,No,Yes,Month-to-month,No,Bank transfer (automatic),76.38,4669.03,No
2959-L624,Female,0,No,Yes,3,Yes,Yes,Fiber optic,No internet service,No internet service,No internet service,No internet service,Yes,No,One year,Yes,Bank transfer (automatic),77.77,234.88,No
1287-I266,Female,0,Yes,No,35,Yes,No,DSL,No internet service,Yes,Yes,No internet service,No,No internet service,Month-to-month,Yes,Bank transfer (automatic),89.68,3135.83,No
1958-E427,Female,0,No,No,66,Yes,Yes,DSL,No,No internet service,Yes,No internet service,No internet service,No,Two year,No,Credit card (automatic),38.78,2545.36,No
8553-W238,Female,0,No,No,1,Yes,Yes,Fiber optic,No internet service,No,Yes,No,Yes,No,Month-to-month,Yes,Electronic check,71.65,85.4,No
6855-F154,Female,0,Yes,No,7,Yes,Yes,No,Yes,No,No internet service,Yes,No internet service,No internet service,Month-to-month,No,Electronic check,61.16,433.82,No
5467-L529,Male,1,No,Yes,20,Yes,No,DSL,No,Yes,No internet service,Yes,No,No,One year,No,Bank transfer (automatic),46.61,927.67,No
6832-B396,Female,0,No,No,43,Yes,No phone service,DSL,No internet service,No internet service,No internet service,Yes,No internet service,No internet service,Month-to-month,No,Mailed check,68.07,2930.11,No
5778-Q754,Female,0,Yes,Yes,6,Yes,No,DSL,Yes,No,No,No,No internet service,No internet service,One year,No,Credit card (automatic),113.93,684.93,No
2258-Q298,Male,0,No,No,55,Yes,No phone service,Fiber optic,No internet service,No internet service,No,No,No,No,Month-to-month,Yes,Mailed check,113.61,6247.63,No
4002-Y196,Male,0,No,Yes,21,Yes,No,Fiber optic,No internet service,No,Yes,Yes,Yes,Yes,Month-to-month,Yes,Bank transfer (automatic),46.27,980.92,No
3738-R430,Male,0,Yes,Yes,51,Yes,No phone service,Fiber optic,No,No,No internet service,No,Yes,Yes,Month-to-month,Yes,Bank transfer (automatic),107.11,5447.13,No
6180-V919,Female,0,Yes,No,46,Yes,No phone service,Fiber optic,No,No internet service,No internet service,No,No,Yes,Month-to-month,No,Mailed check,106.36,4901.09,No
5932-I801,Male,0,No,Yes,35,Yes,No,Fiber optic,No,No internet service,No,Yes,Yes,No internet service,Two year,No,Electronic check,43.33,1529.74,No
6939-D647,Female,0,No,Yes,8,Yes,No,No,No,No internet service,Yes,No,No internet service,No,Two year,Yes,Electronic check,78.44,616.4,No
6761-E113,Female,1,Yes,Yes,68,Yes,No phone service,No,Yes,No,No internet service,No internet service,No,Yes,One year,No,Mailed check,105.68,7166.67,No
3243-Q388,Male,0,No,No,16,Yes,Yes,Fiber optic,No internet service,No internet service,No internet service,Yes,No,No,One year,No,Bank transfer (automatic),70.01,1124.81,No
7111-Y596,Male,1,Yes,No,67,Yes,No phone service,Fiber optic,No,Yes,Yes,Yes,Yes,Yes,Month-to-month,No,Credit card (automatic),55.41,,No
7750-K266,Female,0,Yes,No,71,Yes,No phone service,Fiber optic,Yes,No internet service,No,Yes,Yes,Yes,Month-to-month,No,Bank transfer (automatic),83.65,5930.34,No
2678-G258,Male,0,Yes,Yes,64,Yes,Yes,DSL,No,No,No,Yes,No,No,One year,Yes,Electronic check,35.58,2263.13,No
9247-H951,Female,1,No,Yes,2,Yes,No phone service,DSL,No internet service,No internet service,No internet service,No,No,No,Month-to-month,No,Electronic check,34.5,50.2,No
4087-Z672,Male,0,Yes,Yes,1,Yes,Yes,Fiber optic,No,No internet service,Yes,Yes,No,No,Month-to-month,No,Bank transfer (automatic),101.93,112.76,No
9612-R829,Male,0,Yes,Yes,58,Yes,Yes,Fiber optic,No internet service,No internet service,Yes,No internet service,No,No,One year,No,Electronic check,22.46,1301.63,No
2867-N571,Male,0,Yes,No,1,Yes,No,DSL,No internet service,Yes,Yes,No,No internet service,Yes,One year,No,Mailed check,99.01,112.04,No
2251-D938,Female,0,No,Yes,7,Yes,No phone service,DSL,Yes,No,No internet service,No,No internet service,No,Month-to-month,No,Mailed check,47.44,304.31,No
3150-A591,Male,0,No,Yes,69,Yes,No phone service,DSL,No,Yes,No,Yes,No,No internet service,One year,No,Electronic check,66.8,4610.03,No
6705-J807,Female,0,No,Yes,18,Yes,Yes,DSL,No,Yes,No,No,No,Yes,Two year,No,Bank transfer (automatic),72.87,1322.8,No
6940-E936,Female,1,Yes,No,32,Yes,No phone service,DSL,No internet service,No,No,No,No,No internet service,Month-to-month,Yes,Mailed check,95.34,3041.49,No
8240-T635,Female,0,No,Yes,45,No,Yes,Fiber optic,No,No,No,No,No internet service,Yes,One year,No,Electronic check,107.08,4825.99,No
6604-F826,Female,1,No,No,33,Yes,No phone service,Fiber optic,No internet service,No internet service,No,Yes,Yes,Yes,Month-to-month,No,Electronic check,99.07,3258.76,Yes
5991-A862,Male,1,Yes,No,49,Yes,No phone service,DSL,Yes,No,No internet service,No internet service,No internet service,No internet service,Two year,Yes,Credit card (automatic),75.77,3703.25,No
2943-H231,Female,0,Yes,Yes,33,Yes,Yes,Fiber optic,No,No internet service,No internet service,Yes,No,Yes,Month-to-month,No,Bank transfer (automatic),53.23,1757.3,No
3332-W332,Female,0,No,Yes,71,Yes,Yes,DSL,No internet service,Yes,No,No internet service,No,No internet service,Two year,No,Electronic check,71.17,5047.01,No
6036-E314,Male,1,No,Yes,68,Yes,No phone service,DSL,No,No internet service,No,No,No,Yes,Two year,No,Mailed check,21.27,1460.06,No
3133-C535,Female,1,Yes,Yes,28,Yes,No phone service,DSL,No,No,No internet service,No internet service,No,No,One year,Yes,Electronic check,42.87,1200.45,No
2830-C119,Male,0,No,No,53,Yes,Yes,Fiber optic,Yes,No internet service,No,Yes,No internet service,Yes,Two year,Yes,Bank transfer (automatic),55.05,2931.72,No
8934-Y541,Female,0,Yes,No,44,Yes,No,Fiber optic,No internet service,Yes,No,Yes,Yes,No internet service,Month-to-month,No,Electronic check,50.39,2223.9,No
1696-G210,Male,0,Yes,No,55,Yes,No,Fiber optic,Yes,No,No,Yes,No,No,Two year,No,Mailed check,27.81,1520.44,No
1537-Z775,Female,0,No,No,10,Yes,No phone service,Fiber optic,Yes,No,Yes,No,No,No,One year,Yes,Mailed check,23.35,235.73,No
9412-S160,Male,0,No,No,14,Yes,No phone service,No,Yes,No internet service,No,No internet service,No,No,Month-to-month,No,Electronic check,60.53,839.09,No
8685-D359,Female,0,No,No,36,Yes,No phone service,DSL,No internet service,No internet service,Yes,Yes,Yes,No,Month-to-month,No,Credit card (automatic),25.77,939.26,No
1709-C408,Female,0,No,No,34,Yes,Yes,DSL,No internet service,No internet service,No,Yes,No internet service,Yes,Month-to-month,No,Bank transfer (automatic),47.01,1612.91,No
1168-Y198,Male,0,Yes,No,18,Yes,No phone service,Fiber optic,No,Yes,No,Yes,Yes,No internet service,Two year,Yes,Mailed check,65.97,1170.17,No
3028-T310,Male,0,No,No,16,Yes,No phone service,Fiber optic,No internet service,Yes,No internet service,No,No internet service,No,Two year,Yes,Bank transfer (automatic),39.35,635.26,No
4277-F786,Male,0,No,No,37,Yes,No phone service,No,Yes,No,No internet service,Yes,No,No internet service,Two year,No,Bank transfer (automatic),26.24,982.99,No
6759-A192,Male,0,No,Yes,41,No,No,DSL,No internet service,No,No internet service,No,Yes,No internet service,Month-to-month,No,Mailed check,61.68,2537.81,No
3384-X384,Female,0,Yes,Yes,25,Yes,No phone service,DSL,No,Yes,Yes,No,Yes,No,Month-to-month,Yes,Electronic check,63.32,1581.97,No
6698-L264,Female,0,No,Yes,8,Yes,No phone service,Fiber optic,Yes,No internet service,Yes,Yes,No,No internet service,One year,No,Bank transfer (automatic),110.27,909.61,No
9202-Y846,Male,0,No,No,18,Yes,Yes,Fiber optic,No,No internet service,No,No,Yes,No internet service,One year,No,Electronic check,31.1,562.16,No
4962-Q683,Female,0,Yes,Yes,68,Yes,No,No,No internet service,Yes,Yes,No,No,No internet service,Month-to-month,Yes,Credit card (automatic),80.06,5429.25,No
2119-D939,Male,1,Yes,No,48,Yes,Yes,DSL,No,No internet service,No internet service,Yes,No,No internet service,One year,Yes,Credit card (automatic),50.38,2425.17,No
1229-Q322,Male,0,Yes,No,70,Yes,No phone service,No,No,Yes,Yes,Yes,No internet service,Yes,One year,No,Bank transfer (automatic),30.67,2157.82,No
4138-J275,Female,0,Yes,Yes,67,No,No phone service,DSL,No internet service,No internet service,No,No internet service,No internet service,Yes,One year,No,Mailed check,57.76,3875.83,No
9800-A842,Female,0,Yes,No,18,Yes,No phone service,Fiber optic,No,No internet service,Yes,Yes,No,Yes,One year,No,Bank transfer (automatic),61.26,1104.74,No
2616-G616,Female,1,No,Yes,18,Yes,No phone service,No,No internet service,No,No internet service,No internet service,No,No internet service,One year,No,Electronic check,54.79,972.32,No
8777-L814,Female,0,Yes,No,56,Yes,No phone service,Fiber optic,Yes,No internet service,No,No internet service,Yes,Yes,Month-to-month,Yes,Electronic check,95.21,5315.23,No
4033-O789,Female,0,Yes,No,23,Yes,Yes,DSL,No,No internet service,Yes,No internet service,No,No,Two year,No,Bank transfer (automatic),102.59,2349.88,No
2758-F954,Female,0,Yes,Yes,35,Yes,No phone service,DSL,Yes,Yes,No,Yes,No,No internet service,Month-to-month,No,Bank transfer (automatic),33.2,1137.94,No
6813-M534,Female,0,Yes,Yes,6,Yes,No phone service,No,No internet service,Yes,No,No internet service,Yes,Yes,One year,No,Bank transfer (automatic),35.12,226.01,No
4510-Q333,Male,0,Yes,Yes,26,Yes,No,Fiber optic,No internet service,Yes,Yes,No internet service,No,Yes,Month-to-month,No,Credit card (automatic),60.58,1575.79,No
7677-D879,Male,0,Yes,Yes,61,Yes,No,DSL,No,Yes,No,No internet service,No,No internet service,One year,Yes,Mailed check,50.43,3072.87,No
6149-D577,Male,0,Yes,Yes,15,Yes,No phone service,DSL,No,No internet service,Yes,Yes,No internet service,No internet service,Two year,No,Electronic check,100.62,1494.92,No
2807-Q239,Male,0,Yes,Yes,32,Yes,No phone service,No,No internet service,Yes,No internet service,Yes,No,No internet service,Month-to-month,No,Credit card (automatic),118.43,3776.91,No
9123-Y469,Male,0,No,No,12,Yes,No phone service,No,No internet service,No,No internet service,Yes,No,No,Two year,Yes,Credit card (automatic),36.45,437.6,No
5723-R839,Female,0,No,No,5,Yes,No phone service,Fiber optic,Yes,Yes,Yes,Yes,Yes,Yes,Month-to-month,Yes,Bank transfer (automatic),94.89,471.56,No
1665-C435,Male,1,No,No,64,Yes,No phone service,No,Yes,No internet service,Yes,No,No internet service,No,Month-to-month,No,Electronic check,79.28,5075.24,No
9088-D494,Male,0,Yes,No,71,No,No phone service,DSL,No,No,No,Yes,No internet service,Yes,Two year,Yes,Electronic check,83.01,5880.42,No
5646-O714,Male,1,Yes,Yes,27,Yes,Yes,Fiber optic,No,No internet service,Yes,No internet service,No,No internet service,One year,Yes,Electronic check,44.83,1214.24,No
6111-V961,Male,0,Yes,No,45,Yes,Yes,Fiber optic,No,No,No,Yes,No internet service,Yes,Month-to-month,Yes,Electronic check,28.02,1273.71,No
8273-H667,Male,0,No,No,35,Yes,Yes,Fiber optic,No,No,No internet service,No,No internet service,No internet service,Two year,Yes,Bank transfer (automatic),72.85,2546.89,No
7672-J975,Male,0,Yes,Yes,26,Yes,No,DSL,No,No,Yes,No,No internet service,Yes,One year,No,Credit card (automatic),79.91,2085.5,No
8011-G977,Male,1,Yes,No,23,Yes,No phone service,No,No,No internet service,No internet service,No,Yes,No,Month-to-month,Yes,Credit card (automatic),115.04,2644.18,No
2140-Z587,Female,0,Yes,Yes,13,Yes,No,Fiber optic,No,No,Yes,Yes,Yes,Yes,Two year,Yes,Credit card (automatic),86.11,1115.58,No
7020-F113,Female,0,No,Yes,3,Yes,No,DSL,No,No internet service,No internet service,No,No internet service,No internet service,Month-to-month,No,Credit card (automatic),62.84,192.81,No
9055-V207,Male,0,No,Yes,29,Yes,No,No,Yes,No,Yes,No,No internet service,No,Month-to-month,Yes,Electronic check,118.15,3421.68,No
7494-O635,Female,0,Yes,No,66,Yes,Yes,Fiber optic,No internet service,Yes,Yes,No,No,No,Two year,No,Electronic check,55.76,3673.89,No
2392-D246,Female,0,No,Yes,64,Yes,No phone service,No,No internet service,Yes,No,Yes,No internet service,Yes,One year,Yes,Mailed check,34.59,2224.58,No
7468-M811,Female,0,Yes,No,28,Yes,No phone service,No,No,No,No,No,Yes,Yes,One year,No,Bank transfer (automatic),80.36,2231.9,No
2666-X272,Female,0,Yes,No,36,Yes,No,No,No internet service,No,Yes,No,No,No,Two year,Yes,Electronic check,45.01,1621.26,No
2060-L303,Male,0,No,No,6,Yes,Yes,DSL,No,Yes,No,No internet service,Yes,Yes,Two year,No,Electronic check,110.93,655.0,No
6548-G709,Female,0,No,Yes,11,Yes,No,Fiber optic,Yes,Yes,Yes,No internet service,Yes,No internet service,Month-to-month,Yes,Bank transfer (automatic),61.25,691.82,No
7623-D338,Female,0,No,Yes,38,No,No,Fiber optic,No,No internet service,Yes,No internet service,Yes,No internet service,Two year,No,Bank transfer (automatic),33.29,1274.09,No
7958-X611,Female,0,No,Yes,34,No,No phone service,Fiber optic,Yes,Yes,No internet service,No,Yes,Yes,Month-to-month,No,Electronic check,32.48,,No
5563-Y830,Male,0,Yes,No,67,Yes,Yes,DSL,Yes,No internet service,No,No internet service,Yes,No,Month-to-month,Yes,Credit card (automatic),83.54,5599.15,No
5472-Y908,Male,0,Yes,No,46,Yes,No phone service,No,Yes,No,No,Yes,No,Yes,Two year,No,Mailed check,55.02,2537.24,No
7557-L587,Male,0,No,Yes,29,Yes,No,DSL,No,No internet service,No internet service,No internet service,Yes,No,One year,No,Mailed check,54.8,1591.31,No
7626-P623,Male,1,No,No,60,Yes,No phone service,Fiber optic,Yes,No,Yes,Yes,No internet service,No,Month-to-month,Yes,Bank transfer (automatic),79.79,4781.77,No
5569-E886,Male,1,Yes,Yes,54,Yes,No,No,No,No internet service,No,No internet service,No,No internet service,One year,No,Credit card (automatic),40.51,2205.25,No
8448-D225,Male,1,Yes,Yes,69,Yes,Yes,DSL,Yes,No internet service,Yes,No internet service,No internet service,Yes,Month-to-month,Yes,Bank transfer (automatic),32.87,2275.06,No
5107-P609,Male,0,Yes,No,9,Yes,No phone service,DSL,Yes,No internet service,No,No internet service,No,No,Month-to-month,No,Mailed check,84.3,750.46,No
4781-U237,Female,0,Yes,No,10,Yes,No phone service,DSL,No internet service,No,No,Yes,No internet service,No,Two year,Yes,Mailed check,18.78,172.14,No
1486-D855,Female,0,No,Yes,68,Yes,No phone service,DSL,No,No,Yes,Yes,Yes,No,Two year,Yes,Credit card (automatic),109.44,7431.75,No
1865-C610,Female,0,No,No,58,Yes,No phone service,No,No internet service,No internet service,Yes,No internet service,No internet service,No,One year,No,Mailed check,36.64,2125.68,No
1438-F491,Male,0,No,Yes,52,Yes,No phone service,DSL,Yes,No,No,Yes,Yes,No internet service,One year,Yes,Mailed check,63.26,3283.0,No
6356-E410,Male,0,Yes,Yes,34,Yes,Yes,No,No internet service,No internet service,No internet service,No internet service,No,No internet service,Month-to-month,Yes,Credit card (automatic),39.5,1352.34,No
2578-Y178,Male,1,Yes,No,35,Yes,Yes,DSL,Yes,No,No internet service,No,Yes,No internet service,Two year,No,Mailed check,40.18,1409.09,No
9518-Y604,Male,1,No,Yes,33,Yes,No phone service,Fiber optic,No internet service,No internet service,No internet service,No,No internet service,No internet service,Month-to-month,No,Bank transfer (automatic),102.17,3369.12,No
8635-G400,Male,0,No,No,72,No,No,DSL,No internet service,Yes,No internet service,No,Yes,No internet service,Month-to-month,Yes,Bank transfer (automatic),77.05,5547.61,No
9157-P616,Female,0,No,Yes,32,Yes,No,DSL,No,Yes,No internet service,Yes,Yes,Yes,Two year,Yes,Bank transfer (automatic),49.55,1584.37,No
5287-R451,Female,0,Yes,No,55,Yes,No phone service,Fiber optic,No,No internet service,Yes,No,No,Yes,Two year,No,Bank transfer (automatic),43.49,2389.61,No
9856-R118,Male,0,No,No,8,Yes,No phone service,No,No internet service,No,No,No internet service,Yes,No internet service,One year,No,Electronic check,39.64,320.97,No
1517-N221,Male,0,Yes,Yes,46,Yes,Yes,DSL,No internet service,No internet service,No internet service,No internet service,No,No,Month-to-month,No,Mailed check,73.97,3397.48,No
7285-O422,Male,0,No,No,14,No,Yes,DSL,No,Yes,No,Yes,No internet service,No,Month-to-month,Yes,Mailed check,91.69,1271.99,No
7165-O570,Male,0,No,No,8,Yes,No phone service,Fiber optic,Yes,Yes,Yes,No internet service,No,Yes,Month-to-month,Yes,Bank transfer (automatic),43.73,357.32,No
1589-B281,Female,0,No,Yes,71,Yes,No phone service,No,Yes,No internet service,No,No,No internet service,Yes,One year,No,Mailed check,51.65,3659.19,No
5965-W268,Male,0,Yes,No,54,Yes,No,Fiber optic,Yes,Yes,Yes,No internet service,No internet service,Yes,One year,No,Electronic check,90.65,4907.5,No
9052-N237,Male,0,Yes,Yes,21,Yes,Yes,DSL,Yes,No internet service,No,Yes,Yes,No internet service,One year,Yes,Electronic check,92.35,1937.7,No
6119-W498,Male,0,Yes,No,14,No,No phone service,No,No internet service,Yes,No,No internet service,No,No,One year,No,Electronic check,39.09,542.79,No
8986-Y212,Male,1,Yes,Yes,2,Yes,Yes,DSL,Yes,No,Yes,No internet service,No internet service,No,One year,No,Credit card (automatic),56.66,103.97,No
9037-V667,Female,0,Yes,Yes,61,Yes,No phone service,Fiber optic,No internet service,No,No,No,Yes,Yes,Two year,Yes,Bank transfer (automatic),105.68,6443.39,No
9837-S581,Male,0,Yes,Yes,17,Yes,No phone service,DSL,No internet service,No,Yes,Yes,Yes,Yes,One year,Yes,Mailed check,92.64,1578.38,No
8797-R974,Male,0,No,Yes,48,Yes,No phone service,Fiber optic,Yes,No internet service,No,No,No internet service,Yes,Two year,No,Electronic check,34.58,1651.94,No
3560-Q157,Female,0,Yes,No,8,Yes,No phone service,Fiber optic,Yes,No internet service,No,No internet service,Yes,Yes,Two year,No,Electronic check,57.04,463.68,No
7412-I606,Female,1,No,Yes,56,Yes,No,No,Yes,No,No internet service,Yes,No,No internet service,Month-to-month,No,Mailed check,116.07,6488.85,No
7189-T792,Female,0,Yes,No,17,Yes,No phone service,Fiber optic,No,No,No,No internet service,No internet service,No,Two year,Yes,Mailed check,71.05,1217.0,No
6779-Y391,Male,0,No,Yes,69,Yes,No,No,No internet service,No,No internet service,No internet service,No internet service,No internet service,Month-to-month,No,Credit card (automatic),90.54,6248.36,No
6250-B128,Male,0,No,No,12,Yes,No,No,Yes,Yes,No internet service,No,Yes,No,Two year,Yes,Electronic check,27.5,325.5,No
1739-E957,Female,1,Yes,Yes,38,Yes,No phone service,No,No,No,Yes,No internet service,No internet service,No internet service,One year,Yes,Electronic check,101.92,3876.8,No
7003-L928,Female,0,No,No,18,Yes,Yes,No,No internet service,Yes,Yes,Yes,No internet service,No,One year,No,Credit card (automatic),79.03,1438.57,No
1440-Y740,Female,0,Yes,No,26,Yes,Yes,No,No internet service,No,No,Yes,No internet service,No internet service,Month-to-month,Yes,Credit card (automatic),35.9,944.93,No
6591-M199,Female,0,Yes,Yes,37,Yes,No phone service,Fiber optic,No internet service,No internet service,Yes,No,No,No,Month-to-month,No,Mailed check,56.46,2092.66,No
8014-L465,Female,0,Yes,Yes,70,Yes,No phone service,Fiber optic,Yes,No,No internet service,No,No,No internet service,Month-to-month,No,Bank transfer (automatic),26.59,1870.66,No
7749-L157,Female,0,Yes,Yes,41,Yes,No phone service,No,Yes,Yes,No,Yes,No,No,Two year,No,Mailed check,96.34,3945.71,No
5001-H340,Male,0,No,No,42,No,Yes,Fiber optic,No internet service,No,Yes,No,No,Yes,Month-to-month,No,Credit card (automatic),93.11,3904.32,No
6113-S186,Male,0,Yes,No,41,Yes,Yes,No,No internet service,Yes,Yes,No internet service,Yes,No,One year,No,Bank transfer (automatic),67.52,2775.44,No
2073-J217,Male,1,No,No,47,Yes,No phone service,Fiber optic,No,No,Yes,Yes,No internet service,No,Two year,Yes,Credit card (automatic),63.68,2995.34,No
6531-F120,Female,0,No,No,14,Yes,Yes,No,No,Yes,No internet service,No,No,No internet service,Month-to-month,Yes,Electronic check,64.82,904.58,No
9821-K138,Female,0,No,Yes,1,Yes,No,DSL,No internet service,Yes,Yes,Yes,Yes,Yes,One year,No,Credit card (automatic),22.02,30.09,No
8551-V984,Female,0,Yes,Yes,17,Yes,Yes,DSL,No,No,No,No internet service,No,No internet service,Month-to-month,Yes,Bank transfer (automatic),55.26,939.86,No
7921-S627,Female,0,No,Yes,55,No,Yes,No,No internet service,No,No,No,Yes,No,Month-to-month,Yes,Bank transfer (automatic),31.16,1726.64,No
7900-I120,Female,0,Yes,Yes,53,Yes,No phone service,Fiber optic,No,No internet service,No,Yes,No,No,Two year,Yes,Electronic check,36.82,1930.31,No
8695-S122,Female,0,No,No,31,Yes,No,No,No internet service,No internet service,No internet service,No internet service,No,No,One year,Yes,Electronic check,114.94,3558.08,No
6185-M684,Male,0,Yes,No,62,Yes,No phone service,Fiber optic,Yes,No internet service,Yes,No,No internet service,No,Month-to-month,No,Bank transfer (automatic),44.56,2771.95,No
7394-K686,Male,0,Yes,Yes,8,Yes,Yes,No,No internet service,Yes,No,Yes,No,No internet service,Month-to-month,Yes,Mailed check,66.85,551.32,No
2601-Z600,Female,0,Yes,No,30,Yes,No,No,Yes,Yes,Yes,No internet service,No,Yes,Two year,No,Credit card (automatic),107.47,3237.37,No
2639-W791,Male,0,Yes,Yes,66,Yes,No phone service,Fiber optic,No internet service,No internet service,Yes,No internet service,Yes,No,Month-to-month,No,Mailed check,59.81,3941.13,No
4373-K608,Female,0,No,No,45,Yes,Yes,Fiber optic,Yes,No internet service,No,No internet service,No internet service,No internet service,Month-to-month,No,Electronic check,71.38,3224.77,No
9237-Z883,Male,0,No,No,18,Yes,No,No,No,No,No internet service,No internet service,No internet service,No internet service,Two year,Yes,Credit card (automatic),35.21,615.66,No
6563-F729,Female,0,Yes,No,45,Yes,No phone service,DSL,Yes,No internet service,No,No internet service,Yes,No internet service,Two year,Yes,Credit card (automatic),46.9,2101.3,No
5907-L546,Female,1,No,No,19,Yes,No,DSL,No,Yes,No,No,No,No internet service,One year,Yes,Electronic check,69.11,1310.51,No
4305-P750,Male,1,Yes,No,68,Yes,Yes,DSL,No internet service,No,No internet service,No internet service,Yes,No internet service,Month-to-month,Yes,Mailed check,54.92,3739.1,No
2234-R319,Male,0,Yes,No,50,Yes,No phone service,DSL,No,No internet service,Yes,No,No,No,Month-to-month,Yes,Mailed check,22.09,1094.69,No
5708-I148,Female,0,No,Yes,25,No,Yes,DSL,No,No internet service,Yes,No,No,No,One year,Yes,Electronic check,58.53,1461.87,No
5871-S511,Female,0,Yes,No,38,Yes,No,Fiber optic,No,No internet service,No internet service,Yes,No internet service,Yes,Month-to-month,No,Mailed check,100.17,3820.09,No
4700-T860,Male,1,Yes,Yes,36,Yes,Yes,DSL,No internet service,No,No,Yes,No,Yes,One year,Yes,Bank transfer (automatic),29.91,1065.01,No
2506-W964,Male,0,Yes,Yes,68,Yes,No,Fiber optic,Yes,No,No internet service,No,No internet service,Yes,One year,Yes,Electronic check,20.13,1356.31,No
2552-S444,Female,0,Yes,Yes,56,Yes,No phone service,DSL,No,No,No,No internet service,No internet service,Yes,Two year,Yes,Bank transfer (automatic),30.18,1682.18,No
5478-C680,Male,0,Yes,Yes,39,Yes,Yes,Fiber optic,No internet service,No internet service,No internet service,No internet service,Yes,No internet service,Month-to-month,No,Bank transfer (automatic),87.28,3427.8,No
9700-P537,Female,1,No,Yes,63,No,No phone service,DSL,No,No,Yes,No,No,No internet service,Month-to-month,No,Bank transfer (automatic),98.11,6185.12,No
4436-L914,Female,0,No,Yes,7,Yes,No phone service,DSL,Yes,No,No internet service,No internet service,Yes,No internet service,Month-to-month,No,Credit card (automatic),23.15,153.47,No
2256-U943,Female,0,No,No,58,Yes,No phone service,Fiber optic,No,No,No internet service,No,Yes,No internet service,One year,Yes,Bank transfer (automatic),107.45,6241.29,No
5945-Q923,Female,0,Yes,No,59,Yes,No phone service,Fiber optic,No,No,No,Yes,Yes,No internet service,One year,Yes,Mailed check,81.3,4778.34,No
5913-N779,Male,0,Yes,No,48,Yes,Yes,No,No,Yes,No,No internet service,Yes,No internet service,Month-to-month,No,Electronic check,70.32,3374.05,No
9846-K304,Male,0,Yes,Yes,5,Yes,Yes,DSL,Yes,No internet service,No,No internet service,No internet service,No internet service,Month-to-month,No,Mailed check,43.74,220.04,No
7788-M357,Male,0,Yes,Yes,36,No,No phone service,DSL,Yes,No,No internet service,No internet service,No internet service,No internet service,One year,No,Bank transfer (automatic),55.61,2013.08,No
9443-O787,Male,0,Yes,Yes,25,Yes,No phone service,Fiber optic,No internet service,Yes,No internet service,Yes,No internet service,Yes,Two year,No,Bank transfer (automatic),113.42,2821.1,No
9971-F119,Male,0,Yes,No,45,Yes,No,Fiber optic,No,Yes,No,No internet service,No internet service,No,One year,No,Bank transfer (automatic),109.86,4956.54,No
9457-F690,Male,0,No,No,19,Yes,No phone service,DSL,No,No internet service,Yes,No,No,Yes,One year,Yes,Bank transfer (automatic),81.11,1551.35,No
9178-G776,Male,0,Yes,No,7,Yes,No,DSL,No,No internet service,No,No internet service,No internet service,No internet service,Two year,Yes,Electronic check,76.43,548.37,No
8656-I753,Female,0,No,Yes,58,Yes,No,Fiber optic,No,No,No internet service,No,No,No internet service,Month-to-month,Yes,Electronic check,39.41,2273.78,No
9728-Z729,Male,0,Yes,Yes,66,No,No phone service,Fiber optic,Yes,No internet service,No internet service,No internet service,Yes,No internet service,Month-to-month,Yes,Credit card (automatic),114.05,7544.65,No
8106-S844,Male,0,No,Yes,39,Yes,Yes,DSL,Yes,No internet service,No,No,No,No,Month-to-month,No,Electronic check,94.17,3653.81,No
1981-Q305,Female,0,Yes,No,18,Yes,No,Fiber optic,No,No internet service,No,Yes,No internet service,No internet service,Two year,Yes,Bank transfer (automatic),56.67,1007.54,No
6968-O251,Male,0,No,Yes,1,Yes,Yes,Fiber optic,No,No internet service,No internet service,No internet service,No internet service,No internet service,One year,No,Credit card (automatic),100.24,102.02,No
4938-E864,Male,0,No,Yes,63,Yes,No phone service,DSL,No,No,No internet service,Yes,No internet service,Yes,Month-to-month,No,Bank transfer (automatic),39.54,2487.24,No
5919-N520,Female,1,Yes,Yes,3,Yes,No phone service,No,No,Yes,Yes,Yes,Yes,Yes,Month-to-month,No,Credit card (automatic),39.68,105.63,No
6220-C749,Male,0,Yes,Yes,21,Yes,No phone service,Fiber optic,No internet service,No internet service,No,No internet service,Yes,No internet service,Month-to-month,Yes,Electronic check,97.74,2076.18,No
4335-N373,Male,0,No,No,30,Yes,No phone service,No,No internet service,Yes,No,No internet service,No internet service,No,Month-to-month,Yes,Electronic check,74.46,2216.83,No
5702-U264,Male,0,Yes,No,11,Yes,No,Fiber optic,No,Yes,Yes,No,Yes,No,Month-to-month,No,Electronic check,74.11,797.85,No
5201-V715,Female,0,Yes,Yes,22,Yes,No,No,No,Yes,No internet service,No internet service,No,Yes,Two year,Yes,Credit card (automatic),75.9,1673.06,No
4868-M344,Male,1,Yes,Yes,57,Yes,Yes,Fiber optic,No,No internet service,No internet service,No internet service,No,Yes,Month-to-month,Yes,Mailed check,30.89,1760.19,No
2860-E296,Male,1,No,No,3,Yes,Yes,No,No internet service,No internet service,Yes,No,No,No,Month-to-month,No,Bank transfer (automatic),53.38,145.52,No
1453-H916,Female,0,Yes,No,30,Yes,No,No,Yes,No,No,No,No,Yes,Month-to-month,Yes,Electronic check,75.84,2297.0,No
6087-O597,Male,0,No,Yes,45,Yes,No phone service,Fiber optic,No internet service,No internet service,No internet service,No internet service,No internet service,No internet service,One year,Yes,Electronic check,43.13,1941.88,Yes
8145-N762,Female,0,No,No,36,Yes,Yes,No,No internet service,No internet service,Yes,No internet service,No internet service,No internet service,One year,Yes,Bank transfer (automatic),68.9,2474.71,No
1606-G263,Female,0,Yes,No,72,Yes,No,DSL,No,No internet service,Yes,No internet service,No,No internet service,Month-to-month,No,Mailed check,74.23,5344.55,No
5468-E129,Male,0,No,Yes,64,Yes,Yes,DSL,No,Yes,Yes,Yes,No,No internet service,Two year,Yes,Bank transfer (automatic),113.0,7216.27,No
5233-Z922,Female,0,Yes,No,54,No,No,DSL,Yes,No,No internet service,Yes,No internet service,Yes,One year,Yes,Electronic check,42.95,2330.18,No
5551-V663,Female,0,Yes,No,68,Yes,No phone service,No,No,Yes,No internet service,No internet service,Yes,No internet service,Two year,Yes,Electronic check,62.41,4246.49,No
3883-U972,Male,0,No,No,50,Yes,No,Fiber optic,No,No,Yes,No,No,No internet service,Month-to-month,Yes,Mailed check,116.89,5842.02,No
1691-X597,Female,1,No,No,31,Yes,Yes,No,Yes,No internet service,Yes,No internet service,Yes,No internet service,Month-to-month,No,Credit card (automatic),37.02,1147.61,No
1326-B980,Female,0,No,Yes,29,Yes,No,Fiber optic,No,No internet service,No internet service,No internet service,No internet service,No internet service,Two year,No,Mailed check,96.64,2793.68,No
2375-K716,Male,1,No,No,59,Yes,Yes,No,No,Yes,No internet service,Yes,No,No,Two year,Yes,Bank transfer (automatic),36.05,2138.31,No
5882-C516,Male,0,No,No,36,No,Yes,Fiber optic,No,Yes,No internet service,No internet service,No,No internet service,Two year,No,Electronic check,103.68,3725.95,No
6954-V773,Male,0,Yes,Yes,67,Yes,Yes,No,No internet service,Yes,No internet service,No internet service,Yes,Yes,One year,Yes,Mailed check,67.29,4502.87,No
2479-M959,Female,0,No,No,11,Yes,No phone service,No,No,No,No internet service,Yes,Yes,No internet service,One year,No,Electronic check,115.95,1277.44,No
3302-H214,Male,0,Yes,Yes,11,Yes,No phone service,DSL,No internet service,Yes,Yes,Yes,Yes,No,Two year,Yes,Credit card (automatic),35.34,368.68,No
9196-D634,Female,0,Yes,Yes,26,No,No,No,No,No internet service,No internet service,No,Yes,No internet service,Month-to-month,No,Mailed check,87.39,2277.65,No
9605-I608,Female,0,No,No,53,Yes,No,DSL,No,No,No internet service,No,No,Yes,One year,Yes,Mailed check,88.13,4670.61,No
2478-H714,Female,1,No,No,14,Yes,Yes,Fiber optic,No internet service,No,Yes,No,No internet service,Yes,Two year,Yes,Electronic check,90.5,1272.32,No
3003-Y926,Female,0,No,No,64,Yes,No phone service,Fiber optic,No internet service,No internet service,Yes,No internet service,Yes,No,Month-to-month,Yes,Credit card (automatic),28.4,1815.19,No
6134-K952,Female,0,No,No,10,Yes,No,DSL,No,Yes,No,No,Yes,Yes,Month-to-month,No,Electronic check,47.25,464.08,No
7388-Z866,Female,1,No,No,31,Yes,No,No,Yes,Yes,No internet service,Yes,No internet service,Yes,Month-to-month,No,Bank transfer (automatic),52.22,1619.96,No
4865-N323,Female,0,Yes,Yes,36,Yes,No phone service,Fiber optic,No,No internet service,No,No,No,Yes,Two year,Yes,Bank transfer (automatic),50.84,1840.17,No
3363-D279,Male,0,Yes,No,10,No,Yes,No,No internet service,No internet service,No,No internet service,No internet service,No,One year,Yes,Credit card (automatic),86.09,855.36,No
4507-I550,Male,0,Yes,Yes,26,No,No,No,No,No internet service,Yes,No internet service,No internet service,No,One year,Yes,Bank transfer (automatic),23.76,626.06,No
7690-I983,Female,1,No,No,20,Yes,Yes,No,No,No internet service,Yes,No,Yes,No,Two year,No,Electronic check,91.62,1829.42,No
1916-P646,Female,1,No,Yes,44,Yes,No phone service,Fiber optic,No internet service,No,No,No internet service,No internet service,No,Month-to-month,Yes,Mailed check,71.17,3126.91,No
7139-W215,Male,1,Yes,No,62,Yes,No phone service,Fiber optic,Yes,No,No,No internet service,No internet service,No,Two year,No,Bank transfer (automatic),35.64,2218.54,No
6185-R533,Female,0,No,No,9,Yes,No,No,Yes,Yes,No,No internet service,No,No,Month-to-month,No,Credit card (automatic),40.97,372.19,No
8780-V352,Male,1,No,No,71,Yes,No,DSL,No internet service,No,No,No,Yes,No,One year,Yes,Credit card (automatic),28.06,1978.56,No
5550-Z248,Male,0,No,No,24,Yes,No phone service,DSL,No internet service,No,No internet service,No internet service,Yes,No,Month-to-month,Yes,Electronic check,64.39,1543.35,No
6947-P832,Male,0,Yes,No,12,Yes,Yes,DSL,No,No,No,No,Yes,No,Month-to-month,Yes,Bank transfer (automatic),78.04,924.86,No
7025-J121,Female,0,No,Yes,60,Yes,Yes,No,No internet service,No internet service,Yes,No,No,No internet service,Month-to-month,No,Bank transfer (automatic),76.64,4603.67,No
1570-X778,Female,0,Yes,No,16,Yes,No phone service,DSL,No internet service,No,No,No internet service,No,No,Month-to-month,Yes,Bank transfer (automatic),114.97,1830.42,No
1895-W907,Male,1,No,No,29,No,No,Fiber optic,No,Yes,No,No,No,No internet service,Two year,Yes,Credit card (automatic),47.99,1393.32,No
4926-I665,Male,1,No,No,32,Yes,No phone service,DSL,No,No,Yes,No,No,No,Month-to-month,No,Credit card (automatic),94.84,3040.07,No
7302-J754,Male,0,Yes,Yes,35,Yes,No,DSL,No,No internet service,No,No internet service,Yes,No,Month-to-month,No,Credit card (automatic),90.92,3187.49,No
6945-Z801,Male,0,No,No,43,Yes,Yes,No,Yes,No,Yes,No internet service,Yes,No,Two year,Yes,Mailed check,24.41,1044.16,No
2999-R987,Male,0,No,Yes,53,Yes,No,Fiber optic,Yes,Yes,No internet service,No,No internet service,No internet service,Month-to-month,Yes,Electronic check,111.72,5921.65,No
4872-O497,Female,1,No,No,20,Yes,Yes,Fiber optic,No internet service,No,No internet service,Yes,No,No internet service,Two year,No,Mailed check,111.85,2230.02,No
1128-M361,Male,0,Yes,Yes,8,Yes,No phone service,DSL,No,Yes,Yes,Yes,No internet service,No,Two year,No,Credit card (automatic),58.08,460.4,No
5929-C942,Female,0,No,No,42,Yes,No,No,No internet service,No internet service,No internet service,Yes,No,No,Month-to-month,Yes,Bank transfer (automatic),60.23,2520.17,No
4857-J315,Male,0,No,No,70,Yes,Yes,No,No internet service,Yes,No internet service,Yes,No internet service,No internet service,Month-to-month,No,Bank transfer (automatic),100.62,7043.96,No
3625-O746,Female,0,No,Yes,16,Yes,No,DSL,Yes,Yes,No internet service,No,Yes,No,One year,No,Mailed check,68.0,1092.78,No
6196-Z885,Female,0,No,No,69,No,Yes,Fiber optic,Yes,No internet service,Yes,No internet service,Yes,No,Two year,Yes,Credit card (automatic),98.57,6792.89,No
7656-Z134,Female,1,No,Yes,53,Yes,Yes,Fiber optic,No internet service,Yes,No,Yes,No,No internet service,Month-to-month,Yes,Credit card (automatic),21.88,1151.26,No
5489-C942,Female,0,Yes,No,45,Yes,No phone service,Fiber optic,No,No,No internet service,No internet service,Yes,No internet service,Month-to-month,No,Credit card (automatic),43.4,1968.95,No
9055-P854,Female,0,Yes,No,51,No,No phone service,No,Yes,No,No,Yes,No,No internet service,Two year,Yes,Bank transfer (automatic),27.4,1389.0,No
7765-K834,Female,0,No,Yes,6,Yes,No,DSL,Yes,Yes,No,Yes,No internet service,No,Month-to-month,No,Bank transfer (automatic),63.9,390.59,No
7920-D944,Male,0,No,No,33,Yes,Yes,No,Yes,No,No internet service,Yes,No,No internet service,Month-to-month,No,Credit card (automatic),104.09,3445.04,No
3627-W367,Female,1,Yes,Yes,15,Yes,No phone service,Fiber optic,No internet service,No,No internet service,No internet service,No internet service,No,Two year,No,Mailed check,75.51,1135.5,No
9295-C460,Male,0,No,Yes,14,Yes,No,No,Yes,No internet service,No,No internet service,No internet service,Yes,Two year,No,Electronic check,70.54,991.21,No
7895-T846,Female,0,No,No,39,Yes,No phone service,Fiber optic,No,Yes,No internet service,Yes,No,Yes,Month-to-month,No,Bank transfer (automatic),55.04,2147.28,No
9973-X434,Female,0,No,No,63,Yes,No,DSL,Yes,No,Yes,No internet service,Yes,No,Month-to-month,Yes,Bank transfer (automatic),24.64,1538.68,No
8426-W128,Male,0,No,No,5,Yes,No phone service,Fiber optic,No internet service,Yes,Yes,Yes,No internet service,No,One year,Yes,Electronic check,95.27,487.06,No
1853-U756,Female,0,No,Yes,52,Yes,No phone service,DSL,No internet service,Yes,No internet service,No,Yes,No internet service,Month-to-month,No,Credit card (automatic),75.61,3927.25,No
4010-U554,Male,0,No,Yes,16,Yes,Yes,No,No internet service,No,No,No internet service,No internet service,No,Month-to-month,No,Mailed check,111.81,1797.29,No
3229-A510,Male,0,No,No,38,Yes,Yes,No,No internet service,No internet service,No internet service,Yes,No internet service,No,Two year,Yes,Mailed check,61.66,2342.85,No
4278-U412,Male,0,No,Yes,53,Yes,No phone service,No,No,No internet service,Yes,No,No internet service,No internet service,Two year,Yes,Credit card (automatic),58.6,3110.59,No
6140-S184,Male,0,Yes,Yes,53,Yes,Yes,Fiber optic,No internet service,Yes,No,No,No internet service,No,Month-to-month,Yes,Bank transfer (automatic),116.17,6159.73,No
2815-F355,Female,0,Yes,Yes,46,Yes,No phone service,DSL,Yes,No internet service,No internet service,Yes,No,Yes,One year,Yes,Credit card (automatic),32.44,1487.57,No
9460-W886,Female,0,No,Yes,15,Yes,No,No,No,No,Yes,No,No internet service,No,Month-to-month,No,Bank transfer (automatic),43.61,662.06,No
3131-T802,Male,0,No,No,59,Yes,No phone service,No,No internet service,No,No,No,Yes,No internet service,Month-to-month,No,Mailed check,67.31,3957.93,No
7722-Z427,Female,1,No,No,50,Yes,No phone service,DSL,No internet service,No internet service,Yes,Yes,Yes,No,Month-to-month,Yes,Bank transfer (automatic),70.87,3555.8,No
8397-P994,Female,1,No,No,9,Yes,No,Fiber optic,No,No internet service,No internet service,No,No,No,Month-to-month,No,Mailed check,73.4,671.62,No
3187-I277,Male,0,Yes,Yes,26,Yes,No,No,Yes,Yes,No internet service,No,No internet service,No,One year,No,Mailed check,39.57,1026.17,No
6367-Z388,Female,0,Yes,Yes,3,Yes,Yes,Fiber optic,No,No internet service,Yes,Yes,No,Yes,Two year,Yes,Mailed check,111.4,336.71,No
4254-C524,Male,0,Yes,Yes,47,No,No,Fiber optic,Yes,Yes,Yes,Yes,Yes,No internet service,Month-to-month,No,Bank transfer (automatic),88.95,4178.12,No
7022-F502,Male,0,Yes,Yes,5,Yes,Yes,Fiber optic,Yes,No,Yes,No,No internet service,Yes,Month-to-month,No,Credit card (automatic),44.22,212.8,No
7182-S329,Female,1,No,No,62,No,No phone service,No,No internet service,No internet service,Yes,No internet service,Yes,Yes,Month-to-month,No,Mailed check,47.82,2963.98,No
1339-A671,Female,0,No,Yes,5,Yes,No,No,No,Yes,Yes,Yes,No,No internet service,One year,Yes,Credit card (automatic),106.73,536.38,No
4747-C573,Female,0,No,Yes,10,Yes,No phone service,DSL,No,Yes,No,No internet service,No,No internet service,Month-to-month,Yes,Electronic check,56.48,578.11,No
4248-I818,Male,1,Yes,No,63,Yes,Yes,DSL,No internet service,Yes,No internet service,Yes,Yes,Yes,Month-to-month,No,Electronic check,74.16,4670.09,No
3764-B510,Male,1,No,No,25,Yes,No,Fiber optic,No internet service,Yes,No,No internet service,No internet service,Yes,Month-to-month,Yes,Mailed check,30.35,758.85,No
8027-T366,Female,0,No,No,44,Yes,Yes,No,Yes,No,Yes,Yes,No internet service,No,Month-to-month,Yes,Electronic check,43.55,1929.26,No
3445-C476,Female,0,Yes,Yes,25,Yes,Yes,Fiber optic,No internet service,No internet service,No,No,Yes,No internet service,Month-to-month,No,Mailed check,60.12,1508.08,No
3787-S220,Female,0,Yes,Yes,30,Yes,No,DSL,No,Yes,No internet service,No,Yes,Yes,Month-to-month,Yes,Bank transfer (automatic),84.19,2511.73,No
1231-W638,Female,0,Yes,Yes,14,Yes,No,Fiber optic,No internet service,No internet service,Yes,No internet service,No internet service,No,Two year,Yes,Bank transfer (automatic),46.41,649.44,No
8129-Y564,Male,1,Yes,Yes,43,Yes,Yes,Fiber optic,No internet service,No internet service,Yes,No internet service,Yes,Yes,Two year,No,Bank transfer (automatic),113.8,4901.77,No
9096-D329,Female,1,Yes,Yes,28,Yes,No,No,No internet service,No,No internet service,Yes,No,Yes,Month-to-month,No,Credit card (automatic),40.38,1155.21,No
4328-G982,Male,0,No,Yes,19,Yes,Yes,Fiber optic,No internet service,No internet service,No,Yes,No internet service,No internet service,Month-to-month,Yes,Mailed check,96.53,1835.92,No
5361-J864,Male,0,No,No,42,Yes,No phone service,Fiber optic,No internet service,No,No internet service,No internet service,No internet service,Yes,Month-to-month,Yes,Mailed check,54.89,2284.56,No
9096-M233,Female,1,Yes,Yes,20,Yes,No phone service,No,Yes,No,No internet service,No internet service,No,No internet service,Two year,No,Credit card (automatic),102.01,2021.99,No
8066-G714,Female,0,No,No,11,Yes,No,No,No internet service,Yes,No,No,Yes,Yes,Month-to-month,No,Credit card (automatic),111.02,1214.35,No
4531-J844,Female,0,No,No,54,Yes,No,DSL,No internet service,No,No,No internet service,No internet service,No,One year,No,Electronic check,37.05,1991.22,No
4102-N284,Male,0,No,No,24,Yes,No phone service,No,No,Yes,Yes,No,No internet service,No internet service,Month-to-month,Yes,Electronic check,67.64,1631.64,No
7693-Z249,Female,0,No,Yes,70,Yes,Yes,Fiber optic,No internet service,No,Yes,No internet service,No internet service,No internet service,Month-to-month,Yes,Bank transfer (automatic),33.76,2381.91,No
1471-J368,Female,0,Yes,Yes,17,Yes,Yes,DSL,No,No,Yes,No,Yes,No,Month-to-month,No,Credit card (automatic),89.19,1523.99,No
4858-T561,Male,0,No,No,28,Yes,Yes,DSL,No,No internet service,No internet service,No,No internet service,No internet service,Month-to-month,No,Credit card (automatic),101.89,2861.99,No
5068-L696,Female,0,No,Yes,50,No,No,DSL,No,Yes,No,No,Yes,No,Month-to-month,Yes,Credit card (automatic),57.39,2876.12,No
8506-C110,Male,0,No,Yes,55,Yes,Yes,DSL,No,No internet service,No,Yes,No,No internet service,Month-to-month,Yes,Mailed check,58.12,3200.23,No
8682-E992,Female,0,Yes,No,10,Yes,No,Fiber optic,Yes,No,Yes,No,Yes,No internet service,Month-to-month,No,Electronic check,38.74,379.79,No
6296-W507,Male,0,No,Yes,21,Yes,No,Fiber optic,Yes,Yes,No internet service,No internet service,Yes,No internet service,One year,Yes,Credit card (automatic),49.06,1038.14,No
4476-W492,Female,0,Yes,Yes,58,Yes,No,Fiber optic,No,No,No internet service,No internet service,No,No internet service,One year,Yes,Bank transfer (automatic),50.8,2942.75,No
7935-X711,Female,1,Yes,Yes,34,Yes,No phone service,Fiber optic,Yes,No,No,No internet service,Yes,Yes,One year,Yes,Mailed check,33.89,1160.54,No
5198-C197,Male,0,Yes,Yes,43,Yes,Yes,DSL,Yes,No internet service,No,Yes,No,Yes,Month-to-month,No,Credit card (automatic),49.4,2128.53,No
1962-B440,Male,0,Yes,No,11,Yes,No,Fiber optic,No internet service,Yes,No,No,No internet service,Yes,Month-to-month,No,Electronic check,109.43,1203.73,No
4847-P462,Female,0,No,No,33,Yes,Yes,DSL,Yes,Yes,No,Yes,No,No internet service,Two year,Yes,Credit card (automatic),50.95,1673.92,No
1745-A359,Male,1,Yes,Yes,58,Yes,No phone service,No,No,Yes,No internet service,No,No,Yes,Month-to-month,No,Electronic check,45.83,2657.43,No
9266-T490,Male,0,Yes,Yes,46,Yes,Yes,Fiber optic,No,No,Yes,No internet service,No internet service,No internet service,Two year,No,Electronic check,56.91,2612.04,No
5956-M787,Male,0,Yes,Yes,61,No,No phone service,No,No,Yes,No,No,No internet service,No internet service,Two year,No,Electronic check,114.76,6983.11,No
7076-E672,Male,0,Yes,No,62,Yes,No,No,No,No,No,Yes,Yes,No,Month-to-month,Yes,Bank transfer (automatic),95.09,5884.49,No
1673-S283,Female,0,Yes,Yes,1,Yes,No,Fiber optic,No internet service,No,No,Yes,Yes,No,Two year,No,Bank transfer (automatic),38.52,41.45,No
5264-F615,Female,0,No,Yes,21,Yes,No phone service,DSL,Yes,No,No internet service,Yes,Yes,No,One year,No,Electronic check,93.88,1945.44,No
9074-K998,Male,0,Yes,No,62,No,No,No,No,Yes,Yes,Yes,No internet service,No internet service,One year,Yes,Mailed check,95.26,5929.88,No
8669-E191,Male,0,No,Yes,64,No,Yes,Fiber optic,No internet service,No internet service,No internet service,No internet service,No internet service,No,Two year,Yes,Credit card (automatic),113.74,7274.32,No
6198-W643,Male,0,No,No,56,Yes,Yes,No,No,No,Yes,Yes,No internet service,No,Month-to-month,No,Mailed check,107.81,6045.94,No
8093-E366,Male,0,Yes,Yes,1,Yes,No phone service,No,Yes,No internet service,No internet service,Yes,Yes,No internet service,One year,No,Mailed check,27.82,6.2,No
2914-K145,Female,0,No,No,21,Yes,Yes,Fiber optic,No internet service,Yes,No,Yes,No internet service,No internet service,One year,No,Credit card (automatic),63.93,1332.73,No
3095-P992,Female,0,No,Yes,22,Yes,No,No,Yes,Yes,No,No internet service,No internet service,Yes,One year,Yes,Bank transfer (automatic),88.9,1966.41,No
5603-X469,Male,0,No,Yes,54,Yes,No,DSL,No internet service,Yes,Yes,No,No,No internet service,One year,No,Mailed check,116.07,6271.95,No
8046-J997,Male,0,Yes,No,4,Yes,No,DSL,No,Yes,No internet service,No internet service,No,Yes,Month-to-month,Yes,Mailed check,26.81,103.28,No
5312-T949,Male,0,Yes,No,65,No,Yes,No,No,Yes,Yes,No internet service,No internet service,No internet service,Month-to-month,Yes,Credit card (automatic),55.26,3611.78,No
5321-Q420,Female,0,Yes,No,51,Yes,No,No,Yes,No internet service,No internet service,No internet service,Yes,No,Two year,Yes,Mailed check,67.72,3439.59,No
8139-F423,Male,1,Yes,No,63,Yes,Yes,Fiber optic,Yes,Yes,No,No,No,No internet service,Month-to-month,No,Mailed check,59.78,3777.09,No
9049-Y254,Female,1,Yes,No,15,Yes,No phone service,DSL,No internet service,Yes,Yes,Yes,No internet service,Yes,Month-to-month,No,Bank transfer (automatic),64.06,956.61,No
8208-B293,Male,0,Yes,Yes,36,Yes,No,No,Yes,Yes,Yes,No internet service,No,No internet service,Month-to-month,No,Mailed check,55.34,1983.76,No
3435-B335,Female,0,Yes,No,29,Yes,No phone service,DSL,Yes,Yes,No,Yes,No,No internet service,Month-to-month,Yes,Electronic check,115.8,3338.53,No
4000-B581,Male,0,No,No,52,Yes,Yes,No,No,Yes,No,Yes,Yes,No,Month-to-month,Yes,Bank transfer (automatic),98.98,5128.73,No
5263-F822,Female,1,No,No,46,Yes,Yes,Fiber optic,No,No,No,No,No internet service,No internet service,Month-to-month,No,Credit card (automatic),92.28,4246.28,No
8653-N218,Male,0,Yes,No,69,Yes,No phone service,Fiber optic,No,No,No,No,No internet service,No,Month-to-month,No,Credit card (automatic),59.53,4108.33,No
9108-B552,Male,0,No,Yes,29,Yes,No,DSL,No,No internet service,No,No internet service,Yes,Yes,Two year,Yes,Credit card (automatic),106.84,3090.75,No
6841-W674,Male,0,Yes,Yes,47,Yes,No,DSL,No,Yes,No,No,Yes,No internet service,Month-to-month,No,Mailed check,27.63,1296.57,No
8949-O604,Female,0,Yes,Yes,25,Yes,No,No,No,No internet service,No internet service,No,Yes,Yes,One year,No,Credit card (automatic),32.66,815.01,No
2843-X987,Male,1,Yes,Yes,16,Yes,No phone service,No,No,No internet service,No internet service,No,No internet service,No internet service,Month-to-month,Yes,Electronic check,114.13,1821.38,No
3425-D457,Female,0,No,Yes,41,Yes,Yes,No,No internet service,Yes,Yes,Yes,No,No,Two year,Yes,Bank transfer (automatic),75.23,3074.42,No
2533-G989,Female,0,Yes,No,65,Yes,No phone service,DSL,No,Yes,No internet service,No,No internet service,No internet service,One year,No,Electronic check,34.28,2233.48,No
5654-F954,Male,1,Yes,Yes,69,Yes,Yes,Fiber optic,No,No,Yes,No internet service,No internet service,No,Month-to-month,Yes,Credit card (automatic),113.64,7853.62,No
3757-X620,Male,0,Yes,Yes,20,Yes,No,Fiber optic,No,Yes,No internet service,No,Yes,Yes,Month-to-month,Yes,Mailed check,116.22,2328.15,No
5469-S779,Male,0,Yes,No,69,No,No,DSL,No,No,No internet service,No internet service,Yes,Yes,Two year,No,Mailed check,106.84,7376.32,No
4479-S104,Female,0,No,No,36,Yes,Yes,Fiber optic,No,No internet service,No,No internet service,Yes,No,One year,Yes,Credit card (automatic),42.23,1527.84,No
9618-Y684,Male,1,Yes,Yes,58,Yes,No,DSL,Yes,No internet service,No internet service,No,No internet service,No internet service,Two year,No,Credit card (automatic),46.24,2679.59,No
3958-N178,Female,0,No,Yes,48,Yes,No phone service,No,Yes,No,No internet service,Yes,Yes,No,Month-to-month,Yes,Credit card (automatic),59.15,2832.77,No
5033-Y610,Female,0,No,No,2,Yes,Yes,DSL,No,No,No internet service,No internet service,Yes,No,Two year,No,Mailed check,76.47,133.04,No
2545-K126,Male,0,Yes,Yes,29,Yes,No,Fiber optic,No,Yes,No,No internet service,No,No,Month-to-month,Yes,Electronic check,117.96,3415.31,No
5657-V796,Male,0,Yes,No,16,Yes,No,DSL,No,No,No,No internet service,No,No,Month-to-month,Yes,Bank transfer (automatic),114.34,1823.14,No
2998-M482,Male,0,No,No,35,Yes,No,DSL,No internet service,No,No internet service,No,Yes,Yes,Month-to-month,Yes,Credit card (automatic),110.82,3868.18,No
2737-K257,Male,0,No,Yes,62,Yes,No,DSL,No,Yes,Yes,No internet service,No,No,Month-to-month,No,Electronic check,27.22,1689.99,No
1473-C571,Male,0,No,Yes,4,No,Yes,DSL,No internet service,No internet service,No internet service,No,No internet service,No,One year,Yes,Electronic check,94.35,,No
8861-O743,Male,1,No,Yes,68,No,Yes,Fiber optic,No internet service,No,No,No internet service,No,Yes,Two year,Yes,Electronic check,106.37,7237.43,No
5412-T773,Female,0,Yes,No,51,Yes,No,No,No,Yes,No,Yes,Yes,Yes,Two year,Yes,Credit card (automatic),51.74,2627.49,No
1095-K144,Female,0,No,No,33,Yes,No phone service,Fiber optic,Yes,Yes,Yes,No internet service,No internet service,Yes,One year,Yes,Mailed check,40.32,1315.32,No
8423-K849,Female,0,No,Yes,24,Yes,No phone service,Fiber optic,No,No,No,No,No internet service,No internet service,Month-to-month,No,Electronic check,93.47,2249.96,No
3118-G983,Male,0,No,Yes,25,Yes,No phone service,No,No,No internet service,No,No,No,No internet service,Two year,Yes,Electronic check,27.38,692.76,No
1797-Z759,Female,1,No,Yes,28,Yes,No phone service,Fiber optic,Yes,Yes,No internet service,No internet service,Yes,Yes,One year,Yes,Electronic check,112.81,,No
5635-K917,Female,0,Yes,No,7,No,Yes,No,Yes,No,Yes,No,Yes,No,Two year,Yes,Bank transfer (automatic),33.94,234.01,No
1909-X172,Female,0,Yes,No,36,Yes,Yes,No,No,No internet service,No,Yes,No,No,Two year,Yes,Electronic check,64.23,2315.02,No
9964-T490,Female,0,Yes,No,10,Yes,No phone service,DSL,No,No,No,No,No,Yes,Month-to-month,No,Electronic check,117.02,1176.0,No
2516-M361,Female,0,No,Yes,36,Yes,Yes,Fiber optic,No internet service,Yes,No internet service,No internet service,No,Yes,Month-to-month,Yes,Mailed check,117.57,4214.95,No
3916-H889,Male,0,No,No,18,Yes,No phone service,No,Yes,Yes,No internet service,Yes,Yes,No internet service,Month-to-month,No,Electronic check,96.24,1742.17,No
7535-C121,Male,0,Yes,No,6,Yes,No,Fiber optic,No internet service,Yes,No internet service,No,No,Yes,Two year,No,Electronic check,102.59,602.25,No
4411-F497,Female,0,Yes,Yes,7,Yes,No,Fiber optic,No internet service,No,No internet service,No internet service,No,No internet service,Two year,No,Credit card (automatic),115.45,794.12,No
7592-J762,Female,0,No,No,12,Yes,No phone service,No,No internet service,Yes,Yes,No,No,Yes,One year,Yes,Mailed check,111.46,1333.38,No
3525-D405,Female,0,Yes,Yes,41,Yes,Yes,DSL,No internet service,No,No internet service,No internet service,Yes,No,Month-to-month,No,Electronic check,80.77,3307.24,No
9042-Z542,Male,0,No,No,63,Yes,No phone service,No,Yes,No internet service,Yes,No,No internet service,Yes,Month-to-month,Yes,Electronic check,92.08,5801.32,No
6080-V717,Male,1,No,Yes,25,Yes,Yes,DSL,Yes,No internet service,No,No,Yes,No,Two year,No,Bank transfer (automatic),77.92,1949.57,No
3151-L781,Female,0,No,Yes,53,Yes,No,No,Yes,No internet service,No,Yes,Yes,Yes,Month-to-month,Yes,Bank transfer (automatic),69.15,,No
2574-L624,Male,0,No,No,33,No,Yes,No,No,No internet service,No internet service,Yes,No internet service,No internet service,One year,Yes,Electronic check,106.77,3514.29,No
4274-P556,Male,0,No,Yes,6,Yes,No phone service,DSL,No internet service,Yes,No internet service,No,Yes,Yes,Two year,Yes,Bank transfer (automatic),92.42,565.17,No
7358-P374,Female,0,No,No,62,Yes,No,DSL,No,Yes,No internet service,No internet service,No internet service,No,Two year,No,Electronic check,104.66,6474.14,No
7931-C874,Male,0,Yes,Yes,66,Yes,No,Fiber optic,Yes,No,No,No internet service,No internet service,No,One year,Yes,Credit card (automatic),27.89,1828.37,No
7922-Z477,Male,1,Yes,Yes,9,No,Yes,No,Yes,No internet service,No,No,No internet service,No,Month-to-month,No,Bank transfer (automatic),76.19,676.31,No
4053-N745,Female,0,Yes,Yes,67,Yes,No,Fiber optic,No,No internet service,No,No,No internet service,Yes,One year,Yes,Credit card (automatic),51.37,3422.49,No
7979-C141,Male,1,No,No,16,Yes,No,Fiber optic,No internet service,No,Yes,Yes,Yes,No internet service,Month-to-month,Yes,Electronic check,69.85,1122.08,No
9410-K574,Male,0,Yes,Yes,55,Yes,Yes,DSL,Yes,No,No,No,No internet service,No internet service,One year,Yes,Bank transfer (automatic),79.85,4403.95,No
4673-U802,Female,0,No,Yes,40,Yes,No,DSL,No internet service,No,No internet service,No,No,No internet service,Month-to-month,No,Electronic check,103.25,4139.07,No
3540-P639,Male,1,No,No,26,No,No phone service,Fiber optic,No internet service,No,Yes,No internet service,No internet service,No,Two year,No,Mailed check,21.45,542.28,No
9596-C397,Male,0,No,Yes,38,Yes,Yes,DSL,Yes,No internet service,Yes,Yes,No internet service,No,Two year,Yes,Credit card (automatic),34.73,1342.54,No
8671-N181,Female,1,No,Yes,35,Yes,Yes,No,No,Yes,Yes,Yes,Yes,No internet service,Two year,Yes,Mailed check,110.86,3881.22,No
8825-J252,Female,0,Yes,Yes,68,No,Yes,DSL,No internet service,No internet service,No,No,No,No internet service,Month-to-month,Yes,Credit card (automatic),115.46,7866.73,No
3093-V407,Female,1,Yes,Yes,59,Yes,Yes,DSL,No,No,No,Yes,No internet service,Yes,Month-to-month,Yes,Electronic check,23.82,1403.99,No
5073-Q537,Male,0,Yes,No,14,Yes,No phone service,No,No internet service,Yes,No,No internet service,No,Yes,Month-to-month,Yes,Bank transfer (automatic),51.59,720.97,No
5841-S148,Female,0,No,Yes,47,Yes,Yes,DSL,No internet service,No internet service,No,No,No internet service,Yes,Month-to-month,Yes,Mailed check,19.23,,No
2253-B625,Male,0,Yes,Yes,71,Yes,No phone service,Fiber optic,Yes,No,No internet service,No,Yes,No internet service,Month-to-month,No,Bank transfer (automatic),94.37,6720.93,No
2763-Q535,Female,0,Yes,No,72,Yes,Yes,Fiber optic,No,Yes,Yes,No internet service,No,No internet service,One year,Yes,Bank transfer (automatic),86.78,6262.04,No
7766-D575,Male,0,Yes,Yes,42,Yes,Yes,Fiber optic,No internet service,Yes,Yes,Yes,No,No internet service,Month-to-month,No,Mailed check,75.01,3149.84,No
5151-L360,Female,0,No,Yes,51,No,No,DSL,No,No,Yes,Yes,Yes,No,Month-to-month,No,Mailed check,87.76,4472.55,No
2339-Y615,Female,0,Yes,No,19,No,No,DSL,No internet service,Yes,Yes,No internet service,Yes,No internet service,One year,Yes,Bank transfer (automatic),72.3,1381.15,No
1266-D858,Female,0,No,No,66,Yes,No phone service,DSL,No,No internet service,Yes,No internet service,Yes,Yes,Month-to-month,Yes,Electronic check,42.25,2769.86,No
8583-F905,Female,0,Yes,No,47,Yes,No,Fiber optic,No,No internet service,No internet service,No internet service,Yes,Yes,Month-to-month,No,Mailed check,94.06,4399.08,No
3985-M146,Male,0,No,No,65,Yes,Yes,DSL,Yes,No internet service,No internet service,No internet service,No,No,Month-to-month,No,Electronic check,96.97,6292.69,No
2364-N997,Female,0,Yes,Yes,42,Yes,No phone service,No,No internet service,Yes,Yes,Yes,Yes,Yes,One year,No,Electronic check,104.1,4375.96,No
5876-K701,Female,0,Yes,No,38,No,No,DSL,No internet service,Yes,Yes,Yes,No,Yes,One year,Yes,Mailed check,114.13,4347.55,No
8454-Y786,Male,0,Yes,Yes,13,Yes,Yes,Fiber optic,No internet service,No,No,No internet service,No internet service,No,Month-to-month,Yes,Electronic check,93.38,1201.5,No
8371-T927,Female,0,No,No,44,No,No,No,No internet service,No,Yes,No internet service,No internet service,Yes,Month-to-month,No,Credit card (automatic),23.73,1059.5,No
5342-K992,Male,0,Yes,Yes,24,No,No,No,Yes,Yes,No internet service,No,Yes,No,Month-to-month,No,Electronic check,20.34,482.8,No
4066-G289,Female,1,Yes,No,30,Yes,No,Fiber optic,Yes,No internet service,No,No,Yes,Yes,Month-to-month,Yes,Electronic check,92.61,2782.57,No
2281-X718,Female,1,No,No,70,Yes,No,No,No internet service,Yes,No internet service,Yes,No,No,Month-to-month,No,Electronic check,23.88,1666.2,No
5248-V208,Female,0,No,Yes,38,No,Yes,No,No,No internet service,No,No,No,No,Two year,Yes,Bank transfer (automatic),50.0,1898.83,No
8107-R118,Male,0,No,No,23,Yes,No,No,Yes,No,No,No,No internet service,No internet service,Month-to-month,Yes,Electronic check,31.93,752.45,No
1095-M219,Female,0,No,No,57,Yes,No phone service,No,No,Yes,Yes,No,No,No,Month-to-month,No,Electronic check,115.62,6584.98,No
1217-F771,Female,0,Yes,No,23,Yes,No phone service,No,No,Yes,No internet service,Yes,Yes,Yes,Month-to-month,Yes,Electronic check,50.05,1141.74,No
8817-O808,Female,0,Yes,Yes,36,Yes,No,DSL,No,Yes,No internet service,No,No internet service,No internet service,Month-to-month,Yes,Electronic check,23.79,863.11,No
7637-V862,Male,0,No,No,57,Yes,No phone service,Fiber optic,No internet service,No internet service,Yes,No internet service,No internet service,No internet service,Month-to-month,No,Bank transfer (automatic),113.69,6490.07,No
8974-J733,Male,0,Yes,No,1,Yes,No,Fiber optic,Yes,No,No,Yes,Yes,No internet service,Month-to-month,Yes,Bank transfer (automatic),79.43,64.35,No
6910-W789,Female,0,No,Yes,72,Yes,Yes,DSL,No internet service,No internet service,No,No,No,No,Month-to-month,Yes,Bank transfer (automatic),21.88,1579.03,No
7471-Z409,Male,0,Yes,Yes,3,Yes,Yes,DSL,No,No,No internet service,Yes,Yes,No,Two year,No,Mailed check,102.0,311.37,No
2435-E238,Female,1,No,No,14,Yes,No phone service,Fiber optic,No internet service,No internet service,Yes,No,No,No internet service,Two year,Yes,Mailed check,33.58,487.57,No
1227-G214,Female,0,Yes,Yes,34,Yes,No phone service,Fiber optic,No,No,Yes,Yes,No internet service,No,One year,Yes,Bank transfer (automatic),98.89,3358.24,No
1260-W292,Female,1,No,Yes,70,Yes,No,DSL,No internet service,No internet service,No internet service,No internet service,Yes,Yes,Month-to-month,Yes,Mailed check,78.83,5531.57,No
1439-G592,Female,1,No,Yes,69,No,No,DSL,No internet service,Yes,No,No,No internet service,Yes,Month-to-month,No,Bank transfer (automatic),36.05,2489.06,No
3378-U347,Female,0,Yes,No,51,Yes,No,No,Yes,No internet service,No,No,No internet service,Yes,One year,Yes,Electronic check,93.89,4785.4,No
8139-U978,Female,0,Yes,No,29,Yes,Yes,DSL,Yes,Yes,Yes,Yes,Yes,No,Month-to-month,No,Bank transfer (automatic),63.93,1846.54,No
9824-G188,Female,0,Yes,Yes,48,No,No,DSL,No,Yes,No,No internet service,No internet service,Yes,Month-to-month,Yes,Bank transfer (automatic),82.38,3959.21,No
5930-Y574,Male,1,No,No,16,Yes,Yes,No,No,Yes,No,No,No,Yes,One year,No,Mailed check,105.64,1678.56,No
3427-P532,Male,1,Yes,Yes,57,Yes,No phone service,No,No,No internet service,No,No internet service,Yes,No,Month-to-month,No,Bank transfer (automatic),44.41,2520.45,No
1357-D270,Male,0,No,No,10,Yes,Yes,Fiber optic,No internet service,Yes,No internet service,No,No,No,Month-to-month,Yes,Credit card (automatic),55.03,556.35,Yes
3497-X819,Male,0,Yes,Yes,19,No,No phone service,Fiber optic,No,No internet service,Yes,No internet service,No,Yes,Month-to-month,No,Electronic check,118.48,2269.59,No
8295-P582,Male,0,Yes,No,67,Yes,Yes,DSL,Yes,No,No internet service,No,No,No internet service,One year,Yes,Bank transfer (automatic),69.32,4630.25,No
1321-O699,Male,0,No,Yes,36,Yes,Yes,No,No,No internet service,No internet service,Yes,Yes,No internet service,One year,Yes,Bank transfer (automatic),74.38,2670.36,No
4975-G401,Male,0,No,No,4,Yes,No,No,No,No internet service,No,Yes,No,No,One year,No,Bank transfer (automatic),46.94,190.69,No
7418-B441,Female,1,Yes,No,33,Yes,No phone service,Fiber optic,No internet service,No internet service,Yes,No internet service,Yes,No,Month-to-month,Yes,Bank transfer (automatic),60.06,1976.45,No
1129-D745,Female,0,No,Yes,28,Yes,Yes,Fiber optic,Yes,No,No,No,No,No,One year,No,Mailed check,68.66,1903.68,No
8074-N968,Female,0,No,No,9,Yes,Yes,DSL,No,No,Yes,No,Yes,No internet service,Two year,Yes,Mailed check,44.22,389.43,No
9121-X692,Female,0,Yes,No,6,Yes,No phone service,No,Yes,No,No,No internet service,No,Yes,One year,No,Credit card (automatic),42.18,,No
5764-B599,Male,0,No,No,49,Yes,Yes,Fiber optic,No,Yes,Yes,No,No internet service,No internet service,Month-to-month,No,Mailed check,78.6,3848.6,No
7548-P625,Male,0,Yes,No,22,Yes,No phone service,DSL,Yes,No internet service,Yes,Yes,No,No,One year,Yes,Credit card (automatic),36.71,811.29,No
8993-H831,Female,0,Yes,No,48,Yes,No phone service,DSL,No,No internet service,No,No,No internet service,No internet service,One year,Yes,Credit card (automatic),73.87,3532.12,No
1994-Q119,Female,1,No,No,21,Yes,No phone service,DSL,No,Yes,No,Yes,No internet service,No,Two year,Yes,Bank transfer (automatic),89.22,1876.98,No
7914-S423,Male,1,Yes,No,33,Yes,Yes,Fiber optic,No internet service,Yes,No internet service,No internet service,No,Yes,One year,Yes,Credit card (automatic),38.17,1238.66,No
2040-I763,Female,0,No,No,56,No,Yes,Fiber optic,No internet service,No internet service,No internet service,No,No,No,One year,No,Electronic check,93.21,5227.57,No
7834-P219,Female,1,Yes,Yes,29,Yes,No,Fiber optic,Yes,Yes,Yes,No internet service,No internet service,Yes,One year,Yes,Mailed check,54.4,1591.28,No
9106-T761,Female,0,No,No,53,Yes,No phone service,Fiber optic,Yes,Yes,No,Yes,Yes,Yes,Month-to-month,No,Credit card (automatic),118.0,6240.07,No
6681-O814,Female,0,No,Yes,40,Yes,Yes,Fiber optic,Yes,No,No,No internet service,No,No internet service,Month-to-month,No,Electronic check,116.65,4660.28,No
8147-A265,Male,0,No,No,18,Yes,Yes,No,Yes,Yes,No internet service,No internet service,No internet service,No,Month-to-month,Yes,Mailed check,98.51,1758.36,No
5718-X296,Female,0,No,Yes,47,Yes,No phone service,No,No internet service,Yes,No,No,Yes,No internet service,Month-to-month,Yes,Electronic check,52.69,2477.35,No
8688-L548,Female,1,No,No,13,No,No phone service,No,Yes,No internet service,Yes,No internet service,No,No,One year,No,Bank transfer (automatic),112.44,1463.25,No
4802-Q324,Male,0,Yes,Yes,27,Yes,No phone service,No,No,Yes,Yes,No internet service,Yes,No,Month-to-month,No,Bank transfer (automatic),118.63,3189.63,No
6556-T973,Male,0,Yes,Yes,62,Yes,No,DSL,No,Yes,Yes,No,No internet service,No,Month-to-month,Yes,Mailed check,64.71,4006.23,No
8675-E400,Female,0,No,No,45,Yes,No,DSL,No,Yes,No internet service,No internet service,No,No internet service,Month-to-month,Yes,Credit card (automatic),80.02,3611.67,No
7395-N953,Male,0,Yes,Yes,3,Yes,No,No,No internet service,No,Yes,Yes,Yes,No internet service,Month-to-month,No,Electronic check,18.85,62.11,No
6902-Z583,Female,0,No,No,22,Yes,No phone service,Fiber optic,Yes,No internet service,No internet service,No,No,No,One year,Yes,Bank transfer (automatic),22.63,499.82,No
3654-T312,Female,0,No,No,27,Yes,Yes,No,No,No,No internet service,Yes,Yes,No internet service,One year,No,Credit card (automatic),68.56,1862.1,No
5627-W867,Male,0,Yes,Yes,55,Yes,No phone service,No,No,Yes,Yes,No,Yes,No,Two year,No,Bank transfer (automatic),79.49,4390.0,No
2412-V594,Female,0,Yes,No,67,Yes,Yes,DSL,No internet service,No internet service,No internet service,No internet service,No,No internet service,Month-to-month,No,Bank transfer (automatic),49.65,3327.93,No
3115-F304,Female,1,No,Yes,33,Yes,No,Fiber optic,No internet service,No internet service,No internet service,Yes,No,No internet service,Month-to-month,Yes,Credit card (automatic),28.21,934.0,No
3561-T603,Female,0,No,Yes,2,Yes,No,DSL,No internet service,Yes,Yes,Yes,No,Yes,Two year,No,Mailed check,96.87,190.91,No
2653-Z525,Female,0,No,No,46,Yes,No,Fiber optic,No,No,Yes,Yes,No internet service,No internet service,Month-to-month,Yes,Credit card (automatic),60.34,2777.34,No
9089-J340,Male,0,No,No,33,Yes,Yes,DSL,No internet service,Yes,No internet service,No internet service,No,No,One year,Yes,Electronic check,83.46,2747.13,No
4431-R148,Male,0,No,No,58,Yes,Yes,No,No,No,No internet service,Yes,Yes,No internet service,One year,No,Mailed check,83.6,4831.94,No
1297-L367,Female,0,No,No,7,Yes,No phone service,Fiber optic,Yes,Yes,No,Yes,No,No internet service,Month-to-month,No,Electronic check,73.21,520.46,No
6849-V262,Male,0,Yes,No,15,Yes,No phone service,DSL,No,No internet service,Yes,No internet service,No internet service,No,Month-to-month,Yes,Mailed check,36.19,549.82,No
3862-Q132,Female,1,No,Yes,26,Yes,No phone service,No,Yes,No internet service,No,No internet service,No internet service,No internet service,Month-to-month,Yes,Bank transfer (automatic),80.17,2085.12,No
2043-K540,Female,0,No,Yes,11,Yes,No,DSL,No,No,No internet service,No internet service,No,Yes,Two year,Yes,Credit card (automatic),50.62,558.08,No
2867-T332,Female,1,Yes,No,38,Yes,No phone service,DSL,Yes,Yes,No,Yes,Yes,Yes,Month-to-month,Yes,Electronic check,100.57,3814.7,No
2977-R329,Female,1,No,No,27,Yes,No,DSL,No,No,No internet service,Yes,No internet service,Yes,Month-to-month,No,Mailed check,37.67,1029.12,No
8968-I448,Female,0,No,No,7,No,Yes,No,No,No internet service,No,Yes,Yes,Yes,Month-to-month,Yes,Bank transfer (automatic),47.51,320.42,No
6820-Y147,Male,0,Yes,Yes,1,No,No,Fiber optic,No,No internet service,No internet service,No,No internet service,No,Month-to-month,Yes,Bank transfer (automatic),62.5,76.59,No
5382-E973,Female,0,No,Yes,21,Yes,No,DSL,No,No,No internet service,Yes,No internet service,No,One year,Yes,Credit card (automatic),92.62,1950.86,No
9444-T785,Male,1,Yes,Yes,30,Yes,No,No,No internet service,No,No internet service,Yes,Yes,Yes,Month-to-month,No,Credit card (automatic),90.69,2723.62,No
2706-W151,Male,1,No,No,8,No,Yes,DSL,No,No,Yes,No,Yes,No,Month-to-month,Yes,Electronic check,52.13,420.55,No
8173-Z568,Female,0,Yes,No,3,Yes,Yes,Fiber optic,No,No,No internet service,No,No internet service,No internet service,Month-to-month,Yes,Mailed check,69.58,218.87,No
2817-D900,Female,0,Yes,Yes,55,Yes,No phone service,DSL,No internet service,No,Yes,Yes,Yes,No internet service,Month-to-month,Yes,Bank transfer (automatic),41.79,2292.83,No
2669-R142,Female,0,Yes,No,15,Yes,No phone service,No,No internet service,Yes,No internet service,No,No,No internet service,Month-to-month,Yes,Electronic check,95.67,1442.91,No
9311-D271,Female,1,No,No,36,Yes,No phone service,DSL,No internet service,No,No,Yes,No,Yes,Month-to-month,Yes,Electronic check,38.02,1364.73,No
2934-G470,Female,1,No,Yes,6,Yes,Yes,DSL,No internet service,No,No internet service,No internet service,No internet service,Yes,Two year,No,Bank transfer (automatic),100.59,608.19,No
3572-X399,Male,0,Yes,Yes,42,Yes,Yes,Fiber optic,No internet service,No internet service,No internet service,No internet service,No,No,Month-to-month,Yes,Mailed check,112.4,4705.06,No
8233-Y618,Female,0,Yes,No,50,Yes,Yes,Fiber optic,No internet service,No internet service,No,No internet service,No internet service,No,Month-to-month,No,Electronic check,117.91,5888.75,No
9165-X991,Female,0,No,Yes,18,Yes,Yes,Fiber optic,No internet service,Yes,No internet service,No internet service,Yes,No,Month-to-month,No,Credit card (automatic),104.37,1896.2,No
2626-E762,Male,0,No,No,50,Yes,Yes,DSL,No internet service,No,No internet service,No,Yes,Yes,One year,Yes,Bank transfer (automatic),40.53,2039.82,No
6959-K938,Male,1,No,Yes,30,Yes,No,No,No internet service,No,No internet service,Yes,No,No,One year,Yes,Bank transfer (automatic),60.11,1819.79,No
3257-D968,Female,0,No,Yes,39,Yes,No phone service,DSL,No internet service,No internet service,No,No,Yes,No internet service,Two year,No,Bank transfer (automatic),27.18,1071.43,No
4307-O525,Male,0,No,No,12,Yes,No,DSL,No internet service,No internet service,No internet service,No internet service,No,No internet service,Month-to-month,No,Mailed check,34.79,411.14,No
1107-H954,Female,0,Yes,No,59,Yes,No phone service,DSL,Yes,No internet service,Yes,No internet service,No internet service,No internet service,Month-to-month,No,Mailed check,23.24,1366.06,No
8760-K393,Male,1,No,Yes,44,Yes,No,DSL,No,No,Yes,Yes,No,Yes,Month-to-month,No,Electronic check,82.68,3647.81,No
9274-F187,Male,0,Yes,No,4,Yes,Yes,Fiber optic,No,No,Yes,No,No,No,Month-to-month,No,Electronic check,71.84,298.16,No
5358-L832,Female,0,No,Yes,36,Yes,No phone service,Fiber optic,No internet service,Yes,Yes,No internet service,Yes,No,One year,Yes,Bank transfer (automatic),110.41,3988.62,No
7799-L744,Male,0,Yes,No,48,Yes,No,Fiber optic,No internet service,No internet service,No,No,Yes,Yes,One year,Yes,Electronic check,64.78,3111.37,No
5021-E871,Male,1,Yes,Yes,14,Yes,No phone service,Fiber optic,Yes,No internet service,No internet service,Yes,Yes,Yes,Month-to-month,Yes,Bank transfer (automatic),82.8,1158.55,No
9677-N906,Male,1,No,Yes,49,No,Yes,No,No internet service,No internet service,Yes,Yes,No,No internet service,Two year,No,Credit card (automatic),58.61,2883.85,No
4738-E921,Male,0,Yes,Yes,67,Yes,Yes,DSL,Yes,No internet service,No internet service,No,Yes,Yes,Two year,Yes,Electronic check,101.61,6792.59,No
8025-N519,Male,0,Yes,No,9,Yes,No phone service,DSL,No,No internet service,No internet service,Yes,No internet service,No internet service,Two year,Yes,Mailed check,111.35,1000.46,No
8516-Q913,Male,0,Yes,Yes,21,Yes,No phone service,DSL,No,No,No,No,No,No internet service,Month-to-month,No,Mailed check,61.64,1291.86,No
6927-A553,Female,0,Yes,Yes,72,Yes,Yes,No,No internet service,No,No internet service,No,No,No,Month-to-month,Yes,Bank transfer (automatic),26.56,1909.86,No
3385-Y110,Female,0,No,Yes,16,Yes,Yes,No,Yes,No internet service,Yes,No,No,No internet service,Month-to-month,No,Credit card (automatic),34.69,568.29,No
9476-C186,Male,1,Yes,Yes,16,Yes,Yes,Fiber optic,Yes,No internet service,Yes,No internet service,No internet service,No,Month-to-month,No,Electronic check,90.66,,No
6542-K511,Female,0,No,No,28,Yes,No,DSL,No,No,No,No internet service,No internet service,No internet service,Month-to-month,No,Electronic check,50.94,1427.56,No
3692-N162,Female,1,Yes,No,51,Yes,No phone service,DSL,No,No,Yes,No,Yes,No,Two year,Yes,Credit card (automatic),97.18,4940.92,No
7443-Y137,Female,0,No,Yes,56,Yes,Yes,No,Yes,Yes,Yes,Yes,Yes,Yes,Month-to-month,No,Credit card (automatic),93.6,5230.26,No
3473-S159,Male,0,No,Yes,57,Yes,No phone service,DSL,Yes,No,No,Yes,No,No,One year,Yes,Electronic check,88.03,5025.79,No
9516-J529,Female,0,No,No,52,Yes,No,No,No,Yes,No,No internet service,Yes,Yes,One year,No,Bank transfer (automatic),100.08,5206.7,No
7586-V817,Male,0,Yes,Yes,46,Yes,No,Fiber optic,Yes,No internet service,Yes,No,No internet service,No,Month-to-month,Yes,Electronic check,94.28,4349.16,No
5986-X860,Female,0,No,No,38,Yes,Yes,No,No,No internet service,No,No internet service,Yes,Yes,Month-to-month,No,Credit card (automatic),81.83,3102.42,No
6139-L108,Male,0,No,Yes,48,Yes,No phone service,DSL,Yes,No internet service,No,No,Yes,Yes,One year,Yes,Mailed check,18.67,896.59,No
5583-Q725,Male,0,Yes,No,41,Yes,No,No,No internet service,No,Yes,Yes,No,Yes,One year,No,Electronic check,70.08,2871.6,No
3406-W513,Female,0,No,Yes,59,Yes,No phone service,No,No,No,Yes,Yes,No internet service,No internet service,Two year,Yes,Credit card (automatic),78.07,4614.98,No
8310-U310,Female,0,Yes,No,67,No,No phone service,Fiber optic,Yes,No internet service,No,No internet service,No internet service,Yes,Two year,Yes,Mailed check,114.79,7711.54,No
9919-T907,Male,1,Yes,No,66,Yes,Yes,DSL,No,No internet service,No internet service,Yes,No internet service,No,Two year,Yes,Electronic check,83.62,5513.29,No
8244-W453,Female,0,No,No,27,Yes,No,DSL,Yes,Yes,No internet service,No,Yes,Yes,One year,No,Bank transfer (automatic),76.09,2034.07,No
7627-Y302,Female,1,Yes,Yes,32,Yes,No,Fiber optic,No internet service,No,Yes,Yes,No internet service,Yes,Month-to-month,No,Bank transfer (automatic),72.64,2329.35,No
5940-C137,Female,0,Yes,No,56,Yes,No,No,No internet service,No,Yes,Yes,Yes,No,Two year,Yes,Electronic check,28.63,1607.42,No
9805-K499,Male,0,Yes,No,10,Yes,No phone service,No,No internet service,Yes,No internet service,No internet service,No,Yes,Two year,Yes,Electronic check,61.23,594.14,No
3064-Q653,Male,0,No,Yes,40,Yes,No,DSL,No,No internet service,No,No,No internet service,No,Month-to-month,Yes,Mailed check,31.75,1260.13,No
5651-G195,Female,1,Yes,Yes,17,Yes,No,No,No internet service,No internet service,No internet service,No internet service,No,Yes,Month-to-month,No,Bank transfer (automatic),23.55,395.96,No
9383-R419,Female,0,Yes,Yes,58,Yes,No phone service,Fiber optic,No,No,No internet service,No internet service,Yes,No,Month-to-month,Yes,Credit card (automatic),51.36,2990.32,No
9541-K875,Female,0,Yes,Yes,6,Yes,No,DSL,No internet service,No,Yes,Yes,No internet service,No,Two year,No,Electronic check,83.12,488.41,No
3621-A128,Male,0,No,No,39,Yes,No,No,No,No internet service,No,No,Yes,Yes,Month-to-month,Yes,Bank transfer (automatic),105.36,4106.36,No
9846-S364,Male,0,Yes,Yes,18,No,No phone service,Fiber optic,No internet service,Yes,No internet service,No,No internet service,Yes,One year,No,Bank transfer (automatic),99.69,1774.73,No
4954-Y411,Female,0,No,Yes,72,Yes,No,Fiber optic,Yes,Yes,No,No internet service,Yes,Yes,Two year,Yes,Electronic check,47.87,3451.51,No
7926-Q213,Female,0,Yes,Yes,42,Yes,Yes,DSL,Yes,Yes,Yes,No internet service,Yes,Yes,One year,No,Electronic check,22.87,948.12,No
1982-L365,Female,0,No,Yes,4,Yes,No phone service,DSL,No,No,No internet service,Yes,Yes,Yes,One year,No,Credit card (automatic),58.72,256.61,No
9314-L226,Female,1,No,Yes,20,Yes,No,No,No internet service,Yes,Yes,No,No,Yes,Two year,Yes,Electronic check,49.89,989.3,No
1782-Y766,Female,0,No,Yes,28,Yes,Yes,No,No internet service,No,No internet service,No,No internet service,No internet service,Month-to-month,Yes,Credit card (automatic),55.56,1565.17,No
3043-O405,Female,0,Yes,Yes,40,Yes,No phone service,No,Yes,No,No,Yes,Yes,Yes,Month-to-month,Yes,Electronic check,74.44,2982.96,No
1085-O447,Male,0,Yes,No,65,Yes,No,Fiber optic,No internet service,No internet service,Yes,No internet service,No internet service,No internet service,Month-to-month,Yes,Mailed check,21.31,1376.49,No
4868-Z863,Female,0,Yes,No,44,Yes,No phone service,Fiber optic,No internet service,No internet service,No,No,Yes,No internet service,Month-to-month,Yes,Electronic check,55.52,2453.98,No
9737-T339,Male,0,No,No,23,Yes,Yes,No,No,Yes,No internet service,Yes,No internet service,No internet service,Month-to-month,No,Mailed check,74.39,1690.75,No
6739-J391,Female,0,Yes,No,57,Yes,No phone service,DSL,Yes,Yes,Yes,No internet service,Yes,Yes,Month-to-month,No,Electronic check,61.56,3508.67,No
3293-W486,Female,1,Yes,No,47,Yes,No,Fiber optic,No internet service,No,No,Yes,Yes,No,One year,No,Bank transfer (automatic),85.31,4016.63,No
9514-X353,Male,1,No,Yes,13,Yes,Yes,Fiber optic,No internet service,No internet service,No,No,No,No,Month-to-month,Yes,Electronic check,36.96,478.07,No
2724-K628,Male,1,Yes,Yes,16,No,No phone service,No,No,No internet service,No internet service,No internet service,No internet service,No,One year,No,Mailed check,33.71,527.92,No
4154-Y469,Male,0,Yes,Yes,55,Yes,No,DSL,No,No,Yes,Yes,No,Yes,Month-to-month,Yes,Electronic check,49.19,2721.25,No
8443-D250,Male,0,No,Yes,65,Yes,No,Fiber optic,No,Yes,No,Yes,Yes,No,Month-to-month,No,Electronic check,28.47,1849.27,No
7974-N183,Female,0,No,No,16,Yes,Yes,DSL,No,Yes,Yes,Yes,No,No,Month-to-month,No,Bank transfer (automatic),41.99,666.29,No
2511-B535,Male,0,Yes,No,37,Yes,Yes,Fiber optic,No internet service,No,Yes,No,No,Yes,Month-to-month,Yes,Bank transfer (automatic),26.98,987.21,No
3130-P319,Female,0,No,Yes,52,Yes,No phone service,DSL,No internet service,No internet service,Yes,No,No,Yes,Month-to-month,Yes,Mailed check,58.65,3050.76,No
8309-C478,Male,0,Yes,Yes,10,Yes,No,DSL,No internet service,No,Yes,No,No,No internet service,Month-to-month,Yes,Electronic check,89.75,895.37,No
9622-M702,Female,0,Yes,No,38,Yes,Yes,Fiber optic,No,No,No internet service,Yes,No internet service,Yes,One year,No,Electronic check,47.05,1785.0,Yes
9502-Y504,Female,0,Yes,No,44,Yes,No,DSL,No internet service,Yes,No,No,No,No,Month-to-month,No,Bank transfer (automatic),18.62,835.79,No
5320-S610,Female,0,Yes,No,54,Yes,No phone service,Fiber optic,Yes,No internet service,Yes,Yes,Yes,Yes,Month-to-month,No,Mailed check,74.24,4025.29,No
7937-O805,Female,0,Yes,Yes,51,Yes,Yes,Fiber optic,Yes,Yes,No,Yes,Yes,Yes,Month-to-month,Yes,Electronic check,87.79,4479.79,No
9020-X526,Female,0,No,Yes,52,Yes,No phone service,DSL,No internet service,Yes,No,Yes,No,No,Two year,No,Mailed check,57.58,3001.03,No
3668-E617,Female,0,No,No,70,Yes,No phone service,Fiber optic,No,No internet service,No,No internet service,No,No,Month-to-month,No,Mailed check,48.1,3352.11,No
3082-P828,Male,0,Yes,No,59,Yes,Yes,DSL,Yes,Yes,No internet service,Yes,No,Yes,Month-to-month,No,Mailed check,67.56,3986.95,No
8499-E821,Female,0,No,Yes,13,Yes,No phone service,Fiber optic,No internet service,No,Yes,No,Yes,Yes,Month-to-month,Yes,Bank transfer (automatic),28.42,372.14,No
9408-Q220,Male,1,No,Yes,41,Yes,No,DSL,Yes,No,Yes,Yes,No,Yes,One year,No,Credit card (automatic),82.96,3399.19,No
4483-O584,Male,0,Yes,Yes,12,Yes,Yes,Fiber optic,Yes,No internet service,No,No,No internet service,No,Month-to-month,No,Bank transfer (automatic),91.95,1099.03,No
1534-X260,Female,0,No,Yes,50,Yes,No,Fiber optic,Yes,No,No,No internet service,No,No internet service,Month-to-month,No,Electronic check,89.07,4445.61,No
7051-D716,Male,0,No,No,57,Yes,No phone service,No,Yes,No,No internet service,No internet service,No internet service,Yes,One year,No,Mailed check,51.28,2923.31,No
7694-D223,Female,0,Yes,No,50,Yes,Yes,Fiber optic,No internet service,No,No internet service,Yes,No,Yes,One year,Yes,Mailed check,102.94,5158.45,No
7055-S396,Male,1,Yes,No,57,Yes,No,Fiber optic,Yes,No,No,No,Yes,Yes,Month-to-month,No,Mailed check,113.41,6477.48,No
1659-Q256,Female,0,Yes,Yes,54,Yes,No,DSL,No internet service,Yes,Yes,No internet service,Yes,No internet service,Month-to-month,Yes,Electronic check,48.11,2597.94,No
2929-L412,Male,0,Yes,Yes,66,Yes,No,DSL,Yes,No,No internet service,No internet service,No,Yes,Two year,No,Electronic check,44.65,2957.56,No
7135-J401,Female,1,Yes,Yes,8,Yes,No,DSL,Yes,No internet service,Yes,No internet service,No internet service,No internet service,Month-to-month,Yes,Mailed check,89.01,702.75,No
8961-A910,Female,0,Yes,No,63,Yes,No,DSL,Yes,Yes,No internet service,No,Yes,Yes,Month-to-month,No,Mailed check,89.43,5639.73,No
3340-E902,Female,0,Yes,No,9,Yes,No phone service,No,No internet service,No,Yes,Yes,Yes,No,Month-to-month,Yes,Mailed check,69.55,624.82,No
7910-B412,Female,0,No,No,60,Yes,No phone service,No,Yes,No,No,Yes,Yes,No internet service,Two year,No,Electronic check,111.04,6655.58,No
5644-G287,Male,0,Yes,Yes,63,Yes,No phone service,DSL,Yes,No internet service,No internet service,No internet service,No,No,Month-to-month,No,Mailed check,32.95,2097.41,No
9008-A225,Female,0,No,Yes,72,Yes,No phone service,DSL,No,Yes,No,Yes,No,Yes,Month-to-month,No,Mailed check,66.23,4763.83,No
9970-L169,Male,0,No,No,3,Yes,No phone service,DSL,Yes,No,No internet service,No internet service,No,No,Month-to-month,No,Bank transfer (automatic),21.79,61.72,No
1732-N592,Male,1,Yes,Yes,13,Yes,No phone service,DSL,No,No internet service,No,No,No internet service,No internet service,Month-to-month,Yes,Mailed check,23.54,301.42,No
6074-S563,Male,0,No,No,9,Yes,No phone service,Fiber optic,No internet service,Yes,No internet service,Yes,No,Yes,Two year,Yes,Bank transfer (automatic),23.65,216.31,No
6534-Z486,Female,0,No,No,52,Yes,No,DSL,Yes,Yes,No internet service,No,No internet service,No,Month-to-month,Yes,Mailed check,67.67,3532.33,No
8786-X953,Male,0,No,No,62,No,No phone service,Fiber optic,Yes,No,No internet service,Yes,No,No internet service,Month-to-month,No,Bank transfer (automatic),77.44,4789.77,No
3175-Y241,Male,1,Yes,No,8,Yes,No,DSL,No,No internet service,Yes,No,No internet service,No internet service,Month-to-month,Yes,Bank transfer (automatic),18.6,153.57,No
9270-U571,Male,1,No,Yes,45,Yes,Yes,No,No,No internet service,Yes,No,No internet service,No internet service,One year,No,Electronic check,81.82,3685.38,No
8371-V559,Female,0,No,Yes,53,Yes,No phone service,No,Yes,No,No internet service,Yes,No,No,Month-to-month,Yes,Mailed check,67.46,3559.28,No
3440-X433,Female,0,Yes,Yes,63,Yes,No,DSL,No internet service,No,No,No internet service,No internet service,No internet service,One year,No,Mailed check,40.74,2580.13,No
2463-Z739,Male,0,No,Yes,57,Yes,Yes,No,No,No,No,No internet service,Yes,Yes,Month-to-month,No,Mailed check,19.77,1129.58,No
7711-M338,Female,0,No,Yes,54,No,Yes,No,Yes,No internet service,No internet service,No,Yes,Yes,One year,No,Bank transfer (automatic),33.94,1839.99,No
7478-K653,Female,0,No,Yes,19,Yes,No,No,No,Yes,Yes,No,No,No internet service,Month-to-month,No,Electronic check,78.58,1472.28,No
1750-V553,Male,0,No,No,67,Yes,No,No,No internet service,No,Yes,No internet service,Yes,No internet service,Month-to-month,No,Credit card (automatic),84.46,5673.46,No
5544-U190,Male,0,No,Yes,46,Yes,No,Fiber optic,No,No,Yes,Yes,No,Yes,Month-to-month,Yes,Bank transfer (automatic),83.28,3851.48,No
3713-W125,Female,1,Yes,Yes,10,Yes,No phone service,Fiber optic,Yes,Yes,Yes,Yes,No internet service,Yes,Month-to-month,No,Credit card (automatic),33.64,334.9,No
6060-R760,Male,0,No,Yes,18,No,Yes,Fiber optic,No,Yes,No,No,Yes,No internet service,Two year,Yes,Bank transfer (automatic),109.83,1969.71,No
3028-U672,Female,1,Yes,No,12,Yes,No phone service,Fiber optic,No internet service,No internet service,No internet service,Yes,No internet service,Yes,Month-to-month,Yes,Bank transfer (automatic),59.55,690.11,No
2395-G733,Female,0,No,Yes,49,No,No phone service,DSL,Yes,No,No internet service,No,No,No internet service,Two year,No,Mailed check,95.43,4663.1,No
9877-S875,Female,0,Yes,No,23,Yes,No phone service,No,Yes,No internet service,No internet service,Yes,No,No,Month-to-month,No,Bank transfer (automatic),34.98,812.91,No
1866-S634,Female,0,Yes,Yes,62,Yes,Yes,No,Yes,Yes,No,No,No internet service,No internet service,Month-to-month,Yes,Bank transfer (automatic),65.54,4063.15,No
4103-Y587,Female,0,Yes,Yes,11,Yes,Yes,DSL,Yes,No,Yes,Yes,No,No internet service,Month-to-month,Yes,Electronic check,70.66,762.09,No
9235-A223,Female,0,No,Yes,56,Yes,Yes,DSL,No internet service,No internet service,Yes,No,Yes,No,Month-to-month,No,Mailed check,95.67,5372.77,No
9713-F119,Male,0,No,No,55,Yes,No,Fiber optic,Yes,No internet service,No,No internet service,No,No internet service,Month-to-month,Yes,Electronic check,80.71,4432.36,No
5504-Z310,Male,0,No,No,25,Yes,No phone service,Fiber optic,No internet service,Yes,No,No internet service,Yes,No internet service,Month-to-month,Yes,Credit card (automatic),58.38,1444.71,No
5018-W959,Female,0,No,Yes,9,Yes,No,No,No internet service,No,No internet service,No internet service,No,No,Two year,Yes,Mailed check,46.64,420.21,No
8278-C926,Female,0,No,Yes,12,Yes,No,DSL,No,No internet service,No internet service,No internet service,Yes,Yes,One year,No,Electronic check,116.03,1397.46,No
9741-T428,Female,0,Yes,Yes,11,Yes,No phone service,No,No,No internet service,No,No,No,Yes,Month-to-month,Yes,Mailed check,46.85,501.95,No
7583-S146,Male,0,Yes,No,38,Yes,Yes,DSL,Yes,Yes,No,Yes,No,Yes,One year,No,Mailed check,31.26,1184.88,No
9052-A448,Female,0,Yes,No,28,Yes,No phone service,Fiber optic,Yes,No,No,No,No internet service,Yes,Month-to-month,Yes,Credit card (automatic),48.44,1371.71,No
8160-F524,Male,1,No,Yes,8,Yes,No,No,No internet service,Yes,Yes,No,No internet service,Yes,Two year,Yes,Bank transfer (automatic),51.11,395.33,No
1394-Q424,Female,0,No,No,47,Yes,Yes,No,No,No internet service,No internet service,No,Yes,No,Month-to-month,No,Credit card (automatic),31.1,1465.21,No
7258-I193,Female,0,Yes,No,36,Yes,Yes,DSL,Yes,No,No,Yes,No internet service,No,Month-to-month,No,Electronic check,89.42,3215.95,No
2878-D654,Male,0,No,No,50,Yes,No,No,Yes,Yes,No,No,No internet service,No internet service,Two year,No,Mailed check,80.48,4029.36,No
3755-J247,Male,0,No,No,9,Yes,Yes,Fiber optic,No internet service,No,Yes,No internet service,Yes,Yes,Month-to-month,No,Bank transfer (automatic),50.07,440.15,No
3992-I886,Female,1,Yes,Yes,60,Yes,Yes,No,No,No,No,No internet service,No internet service,No,One year,Yes,Electronic check,118.05,7085.34,No
2468-E414,Female,0,Yes,Yes,72,Yes,No phone service,DSL,Yes,No,No internet service,No,Yes,No,Two year,Yes,Credit card (automatic),84.08,6044.23,No
7672-V273,Female,0,No,No,67,Yes,No phone service,No,Yes,No internet service,Yes,No internet service,Yes,Yes,Two year,Yes,Mailed check,88.92,5937.63,No
1965-T433,Male,0,No,No,53,Yes,No,Fiber optic,Yes,No,No,No internet service,Yes,No,Two year,Yes,Credit card (automatic),74.25,3921.14,No
3973-A830,Male,0,Yes,No,17,Yes,No,DSL,Yes,Yes,No internet service,Yes,Yes,No internet service,Month-to-month,Yes,Mailed check,73.68,1250.38,No
1958-J499,Male,1,No,Yes,53,Yes,No,DSL,Yes,No,No internet service,No,No,No internet service,One year,Yes,Mailed check,20.26,1076.12,No
2617-K245,Male,0,Yes,Yes,28,Yes,Yes,Fiber optic,Yes,No,Yes,No,No,Yes,Month-to-month,Yes,Bank transfer (automatic),95.73,2692.55,No
7763-K364,Male,0,Yes,No,63,Yes,No,DSL,No,No internet service,No internet service,No internet service,Yes,Yes,Two year,No,Credit card (automatic),109.78,6919.72,No
7152-D153,Male,0,Yes,No,15,Yes,No phone service,DSL,No internet service,Yes,Yes,No,No internet service,Yes,Month-to-month,Yes,Electronic check,30.54,473.69,No
4318-H870,Female,0,No,No,19,Yes,Yes,No,No internet service,No,No internet service,No,Yes,No internet service,Month-to-month,No,Mailed check,98.21,1863.98,No
4874-P620,Female,0,Yes,No,70,Yes,No,DSL,No internet service,No internet service,No,No internet service,Yes,No,Two year,Yes,Mailed check,71.95,5042.02,No
9264-M217,Male,0,Yes,Yes,47,Yes,Yes,No,Yes,No internet service,Yes,No internet service,No internet service,No internet service,Two year,Yes,Electronic check,46.92,2195.43,No
5412-B425,Female,0,No,Yes,71,Yes,Yes,Fiber optic,No internet service,No,No internet service,No,Yes,Yes,Two year,Yes,Electronic check,110.8,7869.94,No
8615-R516,Female,1,Yes,Yes,48,Yes,Yes,Fiber optic,No,No,Yes,Yes,No,No,Month-to-month,Yes,Electronic check,20.0,956.27,No
2072-P129,Male,0,No,Yes,20,Yes,No,Fiber optic,Yes,No,No internet service,No internet service,Yes,No internet service,Month-to-month,No,Electronic check,45.79,910.97,No
7676-U339,Female,0,No,Yes,37,No,Yes,Fiber optic,No,No internet service,Yes,No,No,Yes,Two year,Yes,Credit card (automatic),107.32,3971.55,No
1305-I667,Male,0,No,Yes,2,No,Yes,DSL,Yes,No,No,No internet service,No internet service,Yes,Month-to-month,Yes,Mailed check,66.59,119.0,No
2663-H881,Male,1,Yes,No,64,Yes,Yes,DSL,Yes,No internet service,Yes,No,No internet service,No,Two year,Yes,Bank transfer (automatic),78.44,5023.47,No
3057-J681,Female,0,Yes,No,36,Yes,No phone service,No,No internet service,Yes,Yes,No,No internet service,No internet service,One year,Yes,Electronic check,93.6,3376.65,No
7664-O185,Male,0,No,Yes,5,Yes,No,No,No,No,No,Yes,No,No,Two year,Yes,Bank transfer (automatic),33.12,158.56,No
9199-G901,Male,0,No,Yes,64,Yes,No phone service,No,No internet service,Yes,No internet service,No internet service,Yes,No,One year,Yes,Bank transfer (automatic),39.88,2554.15,No
3332-L653,Male,0,No,Yes,7,Yes,Yes,DSL,Yes,Yes,No,Yes,No internet service,No internet service,Two year,No,Bank transfer (automatic),118.61,842.77,No
3755-Z351,Male,0,Yes,No,70,Yes,Yes,No,No,Yes,Yes,No internet service,No internet service,No internet service,Month-to-month,No,Credit card (automatic),42.11,2955.25,No
9806-N668,Male,0,No,No,22,Yes,No phone service,DSL,No,No internet service,No,Yes,No internet service,No internet service,Two year,No,Electronic check,72.44,,No
8401-B101,Male,0,No,No,46,No,Yes,Fiber optic,Yes,No internet service,No,No internet service,Yes,No,Month-to-month,No,Bank transfer (automatic),48.27,2224.38,No
8612-T396,Male,0,No,No,40,Yes,No phone service,DSL,No internet service,No internet service,Yes,Yes,Yes,No,Month-to-month,No,Bank transfer (automatic),103.82,4167.73,No
3742-A161,Male,0,Yes,Yes,61,Yes,Yes,Fiber optic,Yes,No internet service,Yes,Yes,No,No internet service,Month-to-month,No,Mailed check,114.91,7012.05,No
8900-I712,Female,1,No,No,46,Yes,Yes,No,No,Yes,No,No internet service,No,No internet service,One year,No,Electronic check,32.45,1502.17,No
5110-V489,Female,1,Yes,Yes,28,Yes,Yes,DSL,No,No internet service,Yes,Yes,Yes,No,One year,Yes,Credit card (automatic),78.61,2209.04,No
6757-U317,Female,0,Yes,No,35,Yes,Yes,No,No,Yes,No internet service,Yes,Yes,No internet service,Month-to-month,No,Electronic check,99.81,3494.3,No
9361-J146,Male,0,No,No,1,Yes,No,No,Yes,Yes,No internet service,No internet service,No internet service,Yes,One year,No,Electronic check,100.96,113.86,No
3644-X646,Male,0,No,No,29,Yes,No,Fiber optic,No,No internet service,No internet service,No internet service,No internet service,No internet service,Two year,No,Electronic check,62.51,1802.67,No
2145-J191,Female,0,No,No,9,Yes,No,No,No,Yes,No internet service,No,No,Yes,One year,No,Electronic check,40.9,372.38,No
7476-W225,Female,1,Yes,Yes,9,Yes,No phone service,DSL,No internet service,No internet service,No,No internet service,No internet service,Yes,Month-to-month,Yes,Mailed check,57.16,508.91,No
3288-X669,Female,0,Yes,Yes,22,Yes,No phone service,No,No internet service,Yes,No,No,Yes,No,One year,No,Bank transfer (automatic),93.74,2071.2,No
5578-N315,Male,0,Yes,Yes,63,Yes,No phone service,Fiber optic,No,No,No,Yes,Yes,No,Two year,No,Mailed check,118.12,7441.38,No
9270-Z425,Female,0,No,Yes,66,No,No phone service,Fiber optic,No internet service,No internet service,Yes,No internet service,No,No,Two year,No,Credit card (automatic),73.96,4890.91,No
6613-U367,Female,0,Yes,Yes,58,Yes,No,No,Yes,Yes,No,No,Yes,No internet service,Month-to-month,No,Bank transfer (automatic),37.86,2203.54,No
8417-I351,Male,0,No,Yes,70,Yes,No phone service,Fiber optic,No internet service,No internet service,No,No internet service,No,No,Month-to-month,Yes,Electronic check,22.46,1568.0,No
6269-K315,Female,0,No,Yes,55,Yes,No phone service,No,No internet service,Yes,Yes,No,No internet service,No internet service,Month-to-month,Yes,Mailed check,113.09,6225.32,No
8533-T436,Male,0,No,No,13,No,No phone service,Fiber optic,No internet service,No internet service,Yes,No,No,No,Month-to-month,No,Electronic check,66.79,872.84,No
1260-W236,Male,0,Yes,Yes,19,Yes,Yes,No,No internet service,No,Yes,No internet service,Yes,Yes,Month-to-month,Yes,Electronic check,90.27,1713.09,No
1033-T587,Male,0,Yes,No,33,Yes,No phone service,No,Yes,No,No internet service,Yes,No internet service,No,Month-to-month,No,Credit card (automatic),84.6,2800.47,No
1070-A788,Female,1,Yes,Yes,65,Yes,Yes,DSL,No internet service,No internet service,No,Yes,Yes,Yes,One year,Yes,Bank transfer (automatic),107.78,7004.6,No
3843-N669,Female,0,No,No,60,Yes,No phone service,DSL,No,No internet service,No,No,Yes,No internet service,Month-to-month,Yes,Credit card (automatic),44.99,2691.61,No
9011-Y502,Male,1,Yes,Yes,12,Yes,No phone service,No,No internet service,Yes,No,No,No internet service,No,Month-to-month,Yes,Credit card (automatic),62.64,754.54,No
9816-C906,Female,0,Yes,No,43,Yes,Yes,DSL,No internet service,Yes,Yes,Yes,Yes,No,Month-to-month,Yes,Bank transfer (automatic),110.07,4737.56,No
2270-R131,Female,0,No,Yes,17,Yes,No phone service,DSL,No,No internet service,No,No internet service,Yes,Yes,Month-to-month,No,Credit card (automatic),77.1,1280.93,No
8293-V226,Female,0,No,Yes,68,Yes,Yes,Fiber optic,Yes,No,No internet service,No internet service,No internet service,No,Two year,Yes,Bank transfer (automatic),25.42,1752.54,No
6783-M947,Female,1,Yes,Yes,29,Yes,No phone service,DSL,No,No,No,Yes,Yes,No internet service,Month-to-month,No,Credit card (automatic),37.8,1124.51,No
6864-M281,Male,1,No,Yes,55,Yes,No phone service,Fiber optic,No,No internet service,No,Yes,No,Yes,One year,No,Mailed check,42.09,2306.6,No
1138-D573,Female,0,Yes,No,7,Yes,Yes,DSL,No,Yes,Yes,Yes,Yes,No internet service,Month-to-month,Yes,Bank transfer (automatic),118.13,833.07,No
7069-G555,Male,1,No,Yes,44,Yes,No,DSL,No,No internet service,No internet service,No,Yes,No internet service,One year,Yes,Electronic check,40.78,1783.64,No
1153-H860,Male,1,No,Yes,5,Yes,Yes,No,No internet service,No internet service,No,Yes,No internet service,Yes,Month-to-month,Yes,Credit card (automatic),105.65,511.63,No
1324-Y387,Female,0,Yes,No,60,Yes,No,DSL,No internet service,No,Yes,Yes,No,No internet service,Month-to-month,No,Credit card (automatic),26.1,1561.41,No
6862-G192,Male,0,No,Yes,6,No,Yes,No,No internet service,No,No internet service,Yes,Yes,No,One year,No,Bank transfer (automatic),36.51,205.2,No
5967-Z835,Female,1,No,No,7,Yes,No,No,No internet service,Yes,No internet service,Yes,No internet service,No internet service,Month-to-month,Yes,Credit card (automatic),105.89,746.57,No
4623-H605,Female,1,No,No,46,Yes,No phone service,No,Yes,Yes,Yes,No internet service,Yes,No,Month-to-month,No,Credit card (automatic),108.59,5003.93,No
6947-B387,Male,0,Yes,Yes,57,Yes,No,No,No internet service,No internet service,Yes,No internet service,Yes,Yes,One year,Yes,Bank transfer (automatic),35.96,2067.33,No
9074-W823,Male,1,No,Yes,54,Yes,No phone service,DSL,No internet service,No internet service,Yes,Yes,Yes,No,Month-to-month,Yes,Bank transfer (automatic),41.35,2233.37,No
4425-A300,Male,0,No,No,46,Yes,Yes,No,Yes,No internet service,Yes,No,No,No internet service,One year,Yes,Credit card (automatic),71.57,3300.85,No
7489-D990,Male,0,Yes,Yes,10,Yes,No,DSL,No,No internet service,Yes,No,No internet service,No,Month-to-month,Yes,Bank transfer (automatic),23.54,239.3,No
5544-S612,Female,0,Yes,No,4,Yes,No phone service,DSL,No internet service,No,Yes,No internet service,No,No internet service,Month-to-month,No,Credit card (automatic),113.25,455.88,No
9093-F665,Female,0,No,Yes,67,Yes,Yes,Fiber optic,No internet service,Yes,No,No,Yes,No,Month-to-month,Yes,Credit card (automatic),54.64,3650.89,No
4174-V856,Female,0,No,Yes,25,Yes,No,Fiber optic,No,Yes,Yes,No,No,Yes,Month-to-month,No,Credit card (automatic),67.42,1683.1,No
3875-C702,Male,0,No,No,61,Yes,No phone service,Fiber optic,No internet service,Yes,Yes,No internet service,Yes,Yes,Month-to-month,No,Electronic check,28.81,1753.74,No
3101-X166,Male,1,Yes,Yes,38,Yes,No,No,No,Yes,No internet service,Yes,No,No,Month-to-month,No,Bank transfer (automatic),21.52,823.67,No
3087-I683,Male,0,No,Yes,32,Yes,No,DSL,No,No,No internet service,Yes,No internet service,Yes,One year,Yes,Electronic check,65.27,2067.57,No
4734-Q846,Female,0,Yes,Yes,23,Yes,No phone service,DSL,No,No internet service,No internet service,No internet service,No,No,Two year,No,Mailed check,30.48,711.56,No
5494-G968,Male,0,Yes,No,37,Yes,No phone service,No,No internet service,Yes,Yes,Yes,No internet service,No internet service,One year,Yes,Mailed check,81.6,3016.54,No
1378-W794,Female,0,No,Yes,3,Yes,Yes,Fiber optic,No,Yes,Yes,Yes,Yes,No,Month-to-month,No,Credit card (automatic),98.1,287.64,No
9731-T358,Male,1,No,No,13,Yes,No phone service,Fiber optic,No internet service,No internet service,No,No internet service,No internet service,No internet service,Month-to-month,Yes,Electronic check,21.43,282.04,No
8437-A537,Female,0,Yes,Yes,34,Yes,No phone service,DSL,Yes,No,No,No internet service,Yes,No,Month-to-month,Yes,Credit card (automatic),79.78,2712.29,No
1849-K542,Female,1,No,No,65,Yes,No,DSL,No,No,No,No internet service,No,No internet service,Month-to-month,No,Credit card (automatic),100.22,6515.89,No
7666-I224,Male,0,No,Yes,8,Yes,No phone service,DSL,No internet service,Yes,No,No,No,Yes,One year,No,Credit card (automatic),62.41,512.36,No
9491-O607,Male,0,Yes,Yes,9,Yes,No,Fiber optic,No,Yes,Yes,No internet service,No internet service,No,Two year,No,Credit card (automatic),114.7,1014.4,No
6922-Q877,Female,0,No,No,28,Yes,No,DSL,No internet service,Yes,No internet service,No internet service,No,Yes,Month-to-month,Yes,Credit card (automatic),29.43,810.13,No
1712-X329,Female,0,Yes,Yes,18,No,No phone service,Fiber optic,No internet service,No,Yes,No internet service,No,Yes,Month-to-month,Yes,Mailed check,50.71,907.24,No
1769-I530,Male,0,No,No,42,Yes,No phone service,Fiber optic,Yes,Yes,Yes,No internet service,Yes,No internet service,Two year,Yes,Bank transfer (automatic),41.37,1751.52,No
9723-O423,Male,0,Yes,Yes,41,Yes,No phone service,Fiber optic,No,No internet service,Yes,Yes,No,Yes,Month-to-month,No,Bank transfer (automatic),118.37,4861.08,No
1084-M299,Female,0,Yes,No,70,Yes,No phone service,No,No internet service,No,Yes,No internet service,Yes,No internet service,Two year,Yes,Bank transfer (automatic),47.81,3345.46,No
6483-C685,Male,0,No,Yes,33,Yes,Yes,No,Yes,No,No internet service,No internet service,No internet service,Yes,Two year,Yes,Mailed check,57.24,1894.97,No
1415-X331,Female,0,Yes,No,54,Yes,No,DSL,No internet service,No internet service,No internet service,No,No,Yes,Month-to-month,Yes,Electronic check,103.44,5594.16,No
7943-C355,Female,0,Yes,Yes,36,Yes,Yes,Fiber optic,No internet service,No internet service,No,No,No internet service,No,Month-to-month,Yes,Mailed check,111.71,4026.74,No
4225-F437,Male,0,No,No,56,Yes,Yes,DSL,Yes,No,Yes,Yes,No,No,Two year,No,Mailed check,112.49,6310.28,No
6092-C741,Male,0,No,No,17,Yes,No,Fiber optic,No,Yes,No,No internet service,No internet service,No internet service,One year,Yes,Electronic check,74.35,1265.7,No
2584-A591,Male,1,No,Yes,10,Yes,Yes,DSL,Yes,No,No internet service,No internet service,No internet service,Yes,Month-to-month,No,Credit card (automatic),84.91,854.0,No
8077-Z124,Male,0,Yes,No,44,Yes,No phone service,DSL,No,Yes,No internet service,No internet service,Yes,Yes,Month-to-month,Yes,Credit card (automatic),53.34,2351.92,No
6477-I353,Male,0,Yes,No,2,Yes,No phone service,No,No internet service,No internet service,No,No,No,No,One year,Yes,Credit card (automatic),79.27,154.44,No
2766-P344,Female,1,Yes,Yes,14,Yes,No phone service,No,No internet service,Yes,No internet service,Yes,No internet service,No internet service,Month-to-month,Yes,Electronic check,48.68,680.18,No
6583-B941,Female,0,No,Yes,41,Yes,No phone service,No,Yes,No internet service,No internet service,No,Yes,No,Month-to-month,No,Mailed check,93.23,3827.52,No
6465-Q913,Male,0,Yes,Yes,2,Yes,No,No,Yes,Yes,Yes,No internet service,No internet service,Yes,Month-to-month,Yes,Mailed check,49.12,88.48,No
4878-C894,Male,0,Yes,Yes,19,Yes,No phone service,Fiber optic,Yes,Yes,Yes,No,No internet service,No internet service,Month-to-month,No,Electronic check,106.63,2018.72,No
8184-Y197,Male,0,No,Yes,1,Yes,No,DSL,No internet service,No internet service,No internet service,No internet service,No internet service,Yes,Month-to-month,Yes,Credit card (automatic),32.67,30.06,No
8314-S227,Female,1,Yes,Yes,2,Yes,No,DSL,No,Yes,No internet service,No internet service,No,No,Month-to-month,No,Electronic check,75.72,151.98,Yes
2401-B134,Male,1,No,No,27,Yes,No,Fiber optic,Yes,No,No,No internet service,No,No internet service,Month-to-month,Yes,Mailed check,70.58,1905.46,No
7183-K968,Male,1,No,No,2,No,No,Fiber optic,No,Yes,No,Yes,No internet service,No,Month-to-month,No,Bank transfer (automatic),44.75,89.33,No
2065-Z230,Female,0,No,No,51,Yes,Yes,DSL,Yes,No,No internet service,No,No internet service,Yes,Two year,No,Bank transfer (automatic),21.06,1075.41,No
2015-Z552,Female,0,Yes,Yes,10,Yes,Yes,No,Yes,No internet service,Yes,No internet service,No internet service,Yes,One year,Yes,Bank transfer (automatic),33.18,329.46,No
1897-J725,Male,0,Yes,Yes,19,Yes,No phone service,No,Yes,Yes,Yes,No internet service,No,No,Month-to-month,Yes,Credit card (automatic),115.53,2188.24,No
8075-C204,Male,0,Yes,No,13,Yes,No,No,Yes,Yes,No,Yes,No internet service,Yes,One year,No,Credit card (automatic),112.85,1467.41,No
1914-R153,Male,0,No,No,48,Yes,No phone service,Fiber optic,No internet service,No,Yes,Yes,No internet service,No,Month-to-month,Yes,Credit card (automatic),30.24,1457.91,No
5831-M511,Female,0,No,Yes,56,Yes,No phone service,DSL,No internet service,No,Yes,No internet service,No internet service,No,Two year,Yes,Credit card (automatic),55.92,3140.13,No
2570-T870,Male,0,No,No,72,Yes,No phone service,Fiber optic,Yes,No internet service,No,No internet service,No internet service,No internet service,Month-to-month,Yes,Electronic check,65.0,4660.09,No
7735-H985,Male,0,Yes,Yes,56,Yes,No phone service,DSL,No internet service,No,No,No internet service,No,Yes,Month-to-month,No,Bank transfer (automatic),66.3,3702.88,No
1173-O493,Male,1,Yes,Yes,50,Yes,No,No,No internet service,No,Yes,No internet service,Yes,Yes,Two year,No,Bank transfer (automatic),48.28,2423.44,No
8605-Z538,Female,1,Yes,No,45,Yes,No,No,No internet service,No,No,Yes,Yes,No,One year,Yes,Credit card (automatic),110.0,4947.2,No
2659-K766,Female,0,Yes,Yes,59,Yes,Yes,No,No internet service,Yes,No internet service,No,No internet service,No internet service,Month-to-month,Yes,Credit card (automatic),109.55,6445.1,No
1425-O629,Male,0,Yes,Yes,39,Yes,No,DSL,No,Yes,No,Yes,Yes,No,Two year,No,Electronic check,20.15,798.07,No
6377-S297,Male,0,No,Yes,21,Yes,No,No,No,Yes,No internet service,Yes,Yes,Yes,Two year,Yes,Electronic check,83.58,1765.24,No
2769-D112,Female,1,Yes,Yes,55,Yes,No phone service,DSL,No internet service,Yes,No internet service,No,No,No internet service,Two year,Yes,Electronic check,25.72,1402.77,No
2106-S908,Female,0,No,No,57,Yes,No,Fiber optic,No,Yes,No internet service,No internet service,No internet service,No internet service,Month-to-month,No,Bank transfer (automatic),78.3,4451.38,No
4172-S229,Female,0,No,Yes,41,Yes,No phone service,No,Yes,No,No,No internet service,No,No,Two year,Yes,Bank transfer (automatic),105.37,4349.99,No
9337-I463,Female,0,Yes,Yes,70,Yes,No,Fiber optic,No,No,No,No,Yes,No,Month-to-month,No,Bank transfer (automatic),83.53,5837.93,No
7897-P842,Female,0,No,No,49,Yes,Yes,Fiber optic,Yes,Yes,No,Yes,Yes,No internet service,One year,Yes,Bank transfer (automatic),65.38,3215.79,No
8284-F348,Female,0,Yes,Yes,44,Yes,No phone service,DSL,No,Yes,No internet service,No internet service,No internet service,Yes,Month-to-month,No,Electronic check,114.52,5054.32,No
3255-Z145,Female,0,Yes,Yes,35,Yes,No,Fiber optic,No,No internet service,No,No,No internet service,Yes,Month-to-month,No,Credit card (automatic),93.28,3250.28,No
1991-E419,Female,0,No,No,5,Yes,No,DSL,Yes,No internet service,Yes,No,No,No internet service,Month-to-month,Yes,Bank transfer (automatic),43.31,207.44,No
8140-Q767,Female,0,Yes,No,71,Yes,No phone service,DSL,Yes,No,Yes,No,No internet service,No,Month-to-month,No,Electronic check,57.14,4067.26,No
6861-J697,Male,0,Yes,Yes,51,Yes,Yes,Fiber optic,No internet service,No internet service,No,No internet service,Yes,No,Month-to-month,Yes,Credit card (automatic),94.62,4811.99,Yes
9866-Y249,Male,0,No,Yes,57,Yes,Yes,DSL,No,No,No internet service,No,No,Yes,Month-to-month,No,Mailed check,20.19,1140.12,No
3415-P416,Male,1,No,No,58,Yes,No,DSL,Yes,No internet service,No,Yes,No,Yes,Two year,No,Credit card (automatic),24.68,1429.48,No
6618-J477,Female,0,No,Yes,36,Yes,No,DSL,No internet service,Yes,Yes,Yes,No internet service,No internet service,One year,Yes,Mailed check,104.62,3765.07,No
1132-Q700,Male,1,No,Yes,10,Yes,No,Fiber optic,Yes,Yes,No internet service,No,No internet service,Yes,Month-to-month,Yes,Mailed check,22.57,236.61,No
3369-B343,Female,0,No,Yes,50,Yes,No phone service,DSL,No internet service,No,No,No,Yes,Yes,One year,No,Bank transfer (automatic),86.44,4327.63,No
9308-R979,Female,0,No,No,37,Yes,No phone service,No,No internet service,No,No,No,No,No,One year,Yes,Electronic check,50.3,1863.17,No
1894-N452,Male,0,Yes,Yes,20,Yes,No phone service,Fiber optic,Yes,No,No internet service,Yes,No,No,Month-to-month,No,Credit card (automatic),101.25,2023.53,No
4201-G755,Female,0,Yes,No,13,Yes,No,Fiber optic,Yes,No,No internet service,No internet service,No,Yes,One year,No,Mailed check,103.41,1333.82,No
4297-Z170,Male,0,Yes,No,19,No,Yes,DSL,No,No internet service,Yes,Yes,No,No,One year,No,Electronic check,114.06,2179.3,No
6595-G783,Male,0,No,No,56,Yes,No phone service,Fiber optic,No,Yes,No,No,Yes,No,Month-to-month,Yes,Credit card (automatic),27.85,1560.99,No
8794-W808,Male,0,Yes,No,45,Yes,Yes,No,No internet service,No internet service,Yes,No internet service,Yes,No,Month-to-month,No,Bank transfer (automatic),60.75,2740.31,No
8657-T809,Female,0,No,Yes,60,Yes,No,Fiber optic,Yes,Yes,Yes,No internet service,Yes,Yes,Month-to-month,Yes,Credit card (automatic),75.93,4558.01,No
6425-S679,Male,1,Yes,No,68,Yes,No phone service,Fiber optic,No,Yes,No internet service,No,No internet service,No,One year,No,Bank transfer (automatic),110.31,7502.21,No
6499-T406,Female,1,No,Yes,57,Yes,No phone service,Fiber optic,No internet service,No internet service,No,No,Yes,Yes,Month-to-month,No,Credit card (automatic),45.03,2567.75,No
7859-K266,Male,0,Yes,No,54,Yes,No phone service,DSL,No,No,Yes,Yes,Yes,Yes,One year,Yes,Credit card (automatic),25.45,1374.34,No
2717-O997,Male,1,No,No,37,Yes,No,No,No internet service,No internet service,Yes,Yes,Yes,No internet service,Month-to-month,Yes,Mailed check,38.53,1424.2,No
1691-P324,Male,0,No,Yes,37,Yes,No,No,No,No internet service,No internet service,Yes,Yes,No internet service,One year,Yes,Mailed check,68.06,2512.23,No
1060-U328,Female,0,No,No,14,Yes,No,No,Yes,No internet service,No,No,No internet service,No internet service,Two year,No,Mailed check,86.7,1219.12,No
4772-O738,Female,1,No,No,44,No,Yes,Fiber optic,No internet service,Yes,No,No internet service,No,Yes,Two year,No,Bank transfer (automatic),87.66,3868.28,No
4492-H592,Female,0,Yes,Yes,42,Yes,Yes,No,No internet service,No,Yes,Yes,No,No internet service,One year,Yes,Credit card (automatic),25.75,1083.91,No
6431-Z857,Male,0,Yes,No,1,Yes,No phone service,DSL,No,Yes,No internet service,No,No internet service,No,Month-to-month,Yes,Credit card (automatic),94.77,110.82,No
7158-G509,Male,0,No,No,23,Yes,No phone service,Fiber optic,No,No internet service,No,No internet service,Yes,No internet service,One year,Yes,Bank transfer (automatic),84.6,1941.2,No
4018-A471,Female,1,No,No,64,Yes,No,DSL,No,No internet service,No,No,No,Yes,One year,No,Credit card (automatic),59.21,3810.91,No
1162-C466,Female,1,No,Yes,28,Yes,No,Fiber optic,Yes,Yes,Yes,No,No,No,One year,No,Mailed check,75.64,2122.35,No
1491-R217,Female,0,Yes,No,4,Yes,No,DSL,No,Yes,No,No,No,No,Two year,No,Bank transfer (automatic),95.41,353.92,No
3333-J550,Female,0,No,Yes,41,Yes,No phone service,Fiber optic,No,No,No,Yes,No,No,Month-to-month,Yes,Bank transfer (automatic),44.59,1847.31,No
4185-U699,Female,0,No,Yes,60,No,No,DSL,Yes,No internet service,No,No,Yes,No internet service,One year,No,Credit card (automatic),112.72,6753.68,No
6896-B130,Female,0,Yes,Yes,18,Yes,Yes,No,No,Yes,No,No,No,No internet service,Month-to-month,Yes,Mailed check,32.1,579.89,No
4262-G390,Male,0,No,No,63,Yes,Yes,Fiber optic,Yes,Yes,Yes,No,No internet service,No internet service,Month-to-month,Yes,Credit card (automatic),108.92,6867.07,Yes
3853-H368,Female,0,No,No,61,Yes,No phone service,Fiber optic,Yes,Yes,No,Yes,No internet service,No internet service,Month-to-month,Yes,Credit card (automatic),92.71,5656.0,No
3855-K967,Male,0,Yes,No,49,Yes,No phone service,DSL,No,Yes,No,No,No,No,Month-to-month,No,Bank transfer (automatic),84.63,4145.74,No
5029-F300,Male,0,No,No,47,Yes,Yes,DSL,Yes,No internet service,No internet service,No,Yes,Yes,One year,No,Bank transfer (automatic),26.58,1242.85,No
1352-F963,Female,0,No,Yes,39,Yes,No,DSL,No,No,Yes,Yes,No,No internet service,One year,No,Electronic check,110.61,4308.66,No
5289-D121,Female,0,Yes,Yes,6,Yes,No phone service,Fiber optic,Yes,Yes,No,No,No,Yes,One year,Yes,Credit card (automatic),47.93,299.47,No
3248-M770,Male,1,No,No,53,Yes,No phone service,DSL,No internet service,Yes,No internet service,No internet service,No,No,Two year,No,Electronic check,93.18,4928.37,No
2818-K315,Female,0,Yes,No,25,Yes,No phone service,No,No,No,Yes,No,No internet service,Yes,One year,No,Credit card (automatic),107.17,2679.79,No
5998-O345,Female,0,No,Yes,65,Yes,Yes,DSL,No internet service,No internet service,No,No,No internet service,Yes,Two year,Yes,Electronic check,42.8,2789.1,No
7056-Z481,Male,0,No,No,5,Yes,No phone service,DSL,No internet service,Yes,No internet service,Yes,Yes,No internet service,One year,Yes,Credit card (automatic),110.17,540.31,No
3807-Q918,Male,0,No,No,65,Yes,Yes,DSL,No internet service,No,Yes,Yes,No,No internet service,Month-to-month,Yes,Bank transfer (automatic),79.75,5188.42,No
8106-W166,Male,0,No,No,8,Yes,Yes,No,No internet service,No,No,Yes,No,No,Month-to-month,No,Bank transfer (automatic),84.48,686.32,No
2941-E233,Female,0,No,No,39,Yes,No,DSL,No,No internet service,No internet service,Yes,No,No internet service,One year,Yes,Electronic check,110.16,4299.77,No
4107-G645,Male,0,Yes,No,43,Yes,No,DSL,Yes,No,Yes,No internet service,No,Yes,One year,Yes,Electronic check,71.19,3072.43,No
7196-W483,Female,0,No,No,5,Yes,No,Fiber optic,No,No internet service,No internet service,No,No internet service,Yes,One year,No,Electronic check,62.54,312.29,No
6209-T539,Male,0,No,Yes,4,Yes,No phone service,Fiber optic,No,No,No internet service,No,Yes,Yes,One year,Yes,Mailed check,81.89,319.09,No
5006-B881,Male,0,Yes,Yes,1,No,Yes,DSL,Yes,Yes,No,No internet service,No internet service,Yes,Two year,Yes,Electronic check,73.93,72.4,No
4098-R401,Male,1,Yes,Yes,56,Yes,No phone service,Fiber optic,No internet service,No internet service,No internet service,Yes,No,No internet service,Month-to-month,No,Electronic check,24.43,1354.43,No
3434-K353,Female,0,No,Yes,45,Yes,Yes,DSL,Yes,No,No,No,No internet service,No,One year,Yes,Electronic check,36.39,1661.31,No
1872-U914,Female,0,Yes,No,65,Yes,No phone service,DSL,No internet service,Yes,No,No internet service,Yes,No internet service,One year,No,Mailed check,19.61,1274.57,No
5588-E971,Male,0,No,No,3,Yes,Yes,No,No,No,No internet service,No,No,Yes,Month-to-month,Yes,Mailed check,29.12,68.54,No
9327-S600,Male,0,Yes,Yes,22,Yes,No,DSL,Yes,Yes,No internet service,No internet service,No,No,Two year,No,Credit card (automatic),91.6,2008.68,No
4428-X183,Male,0,Yes,Yes,72,Yes,No,Fiber optic,Yes,No internet service,No internet service,No internet service,No internet service,No,One year,Yes,Bank transfer (automatic),18.72,1345.83,No
8711-Z779,Female,0,No,Yes,56,Yes,No phone service,Fiber optic,No internet service,Yes,No internet service,No,No internet service,Yes,Month-to-month,Yes,Electronic check,48.84,2722.26,No
2062-F620,Male,0,Yes,Yes,18,Yes,Yes,Fiber optic,Yes,No,Yes,Yes,No internet service,Yes,Month-to-month,No,Electronic check,63.41,1128.48,No
7358-Y760,Female,0,No,Yes,25,No,No,Fiber optic,No,Yes,No,Yes,Yes,No internet service,One year,No,Bank transfer (automatic),112.5,2809.06,No
9342-L610,Male,0,Yes,No,48,Yes,Yes,DSL,Yes,Yes,No internet service,No internet service,Yes,No,Month-to-month,No,Credit card (automatic),51.11,2458.69,No
9501-O283,Male,0,Yes,No,31,No,No phone service,No,Yes,No internet service,Yes,Yes,Yes,No,Month-to-month,Yes,Credit card (automatic),96.95,3014.95,No
6272-W482,Male,0,Yes,Yes,30,Yes,No,No,No,Yes,No internet service,No,No,No internet service,Month-to-month,Yes,Electronic check,59.33,1791.06,No
9609-W594,Male,0,No,Yes,66,Yes,No phone service,DSL,No internet service,Yes,Yes,No internet service,No,Yes,Two year,Yes,Bank transfer (automatic),28.15,1852.01,No
9106-P374,Male,0,No,No,10,No,No phone service,Fiber optic,Yes,No,No,No,No internet service,No,One year,No,Electronic check,28.18,255.05,No
7569-U909,Male,0,Yes,No,71,Yes,Yes,No,No internet service,No,No internet service,No,No,No internet service,Month-to-month,Yes,Electronic check,61.71,4399.19,No
1599-G324,Female,0,No,No,59,Yes,No phone service,No,Yes,No internet service,Yes,Yes,Yes,No,Two year,No,Electronic check,24.07,1417.95,No
4325-O983,Male,1,No,Yes,51,Yes,No phone service,DSL,No,No internet service,Yes,No,No,No internet service,Two year,Yes,Bank transfer (automatic),75.7,3856.33,No
4840-M323,Female,0,No,No,9,Yes,Yes,Fiber optic,No internet service,No internet service,No,No internet service,No internet service,No,One year,No,Bank transfer (automatic),67.86,623.14,No
6013-N486,Male,1,Yes,Yes,54,Yes,Yes,No,Yes,No,No internet service,No internet service,No internet service,Yes,Month-to-month,No,Credit card (automatic),88.85,4794.78,No
3575-L360,Male,0,No,Yes,62,Yes,No phone service,DSL,No internet service,Yes,No internet service,No,No internet service,Yes,One year,No,Bank transfer (automatic),36.9,2292.71,No
2388-E869,Female,0,Yes,No,9,Yes,No,No,Yes,No internet service,No,No,No internet service,No,Month-to-month,No,Bank transfer (automatic),77.84,703.02,No
2376-J555,Male,0,Yes,No,9,Yes,No,No,No,No,No,No internet service,No,No,Month-to-month,Yes,Bank transfer (automatic),35.79,309.74,No
9500-L335,Female,1,Yes,No,24,Yes,Yes,Fiber optic,No,No,No,Yes,No internet service,No,Month-to-month,No,Mailed check,90.83,2169.05,No
1674-O624,Female,0,Yes,Yes,39,Yes,No phone service,Fiber optic,Yes,No internet service,Yes,Yes,No,No internet service,Month-to-month,Yes,Credit card (automatic),49.12,1913.46,No
6511-N561,Male,0,Yes,No,8,Yes,No,No,Yes,No,Yes,Yes,No internet service,Yes,Month-to-month,Yes,Bank transfer (automatic),80.0,639.83,No
8660-N518,Female,0,No,No,25,Yes,Yes,Fiber optic,No internet service,Yes,No,No,No internet service,No internet service,One year,No,Electronic check,106.96,2667.78,No
7021-Z609,Female,0,No,Yes,66,Yes,Yes,No,Yes,No,No internet service,No,No,Yes,Month-to-month,No,Mailed check,67.32,4436.81,No
6194-I491,Male,0,Yes,No,10,Yes,Yes,No,No internet service,No,Yes,No internet service,Yes,Yes,One year,Yes,Mailed check,37.58,375.08,No
1404-F552,Female,1,No,No,24,No,No phone service,No,Yes,Yes,No,No internet service,Yes,No internet service,One year,Yes,Credit card (automatic),107.31,2568.4,No
4830-I760,Male,1,No,Yes,59,Yes,Yes,DSL,No,No internet service,Yes,No internet service,Yes,Yes,Month-to-month,Yes,Mailed check,54.29,,No
2243-L184,Male,0,No,Yes,31,Yes,No,Fiber optic,No internet service,No,Yes,No internet service,Yes,Yes,One year,No,Mailed check,91.64,2843.86,No
5825-Q625,Male,1,No,Yes,11,No,No phone service,Fiber optic,No internet service,Yes,No,Yes,No internet service,No,Month-to-month,Yes,Credit card (automatic),50.42,549.35,No
9956-U180,Male,0,No,Yes,6,Yes,No,No,No,No internet service,No internet service,No,No,No internet service,One year,Yes,Bank transfer (automatic),48.22,295.21,No
5528-H200,Female,0,No,Yes,70,Yes,No,Fiber optic,No internet service,Yes,No internet service,No,Yes,No internet service,Month-to-month,Yes,Credit card (automatic),82.77,5807.2,No
2942-C468,Male,0,No,No,32,Yes,No,No,No,No,Yes,Yes,No internet service,Yes,One year,Yes,Electronic check,33.96,1088.5,No
1627-R305,Male,0,Yes,No,39,Yes,No phone service,Fiber optic,No,Yes,No internet service,No internet service,No,No internet service,Month-to-month,Yes,Bank transfer (automatic),105.38,4095.37,No
6468-G791,Female,1,Yes,Yes,48,No,No,Fiber optic,No,No internet service,No internet service,No internet service,No internet service,Yes,Month-to-month,Yes,Bank transfer (automatic),57.21,2761.81,No
6394-I409,Male,0,Yes,No,13,Yes,Yes,No,Yes,No internet service,No,No,Yes,Yes,Month-to-month,No,Mailed check,20.19,279.16,No
5496-G822,Male,0,No,No,59,Yes,Yes,Fiber optic,No,No internet service,No,No internet service,No,No internet service,Two year,No,Bank transfer (automatic),48.95,2900.45,No
3258-Y833,Female,0,No,Yes,67,Yes,No,No,No internet service,Yes,No,No,No,Yes,One year,No,Mailed check,97.14,6514.68,No
9898-I108,Female,0,Yes,Yes,56,Yes,Yes,DSL,Yes,Yes,No internet service,Yes,No internet service,No,Two year,No,Bank transfer (automatic),104.62,5863.79,No
5906-J942,Female,0,No,Yes,41,Yes,No phone service,No,No,No internet service,No internet service,No,No internet service,No internet service,Two year,No,Credit card (automatic),75.32,3089.55,No
6679-Z513,Female,1,No,No,56,Yes,No phone service,Fiber optic,No,No internet service,No,Yes,No,No internet service,Two year,Yes,Mailed check,47.81,2678.33,No
7647-S875,Female,1,Yes,Yes,35,Yes,Yes,DSL,No,No internet service,No internet service,No internet service,Yes,Yes,One year,No,Credit card (automatic),71.3,2483.88,No
1194-P769,Female,0,Yes,No,38,Yes,Yes,DSL,No internet service,No,No,No,Yes,No internet service,Month-to-month,Yes,Mailed check,102.31,3876.37,No
9399-Y252,Female,0,Yes,No,67,Yes,No phone service,No,Yes,No,Yes,No internet service,No,No internet service,Two year,No,Mailed check,50.01,3341.87,No
7512-H332,Male,0,No,No,34,Yes,No,DSL,Yes,No,Yes,No internet service,No,No,Month-to-month,No,Mailed check,56.99,1917.57,No
4438-P339,Female,0,No,No,70,Yes,No phone service,No,Yes,No internet service,No internet service,No internet service,Yes,No,Month-to-month,No,Bank transfer (automatic),72.49,5061.83,No
9451-S904,Female,0,No,Yes,11,Yes,No,Fiber optic,No internet service,No,No internet service,No,Yes,No internet service,Two year,No,Bank transfer (automatic),107.41,1181.45,No
8679-X933,Female,0,Yes,No,27,Yes,Yes,No,No,No internet service,No internet service,No internet service,No internet service,Yes,Month-to-month,Yes,Credit card (automatic),76.76,2050.18,No
8559-K910,Male,0,Yes,Yes,48,Yes,Yes,DSL,Yes,Yes,No internet service,No,No internet service,No,Month-to-month,Yes,Electronic check,39.12,1868.24,No
2406-K966,Male,0,No,No,24,Yes,No,No,No,No internet service,Yes,No internet service,Yes,No,Month-to-month,No,Credit card (automatic),27.2,650.48,No
4077-N888,Female,0,Yes,Yes,18,Yes,No,No,No internet service,No internet service,No,Yes,No,No,Two year,Yes,Electronic check,27.8,492.74,No
7843-G549,Female,0,Yes,Yes,27,Yes,No phone service,Fiber optic,Yes,No,Yes,No,No,Yes,Two year,No,Mailed check,113.75,3067.9,No
8372-R130,Female,0,No,Yes,54,Yes,No,No,No internet service,Yes,No,Yes,No internet service,No internet service,One year,Yes,Electronic check,100.9,5451.46,No
7139-E691,Male,0,Yes,No,55,Yes,Yes,Fiber optic,Yes,Yes,No internet service,Yes,No,No internet service,Two year,No,Electronic check,95.22,5246.71,No
3102-J855,Male,1,Yes,No,21,Yes,Yes,DSL,Yes,Yes,No,No,No,No,Month-to-month,Yes,Mailed check,68.13,1423.36,No
1158-P929,Female,0,Yes,No,59,Yes,Yes,DSL,No,No,No,No,No,No internet service,Month-to-month,Yes,Credit card (automatic),85.84,5061.51,No
6810-K330,Male,1,No,Yes,34,Yes,No,No,No internet service,No,No,No,No,No,Month-to-month,No,Mailed check,31.05,1033.58,No
7867-N802,Female,0,No,No,58,Yes,No,No,Yes,No,No,No internet service,No internet service,No,Month-to-month,No,Mailed check,80.65,4683.63,No
7608-Y897,Male,0,Yes,No,48,Yes,Yes,DSL,Yes,No,Yes,No internet service,No,Yes,Month-to-month,Yes,Electronic check,99.73,4778.42,No
9808-J433,Male,0,No,No,54,Yes,No,DSL,No internet service,No,No internet service,Yes,Yes,Yes,Month-to-month,Yes,Mailed check,24.49,1325.89,No
1380-S904,Female,1,No,Yes,18,No,No phone service,DSL,No,No internet service,No internet service,No,No internet service,No,Month-to-month,No,Credit card (automatic),48.01,861.03,No
1527-E257,Female,0,No,No,3,Yes,No phone service,No,No internet service,Yes,No,Yes,No,Yes,Month-to-month,No,Electronic check,29.33,110.31,No
6410-S744,Female,0,Yes,No,24,Yes,No,DSL,Yes,No,No internet service,No internet service,No,Yes,Month-to-month,No,Credit card (automatic),44.4,1083.91,No
7404-M309,Female,0,No,Yes,1,Yes,No,No,No internet service,Yes,Yes,Yes,No,Yes,Two year,No,Mailed check,95.89,102.18,No
7400-C647,Male,0,Yes,Yes,6,Yes,Yes,DSL,No,No,No,Yes,No internet service,No internet service,Month-to-month,Yes,Credit card (automatic),51.62,313.99,No
7331-G586,Male,0,Yes,Yes,19,Yes,No,DSL,No,No internet service,No internet service,No,No,No internet service,Month-to-month,Yes,Credit card (automatic),87.56,1666.19,No
2779-K683,Male,1,No,Yes,43,No,Yes,No,No,Yes,No internet service,No,No internet service,Yes,Month-to-month,No,Mailed check,95.97,4122.11,No
8397-U411,Female,0,Yes,Yes,8,Yes,No phone service,Fiber optic,No,No,No,Yes,Yes,No internet service,Two year,Yes,Bank transfer (automatic),100.32,794.84,No
2527-F206,Male,0,No,Yes,69,Yes,No,No,No,No internet service,Yes,No internet service,No,No,One year,No,Credit card (automatic),106.02,7305.97,No
3910-B946,Female,0,No,No,52,Yes,No phone service,Fiber optic,No,No internet service,No,Yes,No internet service,No,One year,Yes,Bank transfer (automatic),78.31,4065.79,No
9005-A291,Male,0,Yes,No,47,Yes,No,No,No,Yes,No,No internet service,Yes,Yes,Month-to-month,Yes,Mailed check,46.45,2187.35,No
4260-C495,Female,0,Yes,Yes,28,Yes,No,Fiber optic,Yes,No,No internet service,Yes,No internet service,Yes,Month-to-month,Yes,Bank transfer (automatic),33.38,932.25,No
5650-G338,Female,0,No,No,46,No,Yes,Fiber optic,No internet service,No internet service,No internet service,Yes,No,No internet service,Month-to-month,Yes,Bank transfer (automatic),68.87,3147.57,No
5769-V636,Male,0,No,Yes,4,Yes,Yes,Fiber optic,No,No internet service,No,No,No internet service,Yes,Month-to-month,No,Bank transfer (automatic),28.66,140.29,No
2146-O158,Female,0,No,No,8,Yes,No,No,No internet service,No internet service,No,Yes,No,Yes,One year,No,Bank transfer (automatic),109.78,876.61,No
7039-Q111,Female,0,No,Yes,61,Yes,No,No,No internet service,Yes,No internet service,No internet service,No internet service,No,Two year,Yes,Credit card (automatic),62.72,3847.42,No
3815-K980,Male,1,Yes,Yes,17,Yes,Yes,No,Yes,Yes,No,Yes,Yes,No,Month-to-month,Yes,Credit card (automatic),105.98,1797.64,No
7731-M260,Female,0,Yes,No,34,Yes,No phone service,Fiber optic,No internet service,No,Yes,Yes,No,No internet service,One year,No,Electronic check,89.53,3041.56,No
2814-E649,Female,0,Yes,No,20,Yes,No,Fiber optic,No internet service,No,No,No internet service,Yes,No internet service,Month-to-month,No,Bank transfer (automatic),104.4,2097.28,No
7855-P860,Female,0,No,No,34,Yes,Yes,No,No,Yes,Yes,Yes,No,No internet service,Month-to-month,No,Mailed check,107.09,3638.07,No
2126-M986,Male,0,Yes,No,43,Yes,No,No,No,Yes,No,Yes,No internet service,Yes,Month-to-month,Yes,Credit card (automatic),23.61,1019.25,No
4382-E991,Male,0,Yes,No,10,Yes,Yes,DSL,No internet service,Yes,No,Yes,Yes,Yes,Two year,No,Bank transfer (automatic),91.14,908.11,No
4369-J542,Female,0,Yes,No,30,Yes,No phone service,DSL,No,No internet service,No,Yes,No,Yes,Month-to-month,No,Mailed check,41.02,1225.82,No
8778-F718,Male,0,Yes,No,25,Yes,No,DSL,Yes,Yes,No internet service,No internet service,Yes,Yes,One year,No,Electronic check,117.67,2957.11,No
6084-S307,Female,1,No,No,57,Yes,No,DSL,No internet service,No,No internet service,No internet service,Yes,No,Month-to-month,Yes,Mailed check,96.48,5487.3,No
9232-W801,Female,0,Yes,Yes,63,Yes,No phone service,DSL,No internet service,No internet service,No internet service,No internet service,No,No internet service,Month-to-month,Yes,Mailed check,18.63,1168.59,No
8519-I306,Female,0,Yes,No,71,Yes,No,No,Yes,Yes,No internet service,No internet service,No internet service,No internet service,Month-to-month,No,Bank transfer (automatic),111.46,7931.92,No
1121-E556,Female,0,Yes,No,47,No,No,Fiber optic,Yes,No,No internet service,Yes,Yes,No,Month-to-month,No,Credit card (automatic),47.63,2235.32,No
2048-M719,Female,0,Yes,Yes,3,Yes,No,Fiber optic,Yes,Yes,No internet service,No internet service,No,No,Two year,Yes,Mailed check,60.12,,No
5044-Q436,Male,0,No,Yes,46,Yes,Yes,No,Yes,No,No,Yes,Yes,Yes,One year,Yes,Mailed check,79.78,3676.03,No
9043-O573,Female,1,No,Yes,36,Yes,Yes,No,No internet service,No internet service,Yes,No,Yes,No internet service,Month-to-month,Yes,Electronic check,110.34,3971.88,No
1640-X193,Male,0,Yes,Yes,26,Yes,No,No,No,No internet service,No internet service,Yes,No internet service,No internet service,One year,No,Credit card (automatic),111.45,2902.2,No
5717-U567,Male,0,No,No,10,Yes,No phone service,DSL,No,No,No internet service,Yes,No,No,Month-to-month,No,Credit card (automatic),74.88,749.46,No
6681-W962,Female,0,No,No,34,Yes,No phone service,DSL,No,No,No,No internet service,No,No internet service,One year,Yes,Credit card (automatic),50.08,1691.67,No
5873-M727,Female,0,No,Yes,8,Yes,No,DSL,No,No internet service,No internet service,No internet service,Yes,No,One year,No,Credit card (automatic),46.31,372.87,No
3869-N355,Male,0,No,Yes,55,Yes,Yes,No,Yes,No internet service,No,No internet service,No internet service,No internet service,Month-to-month,Yes,Credit card (automatic),54.87,3030.52,No
3942-T850,Male,0,Yes,No,10,Yes,Yes,No,No,No,No internet service,No,No internet service,No,Two year,Yes,Electronic check,36.39,358.89,No
8079-O493,Male,0,No,No,57,Yes,No,Fiber optic,No,No,Yes,Yes,No internet service,Yes,Month-to-month,Yes,Credit card (automatic),85.57,4868.63,No
4005-W682,Female,0,No,No,45,Yes,Yes,No,No internet service,Yes,No internet service,No,No,No internet service,Month-to-month,No,Credit card (automatic),71.29,3206.32,No
2565-M815,Male,0,Yes,No,50,Yes,Yes,DSL,No internet service,Yes,No internet service,Yes,No,Yes,One year,No,Bank transfer (automatic),95.98,4796.91,No
1715-H991,Female,1,Yes,Yes,64,Yes,No phone service,Fiber optic,No,No internet service,No,Yes,Yes,No,Month-to-month,No,Electronic check,27.71,1770.23,No
3587-I743,Female,0,Yes,No,2,Yes,No,No,Yes,No internet service,No internet service,No,No internet service,No internet service,Month-to-month,Yes,Electronic check,58.44,129.23,No
9810-J782,Female,1,Yes,Yes,45,Yes,Yes,Fiber optic,No,Yes,No,No,No internet service,No internet service,Month-to-month,Yes,Credit card (automatic),42.36,1908.62,No
2093-W843,Male,0,No,Yes,62,Yes,Yes,Fiber optic,Yes,Yes,Yes,Yes,No,Yes,Two year,No,Mailed check,72.04,4483.05,No
4559-P521,Female,0,Yes,Yes,14,No,Yes,No,No internet service,No internet service,No internet service,No,Yes,Yes,Month-to-month,Yes,Bank transfer (automatic),65.31,916.61,No
2986-L178,Female,0,No,No,15,Yes,No,DSL,Yes,No internet service,No,No internet service,No,No,Month-to-month,Yes,Bank transfer (automatic),63.43,955.06,No
2723-Q884,Female,0,No,Yes,14,Yes,No,DSL,No,No,Yes,Yes,No,Yes,Month-to-month,No,Mailed check,49.97,721.38,No
6341-N561,Female,0,Yes,No,31,Yes,Yes,Fiber optic,No internet service,No,Yes,No internet service,Yes,No internet service,Month-to-month,Yes,Credit card (automatic),91.3,2833.73,No
3700-I312,Female,0,Yes,Yes,29,Yes,No phone service,No,No,No internet service,No,No,No internet service,No internet service,One year,No,Credit card (automatic),66.65,1930.3,No
9291-B573,Male,0,No,No,27,Yes,No phone service,No,No,Yes,No,No internet service,No internet service,No internet service,Month-to-month,No,Electronic check,38.58,1032.24,No
1437-C754,Female,1,No,Yes,9,No,No,DSL,Yes,No,No internet service,No,Yes,No internet service,One year,No,Credit card (automatic),73.27,650.89,No
8567-M451,Female,0,Yes,Yes,20,Yes,No phone service,No,No,No internet service,Yes,No internet service,No internet service,Yes,One year,Yes,Electronic check,78.22,1560.23,No
7542-G506,Male,0,Yes,No,58,Yes,Yes,No,No,Yes,Yes,No,Yes,Yes,Month-to-month,No,Electronic check,20.4,1180.7,No
1618-A356,Female,0,Yes,No,49,Yes,No,Fiber optic,No internet service,Yes,No,Yes,Yes,No,Month-to-month,No,Bank transfer (automatic),38.73,1877.14,No
2878-W239,Male,1,No,Yes,57,Yes,No,No,Yes,No internet service,Yes,Yes,No,Yes,One year,Yes,Mailed check,42.61,2428.61,No
6359-V866,Female,0,No,Yes,16,Yes,No phone service,No,Yes,No,No,Yes,No internet service,No,Month-to-month,No,Mailed check,43.18,663.6,No
8606-P572,Male,0,Yes,No,8,Yes,No,No,No internet service,No,No internet service,Yes,No internet service,Yes,Two year,No,Electronic check,42.25,350.77,No
2117-C661,Male,0,No,Yes,67,Yes,No phone service,DSL,No internet service,No internet service,No,No,Yes,Yes,Two year,Yes,Bank transfer (automatic),45.55,3032.97,No
4969-W548,Female,0,Yes,No,19,Yes,No phone service,DSL,Yes,Yes,No internet service,No internet service,No,No internet service,One year,Yes,Mailed check,44.65,850.2,No
3297-P940,Female,1,No,No,67,No,Yes,Fiber optic,No internet service,No,No,Yes,No,Yes,Two year,No,Electronic check,107.1,7177.16,No
5573-F274,Female,0,No,Yes,36,Yes,No phone service,DSL,Yes,No internet service,No internet service,No,No internet service,No,One year,No,Electronic check,50.37,1826.74,No
1295-T202,Male,0,Yes,No,60,No,No phone service,DSL,No internet service,No,Yes,No,Yes,No internet service,Month-to-month,Yes,Mailed check,53.4,3205.37,No
3903-J227,Male,1,Yes,Yes,36,Yes,No,DSL,Yes,No internet service,No,Yes,No internet service,Yes,Month-to-month,No,Mailed check,45.0,1619.01,No
9759-X500,Male,0,Yes,No,11,Yes,Yes,DSL,Yes,No,No,Yes,No internet service,No internet service,Month-to-month,Yes,Mailed check,115.49,1273.54,No
3759-C787,Female,0,No,No,51,Yes,Yes,Fiber optic,No internet service,No,No,No,No,No internet service,Month-to-month,Yes,Bank transfer (automatic),72.07,3670.3,No
1183-V379,Male,0,No,Yes,55,Yes,No phone service,No,No,No,No internet service,No internet service,No,No internet service,Month-to-month,No,Electronic check,79.61,4373.43,No
3514-O466,Male,0,Yes,No,54,Yes,No,No,No,No internet service,No,No,No,No,Month-to-month,No,Credit card (automatic),92.17,4979.32,No
3915-G831,Female,0,No,Yes,17,Yes,No,No,No internet service,No internet service,No,Yes,No,No,Month-to-month,No,Mailed check,51.79,877.5,No
1564-V645,Male,0,Yes,No,62,Yes,No,Fiber optic,Yes,Yes,Yes,Yes,Yes,Yes,Month-to-month,Yes,Bank transfer (automatic),115.61,7174.23,No
4541-O813,Male,0,No,No,42,Yes,Yes,DSL,No internet service,No,No,Yes,No internet service,No internet service,Month-to-month,No,Bank transfer (automatic),33.56,1400.71,No
1782-U930,Female,0,Yes,No,24,Yes,Yes,Fiber optic,No,No,No,No internet service,No,Yes,Month-to-month,Yes,Mailed check,64.26,1551.76,No
9566-U778,Male,0,No,No,17,Yes,No phone service,Fiber optic,Yes,No internet service,No,No internet service,No internet service,No,One year,No,Mailed check,32.87,563.49,No
2684-M806,Female,1,No,Yes,48,No,No phone service,Fiber optic,Yes,No,No,No internet service,Yes,No internet service,Month-to-month,Yes,Mailed check,97.68,4688.9,No
6051-O153,Female,0,No,No,70,Yes,No,No,Yes,No internet service,Yes,No,No,No,Two year,Yes,Mailed check,29.04,2017.4,No
1076-B890,Female,0,No,No,7,Yes,No phone service,DSL,No,Yes,No,No,Yes,No internet service,Two year,Yes,Bank transfer (automatic),73.92,525.82,No
7183-Y306,Female,0,Yes,No,14,No,No,No,No,No,No,No internet service,No,No internet service,One year,Yes,Mailed check,28.78,422.55,No
5091-L344,Female,0,No,Yes,11,Yes,Yes,Fiber optic,Yes,No internet service,Yes,No internet service,No internet service,No internet service,Month-to-month,Yes,Electronic check,63.74,696.5,No
4276-C116,Male,0,Yes,Yes,12,Yes,No phone service,Fiber optic,Yes,No internet service,No internet service,Yes,Yes,Yes,One year,Yes,Electronic check,46.42,565.63,No
7908-A114,Male,0,Yes,Yes,5,Yes,No,No,No,No,No internet service,Yes,No,No,Month-to-month,No,Mailed check,109.03,544.0,No
6523-G796,Female,0,Yes,Yes,5,Yes,Yes,No,No,Yes,Yes,No,No internet service,No,One year,Yes,Mailed check,23.59,106.98,No
2035-H198,Female,0,Yes,No,20,Yes,No,No,Yes,No internet service,Yes,No internet service,No internet service,No,Month-to-month,Yes,Bank transfer (automatic),83.57,1663.73,No
3750-X271,Male,0,No,No,54,Yes,No phone service,DSL,No internet service,No,No internet service,No internet service,No internet service,No internet service,One year,No,Electronic check,88.12,4757.41,No
1721-N624,Female,0,Yes,No,55,Yes,No,No,No internet service,Yes,No,No,No,Yes,One year,No,Electronic check,107.59,5921.98,No
2764-K430,Female,0,No,Yes,58,Yes,Yes,DSL,No internet service,No internet service,No internet service,No internet service,No internet service,Yes,One year,Yes,Bank transfer (automatic),106.46,6160.08,No
4105-T312,Female,1,No,Yes,30,Yes,No phone service,DSL,No,Yes,No,Yes,No internet service,Yes,One year,Yes,Mailed check,116.44,3486.15,No
9875-M538,Male,0,No,No,24,Yes,Yes,No,No internet service,No internet service,Yes,No internet service,No,Yes,Month-to-month,Yes,Credit card (automatic),43.77,1050.81,No
2979-H318,Male,0,No,No,3,Yes,No phone service,Fiber optic,No internet service,No,Yes,No,Yes,No internet service,One year,No,Bank transfer (automatic),45.87,125.01,No
2734-L431,Female,0,Yes,No,48,Yes,No,Fiber optic,No,No,Yes,No,No internet service,No internet service,Month-to-month,Yes,Bank transfer (automatic),58.18,2796.56,No
3844-A511,Female,1,No,Yes,71,Yes,Yes,DSL,No internet service,No,No internet service,No internet service,No,Yes,Month-to-month,Yes,Credit card (automatic),72.28,5149.12,No
6181-A498,Male,0,Yes,No,22,Yes,Yes,DSL,Yes,Yes,Yes,No,Yes,Yes,Month-to-month,Yes,Electronic check,55.15,1212.28,No
4485-O325,Male,0,No,No,14,Yes,No,DSL,No,Yes,No internet service,Yes,No internet service,No,Month-to-month,Yes,Bank transfer (automatic),92.65,1304.45,No
2081-V934,Female,0,No,Yes,48,Yes,Yes,Fiber optic,Yes,No,No,Yes,No,No internet service,Month-to-month,No,Electronic check,19.11,904.52,No
5562-U738,Female,1,Yes,Yes,29,Yes,Yes,DSL,No internet service,No internet service,No,Yes,No,Yes,One year,No,Electronic check,20.02,574.27,No
7045-B168,Male,0,No,No,50,Yes,Yes,DSL,Yes,Yes,No,No internet service,No internet service,No internet service,One year,Yes,Bank transfer (automatic),90.21,4520.45,No
4580-N408,Male,0,No,Yes,10,Yes,Yes,Fiber optic,No,Yes,Yes,No,Yes,No,Month-to-month,No,Bank transfer (automatic),107.0,1056.36,No
9185-D829,Male,1,No,No,71,Yes,No,No,No internet service,No internet service,No,Yes,Yes,Yes,Month-to-month,Yes,Mailed check,96.29,6829.49,No
9784-Z970,Female,1,No,No,27,Yes,Yes,Fiber optic,No,No internet service,Yes,No,Yes,No internet service,One year,Yes,Electronic check,30.02,821.97,No
3809-I197,Male,1,No,No,28,Yes,Yes,No,No internet service,No,No internet service,No,No internet service,No internet service,Two year,No,Bank transfer (automatic),112.21,3135.78,No
6314-U813,Female,0,Yes,No,9,Yes,Yes,No,No,Yes,Yes,No,No internet service,No internet service,Month-to-month,Yes,Electronic check,70.7,616.3,No
7366-V889,Male,0,No,Yes,71,Yes,No phone service,DSL,No,No internet service,No,Yes,Yes,No internet service,Month-to-month,No,Bank transfer (automatic),92.85,6586.71,No
3177-K279,Male,0,No,Yes,26,Yes,No phone service,DSL,Yes,No internet service,Yes,No,Yes,No internet service,Two year,No,Bank transfer (automatic),38.46,1017.4,No
6209-V593,Male,0,Yes,Yes,8,Yes,No,No,No,No,Yes,Yes,Yes,No internet service,Month-to-month,Yes,Mailed check,73.4,601.6,No
2106-K118,Male,0,No,No,2,Yes,No,DSL,No,No,No internet service,Yes,Yes,No,Month-to-month,No,Mailed check,51.42,102.05,No
8354-M623,Female,0,Yes,No,57,Yes,No,No,Yes,Yes,Yes,Yes,No,No internet service,Two year,No,Mailed check,116.21,6621.64,No
4808-Q701,Female,0,No,No,52,Yes,Yes,DSL,No internet service,No internet service,No,No internet service,No internet service,No,Month-to-month,No,Bank transfer (automatic),65.91,3450.91,No
1217-H121,Male,0,No,Yes,58,Yes,No phone service,Fiber optic,No internet service,No,Yes,No,Yes,No,One year,No,Mailed check,94.19,5453.66,No
3032-J342,Female,0,Yes,Yes,3,Yes,No phone service,No,No,Yes,Yes,No internet service,No,No internet service,Month-to-month,Yes,Electronic check,78.87,230.19,No
8020-Y349,Male,0,No,No,8,No,No,No,Yes,No,No,No internet service,Yes,Yes,Month-to-month,Yes,Electronic check,27.73,232.43,No
2300-B240,Male,0,No,Yes,59,Yes,No phone service,DSL,No internet service,Yes,Yes,No internet service,Yes,No internet service,Month-to-month,No,Bank transfer (automatic),72.81,4287.13,No
7136-P403,Male,0,Yes,Yes,2,Yes,No,Fiber optic,Yes,No internet service,No internet service,No internet service,No,No,Month-to-month,No,Mailed check,72.54,148.75,No
4309-E484,Male,0,Yes,Yes,62,Yes,Yes,DSL,No,No,No,Yes,Yes,No internet service,One year,No,Credit card (automatic),90.18,5578.8,No
4348-U138,Female,0,No,Yes,49,Yes,No phone service,Fiber optic,Yes,Yes,No,Yes,Yes,No internet service,Month-to-month,No,Bank transfer (automatic),50.6,2494.3,No
4900-X712,Male,0,Yes,No,20,Yes,Yes,DSL,No,Yes,Yes,No,No,No internet service,One year,No,Credit card (automatic),104.75,2090.68,No
8270-X998,Male,0,No,Yes,29,No,Yes,No,No internet service,No internet service,No internet service,No,No,No,Month-to-month,No,Bank transfer (automatic),80.82,2337.28,No
6385-E384,Female,0,Yes,No,17,Yes,No phone service,Fiber optic,No internet service,No,No internet service,Yes,No,No,Month-to-month,No,Credit card (automatic),22.2,368.97,No
6202-U905,Male,1,No,Yes,22,Yes,No,Fiber optic,No internet service,Yes,No,No,No,No,One year,Yes,Electronic check,89.29,1952.88,No
1648-Q910,Male,0,Yes,No,6,Yes,No phone service,DSL,No internet service,Yes,No,No,No,Yes,Month-to-month,Yes,Credit card (automatic),109.4,652.91,No
7797-U932,Male,0,Yes,No,62,Yes,Yes,Fiber optic,Yes,Yes,Yes,No internet service,Yes,Yes,Month-to-month,Yes,Mailed check,86.91,5364.84,No
5726-Y124,Female,1,Yes,Yes,31,Yes,No,DSL,Yes,Yes,No,No internet service,No internet service,Yes,Month-to-month,Yes,Credit card (automatic),56.44,1738.74,No
4752-X439,Male,0,Yes,No,62,Yes,Yes,Fiber optic,Yes,No,No internet service,No internet service,No,Yes,Month-to-month,Yes,Credit card (automatic),77.61,4811.99,No
6615-H310,Female,1,Yes,No,12,Yes,No,DSL,No,No,Yes,No internet service,No internet service,No internet service,Month-to-month,No,Electronic check,35.48,426.64,No
9836-B780,Male,1,Yes,Yes,12,Yes,No phone service,DSL,No internet service,Yes,Yes,No internet service,Yes,Yes,One year,No,Mailed check,78.68,943.45,No
5068-Z803,Male,0,Yes,No,63,Yes,Yes,DSL,No internet service,No,No internet service,Yes,No,Yes,One year,No,Mailed check,68.6,4314.21,No
4644-T993,Female,1,Yes,Yes,16,Yes,No,No,No internet service,No,No internet service,No internet service,No internet service,Yes,One year,Yes,Credit card (automatic),20.88,349.22,No
7250-Q429,Male,0,Yes,No,25,Yes,No,Fiber optic,Yes,No internet service,No,No internet service,No internet service,No internet service,Two year,Yes,Bank transfer (automatic),50.6,1273.69,No
4007-O744,Male,0,No,Yes,22,Yes,No phone service,No,Yes,No internet service,No internet service,Yes,No internet service,Yes,Two year,No,Mailed check,37.47,823.3,No
1099-C990,Female,0,Yes,Yes,18,Yes,No,No,No internet service,Yes,Yes,No internet service,No internet service,Yes,One year,No,Mailed check,57.51,1034.03,No
9055-C297,Female,0,No,Yes,45,Yes,No,No,No,No internet service,Yes,No,No internet service,Yes,Month-to-month,Yes,Bank transfer (automatic),42.55,1910.01,No
1853-U244,Female,1,Yes,Yes,68,Yes,Yes,No,Yes,No,No internet service,Yes,No,No,One year,Yes,Electronic check,102.09,6935.69,No
4345-E193,Female,0,No,Yes,12,Yes,No phone service,Fiber optic,No internet service,Yes,No,No,No,Yes,Month-to-month,No,Electronic check,88.37,1058.87,Yes
3845-S662,Female,0,No,No,49,Yes,No phone service,Fiber optic,No internet service,No internet service,Yes,No,No,Yes,Month-to-month,No,Electronic check,92.63,4548.32,No
4348-H619,Male,0,Yes,No,33,No,Yes,No,No internet service,Yes,No,Yes,No internet service,Yes,Month-to-month,No,Mailed check,54.52,1794.69,No
2280-N842,Female,0,Yes,Yes,63,Yes,Yes,Fiber optic,No,Yes,No internet service,Yes,No internet service,No internet service,Two year,Yes,Mailed check,18.6,1184.6,No
8652-J268,Male,0,No,No,18,Yes,Yes,Fiber optic,No internet service,No internet service,No,No internet service,Yes,Yes,Two year,No,Bank transfer (automatic),40.27,718.35,No
4236-H534,Male,0,No,No,54,Yes,No,DSL,Yes,No,Yes,Yes,No internet service,Yes,One year,No,Bank transfer (automatic),94.16,5099.55,No
3890-T354,Male,1,Yes,No,27,Yes,No phone service,Fiber optic,No,No,No internet service,Yes,Yes,No,Month-to-month,Yes,Bank transfer (automatic),78.84,2125.71,No
5966-J690,Female,0,Yes,Yes,25,Yes,No phone service,No,No,No internet service,Yes,No internet service,Yes,No,Month-to-month,Yes,Credit card (automatic),72.38,1816.3,No
8344-U306,Female,1,Yes,Yes,34,Yes,No phone service,Fiber optic,No internet service,No internet service,Yes,No internet service,No,No internet service,Month-to-month,No,Electronic check,46.44,1601.72,No
5454-Z592,Male,0,No,No,60,Yes,No,No,Yes,No internet service,No internet service,Yes,No internet service,No internet service,Two year,Yes,Mailed check,25.86,1575.78,No
2310-L507,Female,0,Yes,Yes,54,Yes,No phone service,Fiber optic,Yes,No internet service,No,No internet service,No internet service,Yes,One year,No,Bank transfer (automatic),97.13,5231.6,No
7188-F582,Female,0,Yes,Yes,5,No,No phone service,No,No internet service,Yes,No internet service,No internet service,Yes,No,One year,Yes,Mailed check,22.13,120.99,No
8231-N617,Female,0,Yes,No,36,Yes,No phone service,Fiber optic,No internet service,No,Yes,No internet service,Yes,No internet service,Month-to-month,No,Credit card (automatic),24.19,861.4,No
8101-Y259,Female,0,Yes,Yes,54,Yes,No phone service,Fiber optic,Yes,No,Yes,No,No internet service,No internet service,Month-to-month,No,Bank transfer (automatic),47.89,2589.81,No
8897-A880,Male,1,Yes,Yes,36,Yes,Yes,Fiber optic,No,No internet service,Yes,No internet service,Yes,No,Month-to-month,Yes,Bank transfer (automatic),75.83,2734.77,No
7249-N974,Male,0,No,Yes,69,Yes,No,No,No,No,No internet service,No,No internet service,Yes,Month-to-month,No,Credit card (automatic),117.97,8148.54,No
2363-Y407,Female,1,No,Yes,39,No,No phone service,DSL,No internet service,No,No internet service,Yes,No internet service,No,Month-to-month,No,Electronic check,27.36,1054.24,No
9801-E666,Male,0,Yes,Yes,70,Yes,No phone service,No,No internet service,No,No internet service,No,Yes,Yes,Month-to-month,Yes,Electronic check,65.8,4594.21,No
3878-I489,Female,0,Yes,No,4,Yes,No phone service,Fiber optic,Yes,No internet service,No internet service,No,No,Yes,Two year,Yes,Mailed check,78.73,306.65,No
8596-J564,Female,0,No,Yes,65,Yes,No phone service,No,Yes,No internet service,No,No,No internet service,No,One year,Yes,Mailed check,100.97,6568.88,No
5640-M675,Male,1,Yes,Yes,40,Yes,No phone service,Fiber optic,Yes,No,Yes,No,Yes,Yes,One year,Yes,Bank transfer (automatic),87.56,3504.86,No
8878-C441,Male,0,No,No,37,Yes,Yes,Fiber optic,Yes,No internet service,No,No,Yes,No internet service,Month-to-month,Yes,Electronic check,99.43,3683.02,Yes
3238-W580,Male,1,Yes,No,67,Yes,Yes,DSL,No internet service,No,Yes,No,Yes,No,Month-to-month,Yes,Mailed check,70.76,4729.16,No
4206-E294,Female,1,No,Yes,31,Yes,No,Fiber optic,No internet service,No internet service,Yes,Yes,No internet service,No internet service,Month-to-month,Yes,Electronic check,61.86,1919.33,No
1068-A982,Male,0,No,No,47,Yes,No,Fiber optic,Yes,No,No,Yes,No internet service,Yes,Month-to-month,Yes,Mailed check,80.43,3773.62,No
9203-X842,Female,0,Yes,Yes,27,No,No phone service,Fiber optic,No internet service,No internet service,No internet service,Yes,No internet service,Yes,Two year,No,Credit card (automatic),108.79,2931.18,No
7131-P514,Male,0,No,No,51,Yes,No phone service,DSL,No internet service,No,Yes,No,Yes,No,Month-to-month,No,Credit card (automatic),73.61,3752.83,No
7812-M860,Male,0,Yes,Yes,20,Yes,Yes,No,Yes,No internet service,No internet service,No internet service,No,No,Month-to-month,Yes,Mailed check,79.11,1567.04,No
7113-M601,Female,0,No,No,13,Yes,No,DSL,No,No internet service,No,No,No,Yes,Month-to-month,Yes,Credit card (automatic),52.22,684.17,No
6043-U702,Female,0,Yes,Yes,63,Yes,No phone service,No,No,No,Yes,Yes,No internet service,No,One year,No,Electronic check,78.16,4909.75,No
2167-N139,Female,0,Yes,No,44,Yes,No phone service,Fiber optic,Yes,Yes,No internet service,No,No internet service,Yes,Two year,Yes,Mailed check,81.34,3574.85,No
3039-M679,Female,0,Yes,Yes,24,Yes,No phone service,No,No,No,No,Yes,No internet service,No internet service,One year,No,Credit card (automatic),93.97,2262.7,No
3660-G881,Female,0,No,Yes,3,No,No,No,No internet service,No,Yes,No internet service,No,No,Month-to-month,No,Mailed check,75.75,212.14,No
8148-I889,Female,0,Yes,Yes,10,Yes,Yes,No,No,Yes,No,No internet service,No,No internet service,Month-to-month,Yes,Electronic check,38.1,366.97,No
6711-Q826,Female,0,Yes,No,65,Yes,Yes,No,Yes,No internet service,No internet service,Yes,No internet service,No,One year,No,Electronic check,76.73,4997.81,No
9005-U805,Female,0,Yes,No,49,Yes,No phone service,Fiber optic,Yes,Yes,Yes,Yes,Yes,No internet service,Month-to-month,No,Mailed check,48.19,2350.56,No
7032-W159,Male,0,No,Yes,58,Yes,No phone service,DSL,No,No,Yes,No,No,Yes,Month-to-month,Yes,Mailed check,27.03,1577.42,No
7313-N853,Female,1,Yes,Yes,2,Yes,No phone service,No,No,Yes,Yes,No,No internet service,Yes,Month-to-month,No,Electronic check,101.21,206.81,Yes
5043-H589,Female,0,No,Yes,66,Yes,No phone service,Fiber optic,No internet service,No internet service,No,No,No,Yes,Month-to-month,No,Mailed check,24.89,1629.34,No
1565-L746,Male,0,No,Yes,31,No,No phone service,Fiber optic,No,No,No,No internet service,Yes,Yes,Month-to-month,No,Mailed check,81.74,2535.65,No
1462-W781,Female,0,No,No,68,Yes,No,Fiber optic,No,No,No,No internet service,Yes,No,One year,No,Mailed check,117.59,8000.65,No
3422-I719,Male,0,Yes,No,37,Yes,Yes,Fiber optic,No,No internet service,No,No internet service,No,No internet service,Month-to-month,No,Bank transfer (automatic),27.06,987.28,No
8462-V250,Male,0,Yes,No,24,Yes,No,No,No internet service,No internet service,No internet service,No,No internet service,No,Two year,Yes,Electronic check,40.37,969.49,No
5166-H716,Female,1,No,Yes,44,Yes,No,DSL,No,No,No,Yes,No,No,Two year,Yes,Bank transfer (automatic),94.71,4175.6,No
3644-A219,Male,0,Yes,Yes,41,Yes,No phone service,Fiber optic,No internet service,No internet service,No,Yes,No internet service,Yes,Month-to-month,No,Bank transfer (automatic),27.99,1146.77,No
2512-U828,Female,0,Yes,No,51,Yes,No,DSL,No internet service,Yes,No,No,No,No,Month-to-month,No,Bank transfer (automatic),101.94,5200.44,No
7297-M823,Male,0,No,No,42,Yes,Yes,DSL,Yes,Yes,No internet service,No,Yes,No internet service,One year,Yes,Credit card (automatic),18.28,766.36,No
2316-Q293,Male,0,No,No,40,Yes,No phone service,DSL,Yes,Yes,No internet service,Yes,No,No,Two year,Yes,Bank transfer (automatic),107.69,4317.83,No
7929-F949,Male,0,Yes,No,48,Yes,Yes,Fiber optic,No internet service,Yes,Yes,Yes,No internet service,No internet service,Month-to-month,Yes,Mailed check,24.97,1197.59,No
7993-I808,Female,0,No,Yes,4,Yes,No,Fiber optic,No internet service,No internet service,No,No internet service,No internet service,Yes,Two year,No,Bank transfer (automatic),110.91,436.66,No
5951-Q645,Female,0,Yes,Yes,60,Yes,No phone service,Fiber optic,No internet service,Yes,Yes,No,Yes,Yes,One year,Yes,Credit card (automatic),105.14,6306.15,No
7271-S415,Male,0,No,Yes,39,No,Yes,DSL,Yes,Yes,Yes,No internet service,No internet service,No,Two year,Yes,Credit card (automatic),72.48,2811.08,No
7743-Y997,Male,0,Yes,No,5,Yes,Yes,Fiber optic,No internet service,No,No internet service,No internet service,No internet service,No internet service,Two year,Yes,Bank transfer (automatic),96.43,452.01,No
2456-D751,Female,0,Yes,Yes,6,Yes,No phone service,Fiber optic,Yes,No internet service,No internet service,Yes,Yes,Yes,Month-to-month,No,Electronic check,25.78,146.4,No
6642-E375,Female,1,No,No,14,Yes,Yes,DSL,Yes,No internet service,Yes,No,No internet service,Yes,Month-to-month,No,Mailed check,31.83,460.86,No
4432-X507,Male,0,Yes,No,70,Yes,No phone service,Fiber optic,No internet service,No internet service,Yes,Yes,No internet service,No,Month-to-month,Yes,Mailed check,55.36,3885.39,No
6047-A272,Male,0,Yes,No,12,Yes,No phone service,No,No internet service,No,No,No internet service,No,No internet service,Month-to-month,No,Electronic check,72.26,850.69,No
9056-A199,Female,0,No,No,62,Yes,No,No,No internet service,No,No internet service,No,No,Yes,One year,Yes,Mailed check,105.51,6531.13,No
2144-Y813,Female,0,Yes,No,27,Yes,Yes,No,Yes,No internet service,No internet service,No internet service,No,Yes,Two year,Yes,Credit card (automatic),72.79,1959.09,No
7845-Q526,Female,0,Yes,Yes,54,Yes,No phone service,No,No,Yes,Yes,No internet service,No,No internet service,Two year,No,Credit card (automatic),85.1,4593.49,No
5724-X541,Female,0,Yes,Yes,12,Yes,No,DSL,No internet service,No,No internet service,Yes,No,No,Month-to-month,No,Mailed check,86.58,1028.66,No
3795-F483,Female,0,No,Yes,8,Yes,No,Fiber optic,No,No,Yes,No,No,No,Month-to-month,Yes,Electronic check,106.45,845.47,No
4053-W237,Male,0,No,No,16,Yes,No phone service,No,No,No,Yes,No,No,Yes,One year,No,Mailed check,96.31,1551.21,No
4244-P286,Female,0,No,Yes,52,No,No phone service,No,No,No internet service,No internet service,No,Yes,Yes,Month-to-month,No,Bank transfer (automatic),116.44,6044.88,No
9234-D561,Male,0,No,No,26,Yes,Yes,Fiber optic,No,Yes,No,No,No,No,Month-to-month,No,Credit card (automatic),20.26,532.38,No
4482-F305,Female,0,No,Yes,8,Yes,Yes,DSL,No,No,No internet service,No internet service,No internet service,No,Two year,No,Credit card (automatic),39.14,320.74,No
1966-X287,Male,0,Yes,No,45,Yes,Yes,No,Yes,No,Yes,Yes,Yes,Yes,Two year,Yes,Bank transfer (automatic),111.76,5053.19,No
4143-I992,Female,0,Yes,No,19,Yes,No phone service,Fiber optic,Yes,No internet service,Yes,No,No,No internet service,Two year,Yes,Credit card (automatic),97.87,1852.66,No
7697-O741,Female,0,Yes,Yes,17,Yes,No,Fiber optic,Yes,Yes,No,No internet service,No,No internet service,Month-to-month,Yes,Bank transfer (automatic),45.12,755.86,No
2789-U270,Male,0,No,No,65,Yes,No,No,No,No,Yes,Yes,No internet service,Yes,One year,Yes,Credit card (automatic),116.16,7533.2,No
2307-J187,Male,0,Yes,Yes,29,Yes,No phone service,No,Yes,No internet service,No,Yes,Yes,Yes,One year,Yes,Electronic check,105.67,3071.03,No
7188-D383,Female,1,No,Yes,14,No,Yes,Fiber optic,No internet service,No internet service,No internet service,Yes,No internet service,Yes,Month-to-month,No,Credit card (automatic),24.75,350.79,No
2052-K130,Female,0,Yes,Yes,17,Yes,No,Fiber optic,No,No,No,No,No internet service,Yes,Two year,No,Mailed check,99.79,1695.39,No
4846-P596,Female,0,No,No,13,Yes,No,No,No internet service,No internet service,Yes,No internet service,Yes,No,Month-to-month,Yes,Mailed check,97.09,1265.4,No
2651-A162,Female,0,Yes,No,63,Yes,Yes,No,No,No internet service,Yes,Yes,No internet service,No internet service,One year,Yes,Mailed check,40.48,2551.07,No
5359-Y107,Female,1,Yes,No,33,Yes,No,No,No,No,No,Yes,Yes,No internet service,One year,Yes,Mailed check,85.51,2817.74,No
1685-D316,Male,0,No,No,29,Yes,Yes,No,No,No internet service,No internet service,Yes,No internet service,No internet service,Month-to-month,Yes,Electronic check,115.76,3353.68,No
9557-Z107,Male,0,Yes,Yes,37,Yes,No,DSL,No,Yes,No,No internet service,Yes,No,One year,No,Credit card (automatic),86.17,3187.32,No
7154-T632,Female,0,Yes,No,46,Yes,No,Fiber optic,No internet service,Yes,Yes,No internet service,No,Yes,Month-to-month,No,Mailed check,100.03,4625.89,No
5355-P584,Male,0,No,Yes,24,Yes,No,No,No,No,No internet service,No,Yes,No internet service,One year,No,Credit card (automatic),28.24,686.86,No
6521-T539,Male,0,Yes,Yes,14,Yes,Yes,Fiber optic,No,Yes,No,No,No internet service,No internet service,One year,No,Electronic check,91.36,1267.39,No
6514-L798,Male,0,Yes,No,5,Yes,No,No,Yes,Yes,No,No internet service,No internet service,No,One year,No,Bank transfer (automatic),38.83,198.12,No
6620-K936,Female,1,No,No,53,Yes,No,DSL,No,No,No,No,No,Yes,Two year,No,Electronic check,25.47,1349.84,No
4925-L781,Male,1,No,Yes,30,Yes,No,Fiber optic,No,No internet service,Yes,No internet service,No,Yes,Month-to-month,No,Mailed check,73.73,2229.96,No
7528-M725,Female,0,No,No,60,No,No phone service,DSL,No,Yes,Yes,No,No,Yes,Month-to-month,Yes,Electronic check,93.69,5633.99,No
1937-L994,Male,0,No,Yes,28,Yes,No,Fiber optic,No,No internet service,Yes,No,Yes,No internet service,Two year,Yes,Mailed check,73.2,2048.59,No
6410-Z202,Female,1,No,No,26,Yes,No,DSL,No,No,No internet service,No internet service,Yes,No,One year,Yes,Electronic check,111.88,2908.6,No
1050-O991,Male,0,Yes,No,18,Yes,Yes,No,No,Yes,No internet service,Yes,Yes,No internet service,Two year,No,Mailed check,88.16,1575.51,No
7583-X955,Female,0,No,Yes,36,Yes,Yes,No,No internet service,No,No internet service,Yes,Yes,No,Month-to-month,No,Bank transfer (automatic),30.07,1089.07,No
3275-A716,Female,0,No,Yes,8,Yes,No phone service,DSL,No internet service,No internet service,Yes,No,Yes,No,One year,Yes,Bank transfer (automatic),112.17,908.83,No
3013-Q386,Male,0,Yes,Yes,18,Yes,Yes,No,No,No,No internet service,Yes,No internet service,No internet service,Two year,Yes,Credit card (automatic),33.62,606.38,No
5072-L562,Female,0,Yes,No,58,Yes,Yes,DSL,No internet service,Yes,No internet service,Yes,No internet service,No,Two year,No,Credit card (automatic),94.45,5480.75,No
8785-Q523,Female,0,Yes,No,32,No,Yes,DSL,Yes,No,No,No,No internet service,No,Two year,No,Electronic check,33.18,1058.49,No
4079-A753,Female,0,Yes,No,49,Yes,No phone service,Fiber optic,Yes,No,Yes,Yes,Yes,No,Month-to-month,No,Bank transfer (automatic),118.61,5820.71,No
6278-A748,Female,0,Yes,Yes,48,Yes,No phone service,DSL,No,No,No,No internet service,No,Yes,Month-to-month,No,Mailed check,51.63,2464.83,No
6901-B926,Female,0,No,Yes,71,Yes,No,Fiber optic,No,No internet service,Yes,No internet service,No internet service,Yes,Month-to-month,No,Bank transfer (automatic),68.09,4823.2,No
6333-V554,Female,0,Yes,No,65,Yes,No,DSL,No internet service,No internet service,Yes,Yes,No internet service,Yes,Month-to-month,No,Bank transfer (automatic),65.17,4245.34,No
4826-T596,Female,1,No,Yes,33,Yes,Yes,Fiber optic,Yes,No internet service,No internet service,No internet service,Yes,Yes,Month-to-month,Yes,Bank transfer (automatic),28.49,926.06,No
7556-X727,Female,0,Yes,No,50,Yes,No,Fiber optic,No,No internet service,No,No internet service,Yes,No internet service,Two year,No,Bank transfer (automatic),67.9,3388.67,No
2333-L538,Male,0,No,Yes,4,No,No,No,Yes,Yes,No,Yes,Yes,No internet service,One year,Yes,Mailed check,33.28,130.33,No
8800-V977,Male,1,Yes,No,36,Yes,No phone service,Fiber optic,No internet service,No internet service,No internet service,No internet service,No internet service,No internet service,Two year,Yes,Bank transfer (automatic),98.85,3563.31,No
2645-X494,Female,1,No,No,28,Yes,No phone service,Fiber optic,No,No internet service,No,No,No,Yes,Two year,Yes,Bank transfer (automatic),114.56,3209.22,No
5814-T299,Female,0,No,No,3,Yes,No,DSL,No,Yes,No,No,Yes,No internet service,Month-to-month,No,Electronic check,99.46,267.6,No
3345-Q997,Male,0,No,Yes,6,Yes,No,Fiber optic,No,No internet service,Yes,No,Yes,Yes,Month-to-month,No,Credit card (automatic),61.57,375.23,No
9267-B230,Male,0,No,Yes,45,Yes,No,No,Yes,No,No,Yes,No,Yes,Month-to-month,Yes,Credit card (automatic),18.49,829.84,No
9158-Z189,Male,1,No,No,23,Yes,Yes,DSL,No internet service,No internet service,No,No internet service,No,No,One year,No,Credit card (automatic),21.93,515.06,No
5937-V661,Female,1,No,No,7,Yes,No phone service,Fiber optic,Yes,Yes,Yes,Yes,No,No,Month-to-month,No,Credit card (automatic),68.0,466.3,No
8648-F556,Male,1,No,No,61,Yes,No,DSL,Yes,No,No internet service,Yes,Yes,Yes,One year,Yes,Mailed check,86.54,5294.7,No
2895-P778,Female,0,No,No,65,No,No,DSL,No,Yes,Yes,No internet service,Yes,No,Month-to-month,Yes,Electronic check,100.61,6527.89,No
9858-H349,Female,0,No,No,6,Yes,Yes,DSL,No internet service,No,No internet service,No internet service,No internet service,No,Month-to-month,Yes,Electronic check,78.5,466.37,No
4467-F871,Male,0,No,No,24,Yes,No phone service,DSL,No internet service,No,No internet service,No internet service,No internet service,No,Month-to-month,No,Electronic check,116.57,2810.28,Yes
2465-D545,Female,0,Yes,Yes,37,Yes,Yes,DSL,No,No,Yes,Yes,No internet service,No,One year,No,Bank transfer (automatic),67.87,2533.74,No
1478-F434,Female,0,No,Yes,45,Yes,Yes,Fiber optic,No internet service,Yes,Yes,Yes,No internet service,No internet service,Two year,No,Bank transfer (automatic),78.55,3523.01,No
7283-Y387,Female,0,No,Yes,51,Yes,No,DSL,No,No,No internet service,No,No internet service,No,Two year,Yes,Electronic check,41.38,2135.31,No
4610-X363,Female,0,Yes,Yes,45,Yes,Yes,DSL,No,No,Yes,Yes,No internet service,Yes,Two year,No,Mailed check,52.39,2333.75,No
8803-V226,Male,0,No,No,63,Yes,Yes,No,No internet service,No,Yes,No internet service,Yes,No,Month-to-month,No,Credit card (automatic),86.9,5482.26,No
3224-R748,Male,0,No,No,29,No,No,No,No internet service,No,No,Yes,No internet service,No,One year,No,Mailed check,78.71,2300.2,No
9060-C914,Female,0,Yes,No,25,Yes,No phone service,DSL,No internet service,No,Yes,No,Yes,No internet service,Month-to-month,Yes,Electronic check,55.4,1374.68,No
6452-H689,Female,0,Yes,Yes,10,Yes,No,Fiber optic,No internet service,No internet service,Yes,No internet service,Yes,No internet service,Month-to-month,Yes,Credit card (automatic),29.5,307.29,No
2059-U451,Male,0,No,Yes,35,Yes,No phone service,No,Yes,Yes,No,No,No,No internet service,One year,No,Credit card (automatic),52.68,1838.69,No
7176-W860,Female,0,Yes,No,55,Yes,Yes,No,No,No,No internet service,Yes,Yes,No,Month-to-month,Yes,Credit card (automatic),22.69,1240.45,No
7252-U757,Male,0,No,Yes,25,Yes,Yes,DSL,No,No,No internet service,Yes,Yes,Yes,Month-to-month,Yes,Mailed check,76.62,1901.94,No
8159-Z338,Female,1,No,Yes,45,Yes,No,Fiber optic,No,No,Yes,No,Yes,No internet service,Month-to-month,No,Electronic check,50.71,2281.16,No
4662-I218,Female,0,No,No,12,Yes,No,Fiber optic,No,No,Yes,No,No,No,Two year,No,Bank transfer (automatic),56.42,678.47,No
5767-C214,Male,0,Yes,No,4,Yes,No,No,Yes,No,No internet service,No internet service,Yes,No,One year,Yes,Credit card (automatic),76.05,292.26,No
2460-K858,Male,0,No,No,67,Yes,Yes,No,No internet service,No internet service,Yes,No internet service,No,No,Month-to-month,No,Credit card (automatic),76.67,5151.13,No
4082-X218,Male,0,No,Yes,17,Yes,Yes,No,No internet service,No internet service,No internet service,No,No internet service,No internet service,Two year,No,Credit card (automatic),77.38,1309.38,No
7025-E973,Male,1,Yes,No,65,Yes,No phone service,No,No internet service,No,No internet service,No internet service,Yes,No,Two year,No,Credit card (automatic),67.65,4396.87,No
6134-M690,Female,0,No,No,53,Yes,No,No,No,No,No,No,No internet service,No internet service,Two year,No,Credit card (automatic),67.31,3569.75,No
1027-J163,Male,1,No,No,57,Yes,Yes,DSL,Yes,No,No,No,Yes,No,One year,No,Bank transfer (automatic),100.78,5774.42,No
9775-G967,Female,0,No,Yes,28,Yes,No phone service,DSL,Yes,Yes,Yes,Yes,No,Yes,Month-to-month,No,Credit card (automatic),65.24,1839.55,No
7359-N427,Male,1,No,Yes,16,Yes,No,DSL,No internet service,Yes,Yes,No,No internet service,Yes,Month-to-month,No,Credit card (automatic),72.12,1162.08,No
6980-Z795,Male,0,No,No,21,Yes,No,No,No,No internet service,No internet service,No internet service,Yes,No,Month-to-month,Yes,Bank transfer (automatic),117.57,2464.56,No
3069-Q779,Female,1,No,No,42,Yes,No phone service,DSL,No internet service,No internet service,Yes,No,Yes,No internet service,Two year,No,Mailed check,36.45,1534.64,No
4639-D504,Male,0,Yes,Yes,54,Yes,No phone service,No,No,Yes,No,Yes,No,No,One year,No,Electronic check,91.26,4932.81,No
1150-R972,Male,0,No,Yes,32,Yes,No phone service,Fiber optic,No internet service,No,No internet service,No internet service,Yes,Yes,Month-to-month,Yes,Mailed check,65.81,2105.61,No
8546-K248,Male,0,No,No,38,Yes,Yes,Fiber optic,No internet service,No internet service,No internet service,No,No internet service,No,One year,No,Credit card (automatic),101.72,3874.94,No
5863-H611,Male,1,Yes,Yes,70,Yes,No,DSL,Yes,No,Yes,Yes,No,No internet service,One year,No,Mailed check,58.86,4151.51,No
8467-E715,Female,0,No,No,38,Yes,No,Fiber optic,No,No,No internet service,No internet service,No internet service,No internet service,Two year,No,Bank transfer (automatic),48.7,1839.5,No
5643-E864,Female,0,No,No,54,Yes,No phone service,Fiber optic,Yes,No internet service,No internet service,Yes,No internet service,No internet service,Month-to-month,Yes,Credit card (automatic),39.13,2117.16,No
1562-T427,Male,1,Yes,Yes,60,Yes,Yes,Fiber optic,Yes,Yes,No internet service,Yes,Yes,No internet service,One year,No,Mailed check,105.91,6358.51,No
6060-Q805,Male,0,Yes,No,47,Yes,No phone service,DSL,No internet service,Yes,No,No internet service,Yes,Yes,Month-to-month,No,Electronic check,90.44,4248.31,No
3022-I968,Male,0,Yes,No,12,Yes,Yes,Fiber optic,No,Yes,No internet service,Yes,No,No internet service,Month-to-month,Yes,Mailed check,25.98,305.07,No
8836-U948,Female,0,Yes,Yes,53,Yes,No,DSL,No,No,No,Yes,No,No internet service,One year,Yes,Credit card (automatic),89.96,4760.67,No
4534-P398,Female,0,Yes,No,33,No,No,No,No internet service,No,No internet service,Yes,No,Yes,Month-to-month,No,Credit card (automatic),21.77,740.82,No
7171-B929,Female,1,Yes,Yes,28,Yes,Yes,No,No internet service,No,Yes,No internet service,No internet service,No internet service,One year,No,Credit card (automatic),36.5,1023.59,No
6458-E947,Female,0,Yes,No,3,Yes,No,DSL,No internet service,Yes,Yes,Yes,No internet service,Yes,Month-to-month,No,Bank transfer (automatic),77.83,243.62,No
4450-X929,Male,0,No,No,26,Yes,No,DSL,No,No,No internet service,No,No internet service,No internet service,Two year,No,Credit card (automatic),64.83,1682.78,No
4687-W853,Male,1,No,Yes,54,Yes,No phone service,Fiber optic,No internet service,No internet service,Yes,Yes,No internet service,No internet service,Two year,Yes,Mailed check,102.72,5551.21,No
1861-Y283,Male,0,No,Yes,40,Yes,Yes,No,No internet service,No,No,No,Yes,No internet service,Month-to-month,No,Electronic check,79.34,3178.77,No
8987-X501,Female,0,Yes,Yes,66,Yes,No,Fiber optic,Yes,No internet service,No internet service,Yes,No,No internet service,One year,Yes,Mailed check,115.23,7602.79,No
5900-V968,Male,0,No,Yes,68,Yes,No,No,No internet service,Yes,No,No,Yes,No,Month-to-month,No,Electronic check,104.2,7088.24,No
3608-A661,Female,0,Yes,Yes,47,Yes,Yes,Fiber optic,No internet service,No,No internet service,No internet service,Yes,No,One year,Yes,Credit card (automatic),52.44,2477.52,No
7427-K532,Female,0,No,Yes,2,Yes,No,Fiber optic,No,No,No,Yes,No internet service,No internet service,Month-to-month,No,Electronic check,102.08,193.03,No
8756-L875,Male,1,No,No,42,Yes,Yes,No,No internet service,Yes,Yes,No,No,No internet service,Month-to-month,Yes,Bank transfer (automatic),105.68,4440.82,No
7412-M173,Male,0,No,Yes,34,Yes,Yes,Fiber optic,No,No,No,No internet service,No internet service,No internet service,Two year,Yes,Bank transfer (automatic),115.71,3939.86,No
9648-X389,Male,0,No,No,21,Yes,No phone service,No,Yes,No internet service,No,Yes,No internet service,No,Month-to-month,No,Bank transfer (automatic),19.51,417.69,No
5626-W299,Female,0,Yes,Yes,44,Yes,Yes,DSL,Yes,Yes,Yes,Yes,No,No internet service,One year,No,Bank transfer (automatic),106.16,4680.64,No
9978-M199,Female,0,Yes,No,2,Yes,No phone service,Fiber optic,No,No internet service,Yes,Yes,No,Yes,Month-to-month,No,Bank transfer (automatic),25.27,57.78,No
3144-K870,Male,1,No,No,59,Yes,No,No,No internet service,Yes,No internet service,No internet service,Yes,No,One year,Yes,Electronic check,71.33,4220.42,Yes
1886-W411,Male,1,Yes,Yes,16,No,Yes,No,No,No internet service,No internet service,No internet service,No internet service,No,Month-to-month,No,Electronic check,59.92,954.67,No
8496-U267,Female,0,Yes,No,20,Yes,No phone service,Fiber optic,No internet service,No internet service,No,No,No internet service,No,Month-to-month,No,Credit card (automatic),110.7,2228.59,No
3253-O812,Male,0,No,No,26,Yes,Yes,No,No internet service,No internet service,No internet service,Yes,No internet service,No internet service,Month-to-month,Yes,Electronic check,58.97,1534.46,No
8904-J248,Female,0,Yes,No,16,No,No,Fiber optic,No internet service,No,No,No,No,Yes,Month-to-month,Yes,Electronic check,78.15,1259.14,No
4436-G923,Female,0,Yes,Yes,70,No,No phone service,Fiber optic,No,No,No internet service,No,No internet service,No,Two year,No,Mailed check,87.78,6131.51,No
4205-X766,Male,0,Yes,Yes,23,Yes,No phone service,DSL,Yes,No,Yes,No,No internet service,Yes,Two year,Yes,Credit card (automatic),20.16,470.31,No
1149-L843,Male,0,Yes,No,42,Yes,No phone service,DSL,No,No,Yes,No,No internet service,Yes,Two year,Yes,Electronic check,77.64,3262.42,No
2670-V904,Male,0,No,Yes,37,Yes,No,DSL,No internet service,No,Yes,No,No internet service,Yes,Month-to-month,Yes,Credit card (automatic),70.31,2598.46,No
3418-M537,Male,0,No,Yes,72,No,No phone service,Fiber optic,No,No internet service,Yes,Yes,Yes,No internet service,Month-to-month,Yes,Bank transfer (automatic),77.95,5625.34,No
3756-B198,Female,0,Yes,No,6,Yes,No,Fiber optic,Yes,No,No,No internet service,No,No internet service,One year,Yes,Electronic check,25.86,157.4,No
6825-P283,Female,0,No,No,37,Yes,No,No,No,No internet service,Yes,No,Yes,No internet service,Two year,Yes,Mailed check,23.83,883.73,No
1859-D627,Female,0,No,Yes,22,Yes,Yes,DSL,Yes,Yes,Yes,No internet service,No,No,One year,No,Mailed check,36.09,779.69,No
6545-S544,Male,0,No,Yes,6,Yes,No,DSL,Yes,No internet service,Yes,No,No internet service,No,Month-to-month,No,Bank transfer (automatic),105.63,626.92,No
3434-U839,Female,0,Yes,Yes,32,No,No phone service,No,No internet service,No,Yes,Yes,No,Yes,Two year,No,Mailed check,54.08,1732.4,No
7619-H134,Male,1,Yes,No,17,Yes,No phone service,DSL,Yes,Yes,No internet service,No,Yes,No,Month-to-month,No,Mailed check,61.87,1045.05,No
2946-H506,Male,0,No,Yes,38,No,No,DSL,No,No,No,No,No internet service,No internet service,Two year,No,Bank transfer (automatic),57.46,2198.0,No
9005-J804,Male,0,No,Yes,17,Yes,No,DSL,No,Yes,No,No,Yes,No internet service,Two year,No,Electronic check,90.04,1527.75,No
3826-U863,Male,0,Yes,Yes,37,No,Yes,No,No internet service,No internet service,No internet service,Yes,Yes,No internet service,Two year,No,Mailed check,44.33,1630.57,No
7150-Y808,Male,1,No,No,23,Yes,Yes,DSL,No,Yes,No internet service,No,Yes,No internet service,Month-to-month,No,Mailed check,25.12,566.6,No
2468-Y574,Male,1,Yes,No,49,Yes,No phone service,Fiber optic,No internet service,No,No,Yes,No,Yes,Month-to-month,Yes,Electronic check,56.26,2755.41,No
7260-I747,Female,0,No,No,61,No,No,DSL,No,Yes,No,No internet service,Yes,No,One year,No,Bank transfer (automatic),91.4,5583.91,No
8292-L111,Male,0,Yes,Yes,49,Yes,No phone service,Fiber optic,No,No internet service,No internet service,No internet service,No,No internet service,Month-to-month,No,Mailed check,110.2,5390.41,No
2966-D184,Female,1,Yes,Yes,61,Yes,No,DSL,Yes,Yes,Yes,No internet service,Yes,Yes,Month-to-month,Yes,Mailed check,23.36,1414.51,No
2999-P756,Female,0,Yes,No,32,Yes,No phone service,Fiber optic,Yes,No internet service,No,Yes,Yes,No,One year,Yes,Bank transfer (automatic),99.7,3184.64,No
9351-H123,Male,0,Yes,Yes,63,Yes,No phone service,DSL,Yes,Yes,No internet service,No,No,Yes,Month-to-month,No,Mailed check,24.9,1568.03,No
8856-I810,Male,0,No,Yes,7,Yes,No phone service,Fiber optic,No,No internet service,Yes,No internet service,No,No internet service,Month-to-month,Yes,Electronic check,51.48,349.79,No
2549-Z707,Male,0,Yes,Yes,22,Yes,No,Fiber optic,No internet service,No internet service,Yes,No internet service,Yes,No internet service,Month-to-month,No,Mailed check,20.49,451.99,No
3967-M595,Female,0,No,No,6,Yes,Yes,DSL,No internet service,No internet service,No internet service,No,Yes,No internet service,Two year,Yes,Mailed check,109.86,674.72,No
8105-J685,Male,0,Yes,Yes,61,Yes,Yes,No,No internet service,No internet service,No,No internet service,No internet service,No,Two year,No,Mailed check,89.28,5445.94,No
3051-D433,Female,0,Yes,Yes,14,Yes,No,DSL,Yes,No,No,No internet service,Yes,No internet service,One year,Yes,Electronic check,55.35,770.82,No
2040-W982,Male,1,No,No,16,Yes,Yes,No,No,No internet service,Yes,No,Yes,No,Month-to-month,Yes,Electronic check,56.18,910.06,No
9806-F515,Male,0,No,Yes,3,Yes,No phone service,No,Yes,No,No internet service,Yes,No internet service,Yes,One year,No,Credit card (automatic),82.55,236.13,No
1323-M669,Female,1,No,No,9,Yes,No,No,No,No internet service,Yes,Yes,Yes,No,Month-to-month,No,Mailed check,27.26,250.65,No
9788-Z931,Female,0,Yes,Yes,47,No,No,No,No,Yes,Yes,No internet service,Yes,Yes,One year,No,Electronic check,32.83,1543.28,No
9684-P165,Male,0,Yes,No,42,Yes,Yes,No,No,Yes,Yes,No internet service,No,No,One year,No,Mailed check,103.4,4359.73,No
9501-S651,Female,0,No,No,42,Yes,Yes,No,Yes,No,No internet service,Yes,No,No internet service,Two year,No,Bank transfer (automatic),38.58,1632.9,No
3033-Y871,Female,1,Yes,Yes,23,Yes,No phone service,DSL,No,Yes,No,No internet service,No,No internet service,Month-to-month,Yes,Bank transfer (automatic),91.28,2079.88,No
4399-V220,Female,0,No,Yes,3,Yes,No,Fiber optic,Yes,No internet service,Yes,Yes,Yes,Yes,Month-to-month,Yes,Mailed check,40.94,124.91,No
3960-T811,Female,0,Yes,No,1,Yes,Yes,Fiber optic,Yes,Yes,No,No internet service,No,No,Two year,No,Bank transfer (automatic),27.11,12.52,No
3948-A668,Female,1,Yes,Yes,67,Yes,No,DSL,No,No,No,No internet service,Yes,No,Two year,Yes,Electronic check,108.7,7294.31,No
8327-Z421,Male,0,Yes,No,71,Yes,No phone service,DSL,No,Yes,No internet service,Yes,No internet service,Yes,Month-to-month,Yes,Mailed check,108.87,7720.24,No
3015-B231,Male,1,No,Yes,3,Yes,No phone service,DSL,No,No,No,No,No,No,Month-to-month,No,Mailed check,79.08,245.11,No
4378-U265,Female,0,Yes,Yes,49,Yes,No phone service,No,Yes,No internet service,No,No internet service,No internet service,No,Month-to-month,Yes,Mailed check,64.68,3180.83,No
2438-R362,Male,1,No,Yes,67,Yes,No,No,No,No internet service,Yes,No internet service,Yes,Yes,Month-to-month,No,Credit card (automatic),73.8,4926.38,No
1573-C227,Male,0,No,Yes,55,No,No,Fiber optic,No,Yes,No internet service,No,Yes,Yes,Two year,Yes,Credit card (automatic),59.27,3274.59,No
9292-J472,Female,0,Yes,No,4,Yes,No,DSL,No internet service,Yes,No internet service,No internet service,No internet service,Yes,One year,No,Credit card (automatic),94.35,388.63,No
9919-F533,Male,0,No,No,31,Yes,No,Fiber optic,No internet service,Yes,Yes,No,No internet service,No,Month-to-month,Yes,Mailed check,94.08,2905.95,No
1001-H407,Female,0,No,Yes,66,Yes,No,Fiber optic,No internet service,No internet service,Yes,No,No internet service,Yes,One year,Yes,Mailed check,100.56,6648.57,No
1756-Q901,Female,0,Yes,Yes,64,Yes,No phone service,No,No,Yes,No,Yes,No internet service,Yes,Month-to-month,No,Credit card (automatic),70.8,4519.21,No
5807-V646,Male,0,No,Yes,31,Yes,No phone service,No,Yes,No internet service,No,No,No,Yes,Month-to-month,No,Bank transfer (automatic),98.78,3071.27,No
8289-E690,Female,0,No,Yes,63,Yes,No phone service,Fiber optic,No internet service,No,No internet service,Yes,No internet service,Yes,Month-to-month,Yes,Electronic check,33.9,2134.79,No
9035-W420,Female,0,Yes,Yes,66,Yes,Yes,No,Yes,Yes,No internet service,Yes,No,No internet service,Month-to-month,No,Bank transfer (automatic),21.28,1390.28,No
9563-L720,Female,0,Yes,No,31,Yes,No phone service,No,No internet service,Yes,No,Yes,No internet service,No internet service,Two year,Yes,Credit card (automatic),83.38,2599.54,No
9818-Q314,Female,0,Yes,No,47,Yes,No,No,No internet service,No,Yes,No internet service,No internet service,No internet service,Month-to-month,No,Electronic check,28.85,1370.69,No
2622-V939,Female,1,No,Yes,22,Yes,No phone service,Fiber optic,Yes,No,No internet service,No internet service,No,Yes,One year,No,Credit card (automatic),73.59,1620.9,No
1732-H137,Male,0,No,No,46,Yes,Yes,Fiber optic,No internet service,No,Yes,No,Yes,No,One year,Yes,Electronic check,90.72,4173.34,No
4081-E406,Male,0,Yes,No,58,Yes,Yes,Fiber optic,Yes,No,No,Yes,Yes,No internet service,Two year,Yes,Electronic check,59.16,3427.27,No
4526-E716,Female,0,No,Yes,61,Yes,Yes,DSL,No,No internet service,No internet service,No internet service,Yes,Yes,Two year,Yes,Electronic check,22.66,1387.79,No
4539-S467,Female,0,Yes,No,46,Yes,Yes,Fiber optic,No,Yes,No internet service,No internet service,Yes,No internet service,Two year,Yes,Credit card (automatic),107.41,4944.95,Yes
5544-E846,Male,0,Yes,No,1,No,Yes,No,Yes,No internet service,No,No,No,No internet service,Month-to-month,Yes,Credit card (automatic),22.6,37.86,No
7914-C663,Female,0,Yes,No,25,Yes,No,Fiber optic,Yes,No internet service,No,No internet service,Yes,Yes,Month-to-month,No,Electronic check,109.18,2731.6,No
5177-I490,Male,0,No,No,61,Yes,No phone service,DSL,No,No,Yes,No internet service,No,Yes,One year,Yes,Mailed check,23.54,1449.94,No
3675-M567,Female,1,No,Yes,14,Yes,No,No,Yes,Yes,Yes,No internet service,No,No internet service,Month-to-month,No,Mailed check,92.13,,No
2364-I792,Female,0,Yes,No,45,Yes,No,Fiber optic,No,No internet service,No,No internet service,No,Yes,Month-to-month,No,Mailed check,111.2,5012.1,No
7968-W246,Female,0,Yes,No,39,Yes,Yes,Fiber optic,No,No internet service,No,No internet service,No,No internet service,Month-to-month,No,Mailed check,109.4,4268.38,No
9780-G172,Female,0,No,No,66,Yes,No phone service,No,Yes,No,No,No internet service,No,No internet service,Month-to-month,No,Bank transfer (automatic),108.04,7134.23,No
5413-U813,Female,0,Yes,Yes,32,Yes,No phone service,Fiber optic,No internet service,Yes,No internet service,No,No internet service,No internet service,One year,No,Bank transfer (automatic),107.0,3442.18,No
4156-W481,Female,0,No,No,58,Yes,No phone service,DSL,Yes,Yes,No,Yes,No,No internet service,One year,No,Mailed check,69.55,4044.97,No
9379-T267,Female,0,Yes,No,56,Yes,Yes,No,No,Yes,No internet service,No internet service,Yes,No,One year,Yes,Credit card (automatic),74.3,4157.3,No
7876-E423,Male,0,Yes,No,6,Yes,No,Fiber optic,No internet service,No internet service,No,Yes,No,No,Month-to-month,Yes,Mailed check,80.53,474.66,No
8104-M126,Male,0,No,Yes,67,Yes,No phone service,No,No internet service,No,No internet service,No,Yes,Yes,Month-to-month,No,Electronic check,108.29,7236.27,No
5055-C376,Male,0,No,Yes,50,Yes,No,Fiber optic,No,Yes,Yes,No,No,No,Month-to-month,Yes,Electronic check,102.49,5129.0,No
3041-R212,Female,0,No,Yes,38,Yes,No phone service,Fiber optic,No internet service,No internet service,Yes,Yes,Yes,No,Two year,Yes,Credit card (automatic),96.94,3696.02,No
9984-N167,Female,1,No,Yes,3,Yes,No phone service,No,No internet service,No internet service,No internet service,Yes,No,Yes,Month-to-month,Yes,Electronic check,86.16,271.16,No
6396-U191,Female,0,No,Yes,5,Yes,No phone service,Fiber optic,Yes,Yes,Yes,No,No internet service,No internet service,Month-to-month,Yes,Mailed check,80.4,397.96,No
6944-K896,Female,1,Yes,No,24,Yes,No phone service,Fiber optic,No,No,Yes,No internet service,Yes,No,Month-to-month,Yes,Mailed check,110.96,2675.55,No
5476-E989,Female,1,Yes,Yes,54,Yes,Yes,No,No internet service,No,No internet service,Yes,Yes,No,Month-to-month,No,Credit card (automatic),37.61,2043.65,No
4698-I110,Female,0,No,No,34,No,Yes,Fiber optic,No,Yes,No,Yes,No,No,Month-to-month,Yes,Credit card (automatic),37.62,1288.74,No
2604-M327,Female,0,No,Yes,39,Yes,No,Fiber optic,Yes,No internet service,No,No internet service,Yes,No,One year,No,Credit card (automatic),116.99,4563.13,No
7203-D901,Male,0,Yes,Yes,48,Yes,Yes,No,Yes,No,No internet service,Yes,No,No internet service,Month-to-month,No,Bank transfer (automatic),73.84,3543.87,No
3023-F639,Female,1,Yes,Yes,49,Yes,No phone service,DSL,Yes,No internet service,Yes,No internet service,No internet service,Yes,Month-to-month,Yes,Electronic check,66.83,3280.02,No
6022-S941,Male,0,No,No,34,Yes,No,DSL,No internet service,No internet service,No,No,No internet service,No,One year,No,Electronic check,103.73,3533.64,No
9021-D641,Male,0,No,No,7,Yes,No,DSL,Yes,No,No,Yes,No,No,Month-to-month,No,Bank transfer (automatic),103.65,720.8,No
6716-W685,Female,0,Yes,No,18,Yes,No,DSL,No,No internet service,Yes,No internet service,No,No,Month-to-month,Yes,Electronic check,36.0,644.38,No
5620-R377,Female,1,No,Yes,70,Yes,No phone service,DSL,Yes,No internet service,No internet service,No internet service,No internet service,No,Month-to-month,No,Credit card (automatic),35.69,2500.99,No
2623-B274,Male,0,Yes,Yes,34,Yes,No phone service,DSL,No internet service,Yes,No internet service,No,Yes,Yes,Two year,Yes,Electronic check,98.17,3331.59,No
6210-Y498,Male,1,Yes,Yes,51,Yes,No,No,Yes,No,No,Yes,Yes,No internet service,Month-to-month,No,Mailed check,97.21,4952.63,No
3960-L925,Female,0,No,Yes,68,Yes,Yes,No,No internet service,No internet service,No internet service,No internet service,Yes,Yes,Month-to-month,Yes,Bank transfer (automatic),40.88,2762.24,No
9711-R708,Female,0,Yes,Yes,14,No,No phone service,No,No,No,Yes,Yes,No internet service,No,Month-to-month,Yes,Bank transfer (automatic),102.82,1429.39,No
7597-P706,Male,0,Yes,Yes,69,No,No phone service,Fiber optic,Yes,No,No internet service,No internet service,No,No,One year,No,Electronic check,66.5,4595.94,No
3090-I109,Female,0,Yes,No,8,Yes,Yes,DSL,Yes,No internet service,No internet service,Yes,No internet service,Yes,One year,No,Bank transfer (automatic),65.48,533.91,No
9414-W259,Female,0,No,No,15,Yes,No,DSL,No,No,No internet service,Yes,Yes,No internet service,One year,No,Electronic check,117.31,1759.26,No
3070-E487,Female,0,Yes,Yes,59,Yes,Yes,No,No,Yes,No internet service,No internet service,No,No internet service,One year,No,Electronic check,70.43,4163.28,No
5380-B842,Male,1,No,No,11,Yes,No phone service,Fiber optic,No internet service,Yes,Yes,No internet service,No,No internet service,Month-to-month,Yes,Mailed check,32.02,329.91,No
7064-W896,Male,0,Yes,No,20,Yes,No,Fiber optic,Yes,No internet service,No internet service,Yes,Yes,No internet service,Two year,Yes,Mailed check,46.41,932.48,No
5081-V723,Male,1,Yes,No,55,Yes,No,No,Yes,No,No,Yes,No,Yes,Month-to-month,No,Electronic check,51.79,2833.86,No
7852-W568,Female,0,Yes,Yes,36,Yes,Yes,DSL,Yes,No internet service,No internet service,No,Yes,Yes,Month-to-month,Yes,Bank transfer (automatic),114.58,4116.48,No
3999-O462,Female,1,Yes,Yes,14,No,No phone service,Fiber optic,Yes,No,No,No internet service,No internet service,No internet service,One year,No,Bank transfer (automatic),44.79,633.55,No
8678-Q393,Male,0,Yes,Yes,58,No,No phone service,DSL,No,No internet service,Yes,Yes,No,Yes,One year,No,Mailed check,61.51,3575.77,No
5519-N633,Male,1,No,Yes,38,Yes,No,Fiber optic,Yes,No internet service,No internet service,Yes,Yes,Yes,Month-to-month,Yes,Electronic check,93.59,3537.37,No
4748-J750,Male,1,No,No,1,No,No phone service,DSL,Yes,No,No,No internet service,Yes,No,Two year,No,Electronic check,45.8,29.13,No
2424-J516,Female,0,Yes,Yes,65,Yes,No,Fiber optic,Yes,Yes,No internet service,Yes,No internet service,Yes,One year,Yes,Mailed check,88.77,5763.34,No
6123-C749,Male,0,No,Yes,1,Yes,No,DSL,No internet service,No internet service,No internet service,Yes,No,Yes,Month-to-month,Yes,Electronic check,39.11,21.19,No
2302-C847,Male,0,No,Yes,60,Yes,No,DSL,No internet service,Yes,No,No,No,No internet service,Month-to-month,Yes,Mailed check,42.62,2553.06,No
4932-C269,Female,0,Yes,No,25,Yes,No phone service,DSL,No internet service,No,Yes,No,No,Yes,Month-to-month,Yes,Electronic check,117.38,2943.17,No
1940-C861,Female,1,No,No,10,Yes,Yes,No,No,No internet service,Yes,No internet service,No,No internet service,Two year,Yes,Bank transfer (automatic),55.33,537.78,No
5683-R604,Female,0,No,No,50,No,No,DSL,No,No,Yes,No internet service,No internet service,No,One year,Yes,Mailed check,91.58,4599.13,No
1175-N793,Male,0,No,No,12,Yes,Yes,DSL,No,Yes,Yes,No internet service,No internet service,No,One year,Yes,Electronic check,102.68,1229.55,No
9334-X239,Female,0,No,No,32,Yes,Yes,Fiber optic,Yes,No,Yes,No,No,Yes,One year,No,Electronic check,53.11,1703.24,No
8858-P627,Female,1,Yes,Yes,33,Yes,Yes,Fiber optic,Yes,No internet service,Yes,No,Yes,Yes,Two year,Yes,Mailed check,54.15,1776.67,No
9722-W227,Male,1,No,No,72,Yes,Yes,No,No,Yes,No internet service,No,No,No internet service,One year,No,Credit card (automatic),95.95,6918.81,No
7643-A731,Female,0,Yes,No,26,Yes,Yes,Fiber optic,No internet service,No internet service,No internet service,Yes,No,No,Month-to-month,Yes,Credit card (automatic),79.25,2062.84,No
4115-X107,Male,0,Yes,Yes,42,Yes,No,DSL,Yes,Yes,No,No,Yes,No internet service,One year,No,Electronic check,54.61,2296.17,No
7962-W647,Male,0,No,Yes,50,Yes,No phone service,No,No internet service,No,Yes,No,No,Yes,One year,Yes,Electronic check,93.58,4682.87,No
6653-H856,Female,0,Yes,Yes,61,Yes,Yes,No,Yes,No,Yes,No internet service,Yes,No,Two year,Yes,Electronic check,105.05,6395.12,No
9652-V723,Female,0,No,No,41,Yes,No phone service,No,Yes,No internet service,Yes,No,No internet service,Yes,One year,Yes,Credit card (automatic),41.87,1720.78,No
1693-T559,Female,0,Yes,Yes,57,Yes,No phone service,DSL,No internet service,No internet service,No,No,Yes,No,Month-to-month,No,Mailed check,20.7,1186.94,No
3761-V882,Female,0,No,No,2,Yes,No,DSL,No,No internet service,No internet service,Yes,No internet service,No internet service,Month-to-month,No,Credit card (automatic),45.8,76.29,No
9577-H279,Female,0,No,Yes,70,Yes,Yes,Fiber optic,No internet service,Yes,No internet service,No,No,Yes,Month-to-month,Yes,Bank transfer (automatic),86.04,6020.11,No
2230-L959,Female,0,Yes,No,31,Yes,No phone service,Fiber optic,No,Yes,Yes,No internet service,Yes,Yes,One year,No,Credit card (automatic),110.23,3414.05,No
3184-Q461,Male,0,No,No,23,No,No phone service,Fiber optic,No,No internet service,No internet service,Yes,Yes,No,Month-to-month,Yes,Credit card (automatic),104.99,2415.19,No
1834-N607,Male,0,No,No,54,Yes,Yes,No,Yes,Yes,No internet service,No,No,No internet service,One year,No,Electronic check,40.58,2198.54,No
7211-F482,Female,0,No,No,28,No,No,DSL,Yes,Yes,No internet service,No,No internet service,No,Two year,No,Mailed check,106.79,2998.3,No
2855-K795,Male,0,No,Yes,19,No,No,Fiber optic,Yes,No,Yes,No,Yes,No,Month-to-month,Yes,Mailed check,99.73,1893.87,No
5092-R971,Female,0,Yes,Yes,48,No,Yes,DSL,No,No,No internet service,Yes,Yes,No,One year,Yes,Credit card (automatic),92.06,4428.44,No
2931-J406,Male,0,Yes,No,2,Yes,No phone service,No,No,No,No internet service,Yes,No,Yes,Month-to-month,No,Electronic check,87.42,161.07,No
8915-J371,Male,0,Yes,Yes,11,Yes,No,DSL,No internet service,No internet service,No,No,No internet service,No internet service,Month-to-month,No,Mailed check,99.36,1095.57,No
4490-A855,Male,1,No,No,44,Yes,No,DSL,Yes,No,Yes,No internet service,No,No internet service,Month-to-month,No,Electronic check,104.85,4593.26,No
7449-G412,Female,0,Yes,Yes,59,Yes,No phone service,No,Yes,No,No internet service,No,Yes,No internet service,One year,Yes,Credit card (automatic),100.57,5928.65,No
9446-B574,Male,0,No,Yes,59,Yes,No phone service,Fiber optic,No,Yes,Yes,Yes,No,No,Two year,No,Mailed check,30.5,1804.32,No
8999-B464,Female,0,No,No,38,Yes,No phone service,DSL,Yes,No,No internet service,Yes,No,No internet service,One year,Yes,Bank transfer (automatic),90.83,3458.68,No
1096-T571,Male,0,No,No,25,No,No phone service,DSL,No,Yes,Yes,Yes,No internet service,No internet service,Month-to-month,No,Credit card (automatic),102.8,2572.94,No
6382-J462,Male,0,Yes,Yes,21,Yes,Yes,No,No internet service,No,No internet service,No internet service,No internet service,Yes,Month-to-month,No,Credit card (automatic),36.91,790.85,No
2755-A458,Male,0,Yes,No,42,Yes,No phone service,DSL,No internet service,No internet service,No internet service,No,No,Yes,One year,Yes,Bank transfer (automatic),39.74,1670.17,No
4050-M463,Male,0,Yes,Yes,36,Yes,No,DSL,Yes,No internet service,No,No,No,Yes,Month-to-month,Yes,Credit card (automatic),97.24,3483.6,No
1145-D541,Male,0,Yes,Yes,9,Yes,No phone service,DSL,No internet service,No,Yes,Yes,No,No,One year,Yes,Bank transfer (automatic),52.81,452.55,No
9061-G186,Female,0,No,Yes,12,Yes,No phone service,No,Yes,No,No internet service,No,Yes,Yes,Month-to-month,No,Bank transfer (automatic),58.42,691.12,No
9668-Q257,Female,0,Yes,No,10,Yes,Yes,DSL,Yes,No,No,No internet service,No internet service,No internet service,Month-to-month,No,Credit card (automatic),56.15,551.52,No
7729-D599,Male,0,Yes,No,59,Yes,Yes,No,No,No internet service,No,No internet service,Yes,Yes,Month-to-month,No,Bank transfer (automatic),39.64,2339.14,No
1113-E887,Male,0,Yes,Yes,5,Yes,No phone service,Fiber optic,No,Yes,Yes,No,No internet service,No,One year,Yes,Bank transfer (automatic),112.6,557.49,No
5098-H581,Male,0,Yes,No,33,Yes,Yes,DSL,Yes,Yes,Yes,No,No internet service,Yes,Month-to-month,Yes,Credit card (automatic),99.24,3265.4,No
7477-L406,Male,1,No,No,69,Yes,Yes,No,No internet service,No,No,No,Yes,No internet service,Month-to-month,Yes,Credit card (automatic),43.43,2990.84,No
6971-N286,Female,0,Yes,Yes,63,Yes,Yes,No,No internet service,No internet service,Yes,No,Yes,Yes,Month-to-month,No,Bank transfer (automatic),28.91,1817.95,No
9788-Z375,Male,0,Yes,No,29,Yes,Yes,DSL,Yes,Yes,Yes,No,No,Yes,Month-to-month,No,Electronic check,55.7,1606.94,No
2780-O772,Female,1,Yes,No,18,Yes,No phone service,No,Yes,No,Yes,No,No internet service,Yes,Two year,No,Credit card (automatic),59.99,1080.21,No
8198-F243,Male,0,No,Yes,6,Yes,Yes,Fiber optic,No internet service,No internet service,No internet service,Yes,No internet service,No,Month-to-month,Yes,Credit card (automatic),18.96,123.23,No
6795-X544,Female,0,Yes,No,53,Yes,Yes,Fiber optic,No internet service,No internet service,Yes,Yes,No internet service,No,Month-to-month,No,Electronic check,107.41,5686.24,No
1095-L991,Male,0,Yes,Yes,32,Yes,No,Fiber optic,No,Yes,Yes,Yes,No,No,Month-to-month,Yes,Credit card (automatic),103.8,3322.43,No
4251-D294,Male,1,Yes,No,42,Yes,No phone service,Fiber optic,No,No internet service,No,No internet service,No internet service,No,Month-to-month,No,Electronic check,103.69,4375.68,No
5667-B236,Female,1,No,No,47,Yes,Yes,No,No internet service,No,No,No internet service,No internet service,No,Month-to-month,Yes,Mailed check,99.23,4666.26,No
7464-N861,Male,0,No,Yes,31,Yes,No,No,No,No,No,No internet service,Yes,Yes,Month-to-month,No,Credit card (automatic),91.93,2860.73,No
6426-B264,Male,0,Yes,Yes,62,Yes,Yes,Fiber optic,No,Yes,Yes,No internet service,Yes,Yes,Two year,No,Credit card (automatic),82.02,5080.51,No
4260-P781,Male,0,Yes,No,56,Yes,No phone service,Fiber optic,Yes,No internet service,Yes,Yes,No,No,Month-to-month,Yes,Mailed check,114.76,6438.25,No
5354-D531,Female,0,No,Yes,11,Yes,No,Fiber optic,No,Yes,No,No,No internet service,No,One year,Yes,Credit card (automatic),89.78,979.54,No
9012-R607,Male,0,No,Yes,26,Yes,No,Fiber optic,No,Yes,No,No,No,Yes,Two year,Yes,Bank transfer (automatic),81.59,2127.36,No
3087-K869,Male,0,No,No,27,Yes,No phone service,Fiber optic,Yes,No internet service,No internet service,No,Yes,No internet service,Two year,Yes,Bank transfer (automatic),97.53,2644.08,No
7551-Q843,Female,0,No,Yes,57,Yes,No,No,No internet service,Yes,No internet service,No internet service,No internet service,Yes,Month-to-month,No,Mailed check,43.0,2466.42,No
7370-E212,Female,0,No,No,27,Yes,No,Fiber optic,No,No internet service,No internet service,Yes,No internet service,No,Two year,Yes,Bank transfer (automatic),115.45,3118.41,No
2767-Z121,Female,0,Yes,No,59,Yes,Yes,Fiber optic,No,No,Yes,No,No,Yes,One year,No,Mailed check,20.18,1187.92,No
3066-E452,Male,0,Yes,Yes,62,Yes,No,DSL,No internet service,Yes,Yes,No internet service,No internet service,No,Month-to-month,No,Bank transfer (automatic),83.41,5157.59,No
9192-A885,Male,0,Yes,No,20,Yes,No phone service,No,No,No internet service,No,No internet service,No internet service,Yes,Two year,No,Credit card (automatic),26.0,519.26,No
4874-B794,Male,1,Yes,Yes,3,Yes,Yes,Fiber optic,No internet service,No internet service,No internet service,No internet service,Yes,Yes,Month-to-month,Yes,Bank transfer (automatic),104.01,320.07,No
6605-N711,Female,0,No,No,16,No,No,No,Yes,No internet service,Yes,No,No,Yes,Month-to-month,Yes,Credit card (automatic),115.5,1854.98,No
1131-N591,Male,0,No,Yes,44,Yes,Yes,DSL,No internet service,Yes,No internet service,Yes,Yes,No internet service,One year,Yes,Bank transfer (automatic),59.32,2609.89,No
5742-J597,Male,0,No,Yes,30,No,No phone service,DSL,No internet service,No,No internet service,No,No,Yes,One year,Yes,Mailed check,104.4,3135.71,No
2353-Y539,Female,0,No,No,40,Yes,No,Fiber optic,No internet service,Yes,Yes,Yes,Yes,Yes,Two year,Yes,Bank transfer (automatic),51.99,2096.31,No
5059-T256,Female,1,No,Yes,65,Yes,No phone service,Fiber optic,Yes,No,No internet service,Yes,No,No internet service,Two year,Yes,Credit card (automatic),34.27,2234.36,No
9376-F355,Female,0,Yes,Yes,29,Yes,No phone service,Fiber optic,No internet service,Yes,No,No,No internet service,Yes,Month-to-month,Yes,Mailed check,46.05,1333.11,No
5606-Y217,Female,0,Yes,Yes,30,No,No,Fiber optic,No internet service,Yes,No,No,No internet service,No internet service,Month-to-month,Yes,Bank transfer (automatic),48.59,1457.67,No
5317-W353,Female,0,Yes,No,32,Yes,No,DSL,Yes,Yes,Yes,No internet service,No,No internet service,One year,No,Electronic check,81.63,2618.92,No
8031-G585,Male,0,Yes,No,10,Yes,Yes,No,No,No,No internet service,No internet service,No,No internet service,One year,No,Electronic check,98.26,988.54,No
2688-W847,Female,1,Yes,Yes,51,Yes,No phone service,Fiber optic,No,No internet service,No,No,No,Yes,Month-to-month,Yes,Mailed check,38.87,2004.94,No
9230-T285,Male,0,No,Yes,8,Yes,No,No,No internet service,Yes,No internet service,No,No,No,Month-to-month,No,Electronic check,27.11,233.39,No
4091-S744,Male,0,No,No,51,Yes,No phone service,Fiber optic,Yes,Yes,No,Yes,No internet service,Yes,Month-to-month,Yes,Electronic check,40.53,2056.78,No
3436-H223,Female,0,No,No,36,Yes,No,Fiber optic,Yes,No,No,Yes,No,No,One year,Yes,Bank transfer (automatic),48.05,1723.3,No
3167-M139,Female,0,No,No,55,Yes,No phone service,DSL,No internet service,Yes,No internet service,No internet service,No internet service,No,Month-to-month,Yes,Bank transfer (automatic),46.37,2563.13,No
5486-G249,Female,1,No,Yes,35,Yes,Yes,Fiber optic,No internet service,No internet service,Yes,Yes,No internet service,No internet service,Month-to-month,No,Credit card (automatic),40.36,1404.83,No
7984-A731,Male,0,Yes,No,36,No,No phone service,Fiber optic,No,No internet service,Yes,No,No,No internet service,Month-to-month,Yes,Bank transfer (automatic),65.08,2344.57,Yes
4270-C985,Female,1,Yes,Yes,56,Yes,No,Fiber optic,No,No,Yes,Yes,No internet service,No internet service,Month-to-month,No,Mailed check,104.28,5855.92,No
1834-M517,Female,0,Yes,No,36,No,Yes,DSL,No internet service,No,No internet service,Yes,No,No internet service,Month-to-month,No,Credit card (automatic),28.34,1023.36,No
9601-J816,Female,0,No,Yes,61,Yes,Yes,No,Yes,No internet service,No internet service,Yes,No internet service,Yes,Two year,Yes,Credit card (automatic),104.88,6407.51,No
4791-H444,Female,0,No,No,62,Yes,No,DSL,No internet service,No internet service,No internet service,No,No,Yes,One year,No,Bank transfer (automatic),68.2,4230.61,No
7980-P162,Female,0,No,Yes,25,Yes,Yes,Fiber optic,Yes,No internet service,Yes,No internet service,No,No,Month-to-month,No,Credit card (automatic),84.63,2115.04,No
9353-N759,Male,0,No,No,64,Yes,No phone service,Fiber optic,No,No,No internet service,Yes,Yes,Yes,Two year,Yes,Credit card (automatic),100.19,6393.75,No
1846-J212,Male,0,Yes,No,60,Yes,No phone service,Fiber optic,No internet service,No internet service,Yes,No,Yes,Yes,Month-to-month,Yes,Bank transfer (automatic),48.83,2932.37,No
5411-L387,Male,0,No,Yes,57,Yes,No,No,Yes,No internet service,No,Yes,No,No,One year,Yes,Mailed check,114.15,6501.25,No
6751-W528,Female,0,Yes,No,70,Yes,No phone service,No,No,No internet service,Yes,Yes,Yes,Yes,Month-to-month,Yes,Bank transfer (automatic),26.67,1880.33,No
5046-K148,Female,0,No,No,52,Yes,No,Fiber optic,No internet service,Yes,Yes,No,No internet service,Yes,One year,Yes,Electronic check,71.28,3681.31,No
3977-B100,Female,0,Yes,No,56,Yes,Yes,Fiber optic,No internet service,No,Yes,Yes,No,No internet service,Month-to-month,No,Credit card (automatic),43.86,2451.09,No
1854-V862,Male,0,No,No,63,Yes,No phone service,No,No,No,No internet service,No,No,No internet service,Month-to-month,No,Bank transfer (automatic),59.25,3746.64,No
6269-G392,Female,0,No,Yes,68,No,No,DSL,No internet service,No,Yes,No internet service,No,No,One year,No,Mailed check,63.36,4328.04,No
8734-I721,Female,0,Yes,Yes,20,Yes,No phone service,DSL,No,No,No,Yes,Yes,No internet service,One year,No,Mailed check,110.16,2214.73,No
2650-N289,Female,1,Yes,No,54,Yes,Yes,No,Yes,Yes,No,No,Yes,Yes,Month-to-month,No,Credit card (automatic),62.63,3388.71,No
5133-P472,Male,0,No,Yes,1,Yes,Yes,No,No internet service,Yes,No,Yes,No internet service,No internet service,One year,Yes,Electronic check,88.39,71.15,No
6476-J214,Female,1,Yes,Yes,10,Yes,No phone service,Fiber optic,No,Yes,No,Yes,Yes,No internet service,Month-to-month,No,Bank transfer (automatic),113.9,1128.41,No
2587-V113,Male,0,No,Yes,23,Yes,Yes,No,No,Yes,No,Yes,Yes,No,One year,Yes,Electronic check,67.95,1572.14,No
3134-K469,Female,0,No,Yes,51,No,No,No,Yes,Yes,No,No,No internet service,Yes,One year,No,Bank transfer (automatic),59.29,3010.89,No
6920-X897,Male,0,Yes,Yes,24,Yes,No phone service,Fiber optic,No internet service,No,Yes,No,No,No,Month-to-month,No,Mailed check,116.03,2782.37,No
9664-T480,Male,0,No,No,13,Yes,No phone service,No,No,No,No internet service,No,No,Yes,Two year,No,Mailed check,101.43,1315.48,No
4903-U382,Male,0,No,Yes,29,Yes,Yes,Fiber optic,No,No,No internet service,No internet service,No internet service,Yes,Two year,Yes,Credit card (automatic),112.7,3272.49,No
4441-S493,Female,0,Yes,No,58,Yes,No,DSL,No,Yes,No,Yes,Yes,Yes,Two year,No,Electronic check,58.17,3380.56,No
2429-D233,Female,0,No,Yes,43,No,No phone service,DSL,No internet service,No internet service,Yes,No,No internet service,No internet service,One year,Yes,Mailed check,88.23,3768.5,No
2971-B700,Male,0,No,No,10,Yes,No phone service,DSL,No internet service,No,No,Yes,No internet service,No,One year,No,Credit card (automatic),43.34,436.25,No
4120-G821,Male,0,No,No,31,Yes,Yes,Fiber optic,Yes,No,No,Yes,No,Yes,Two year,No,Mailed check,105.27,3256.56,No
8303-D176,Female,1,No,No,14,Yes,Yes,DSL,Yes,No internet service,No,Yes,Yes,No internet service,Month-to-month,Yes,Bank transfer (automatic),112.02,1573.84,No
9955-T451,Female,0,Yes,Yes,34,Yes,No,DSL,Yes,Yes,No,No,No,No,Two year,Yes,Electronic check,45.17,1517.99,No
5939-X585,Male,0,Yes,Yes,17,Yes,No,Fiber optic,No internet service,No internet service,No internet service,No internet service,No,No internet service,Month-to-month,No,Electronic check,28.8,499.76,No
4309-R838,Female,0,Yes,No,21,Yes,Yes,Fiber optic,No,No internet service,No internet service,No internet service,No internet service,No internet service,Month-to-month,No,Bank transfer (automatic),38.42,799.68,No
3517-B230,Female,0,No,No,67,Yes,No,DSL,No internet service,No,Yes,No internet service,No,Yes,Month-to-month,No,Bank transfer (automatic),81.85,5480.08,No
4140-N663,Female,0,Yes,Yes,58,No,Yes,DSL,No internet service,No,Yes,No internet service,No,No,One year,No,Electronic check,45.6,2661.11,No
5137-Y973,Female,0,Yes,Yes,8,Yes,No phone service,DSL,No internet service,Yes,No,No,No,No internet service,Month-to-month,Yes,Credit card (automatic),82.43,658.08,No
6690-L559,Male,1,Yes,No,38,Yes,Yes,No,Yes,No internet service,No internet service,No internet service,Yes,No internet service,Month-to-month,No,Credit card (automatic),53.44,2040.6,No
2923-N169,Female,0,No,Yes,26,Yes,Yes,Fiber optic,No,Yes,No,No internet service,Yes,No internet service,One year,Yes,Mailed check,110.39,2869.9,No
8910-N636,Female,0,Yes,Yes,64,Yes,Yes,Fiber optic,No internet service,No internet service,No internet service,No,No,No internet service,Month-to-month,Yes,Credit card (automatic),63.74,4096.01,No
9255-Z122,Male,1,Yes,Yes,30,Yes,No phone service,Fiber optic,Yes,No,No internet service,No,No internet service,Yes,Two year,No,Electronic check,68.26,2051.2,No
3735-T380,Male,1,No,Yes,9,Yes,No,Fiber optic,No internet service,No internet service,Yes,Yes,No internet service,Yes,Month-to-month,Yes,Credit card (automatic),53.23,484.24,No
3112-J146,Female,0,No,Yes,32,No,No,DSL,No,Yes,Yes,Yes,No,No,Month-to-month,No,Bank transfer (automatic),25.59,820.68,No
1996-Z810,Female,1,No,Yes,11,Yes,No,Fiber optic,Yes,No internet service,No internet service,No internet service,Yes,No internet service,Month-to-month,No,Electronic check,67.86,743.5,No
4116-X934,Female,0,No,No,34,Yes,Yes,No,No internet service,Yes,Yes,Yes,No internet service,Yes,Month-to-month,Yes,Mailed check,96.07,3275.13,No
7512-P801,Female,1,No,No,18,Yes,Yes,No,Yes,No internet service,No,No,No internet service,No,Month-to-month,Yes,Electronic check,114.03,2045.07,No
9723-Q176,Male,0,No,No,19,No,No,DSL,No,No,No internet service,Yes,Yes,No,Month-to-month,No,Electronic check,25.95,500.34,No
3711-O868,Male,0,Yes,No,54,Yes,No phone service,DSL,No,No,No internet service,Yes,Yes,Yes,Month-to-month,No,Credit card (automatic),98.39,5322.67,No
9344-M675,Male,0,Yes,No,37,Yes,No phone service,Fiber optic,Yes,Yes,No internet service,No,No internet service,Yes,Two year,Yes,Credit card (automatic),45.09,1673.7,No
7393-M721,Female,0,No,No,12,Yes,No phone service,DSL,No internet service,No,No,No internet service,No,No internet service,Month-to-month,Yes,Credit card (automatic),100.94,1201.86,No
5448-G288,Female,0,No,Yes,4,Yes,No phone service,DSL,No,No internet service,No internet service,Yes,No internet service,Yes,Month-to-month,Yes,Mailed check,52.62,214.96,No
1058-F685,Female,0,Yes,Yes,43,No,Yes,DSL,No,No internet service,Yes,Yes,Yes,Yes,Month-to-month,No,Mailed check,29.75,1289.73,No
4568-S813,Female,0,No,No,27,Yes,No,No,No internet service,No,No,No internet service,Yes,Yes,Month-to-month,No,Mailed check,79.76,2140.85,No
1145-Z625,Male,0,No,No,51,Yes,No phone service,Fiber optic,Yes,Yes,No internet service,Yes,Yes,No,Month-to-month,Yes,Mailed check,108.09,5497.33,No
8461-Q824,Male,0,Yes,No,5,Yes,Yes,DSL,Yes,No internet service,No,No internet service,Yes,Yes,Month-to-month,No,Bank transfer (automatic),36.5,190.95,No
9602-I410,Female,0,No,Yes,6,Yes,Yes,Fiber optic,No internet service,Yes,No,No,No,No,Month-to-month,No,Electronic check,20.44,116.17,No
4609-J825,Male,0,No,Yes,56,Yes,Yes,Fiber optic,No,No internet service,Yes,No,No internet service,No,Two year,Yes,Credit card (automatic),107.08,6003.94,No
5399-R221,Female,0,Yes,Yes,68,Yes,No,Fiber optic,No,Yes,Yes,No internet service,Yes,Yes,Two year,Yes,Electronic check,88.38,6026.95,No
3803-H146,Female,1,Yes,Yes,44,Yes,Yes,No,No internet service,Yes,Yes,No,Yes,No,One year,Yes,Electronic check,99.52,4364.16,No
9741-H398,Male,0,Yes,No,15,Yes,No,Fiber optic,No internet service,No internet service,No internet service,No,Yes,No internet service,Month-to-month,No,Electronic check,24.26,348.31,No
1640-U251,Female,0,Yes,No,42,Yes,No,Fiber optic,Yes,No internet service,No internet service,No,No internet service,No internet service,Two year,No,Credit card (automatic),107.74,4533.1,No
5550-E376,Female,0,Yes,No,11,Yes,No,DSL,Yes,Yes,Yes,No,Yes,No,One year,Yes,Electronic check,60.38,677.3,No
1844-U354,Male,0,No,No,11,No,No,DSL,No internet service,No internet service,Yes,No,No internet service,Yes,One year,No,Bank transfer (automatic),108.46,1210.2,No
4440-R218,Female,0,No,Yes,66,Yes,Yes,No,No,No,No internet service,No,No,Yes,Month-to-month,No,Credit card (automatic),24.77,1642.89,No
1022-U455,Female,0,No,Yes,27,Yes,Yes,Fiber optic,Yes,No internet service,Yes,Yes,Yes,No,One year,Yes,Bank transfer (automatic),107.17,2892.25,No
7047-K185,Male,1,No,No,58,Yes,Yes,No,No internet service,Yes,No,Yes,No,Yes,Two year,Yes,Credit card (automatic),85.92,4984.32,No
9999-I839,Female,0,No,Yes,72,No,No phone service,Fiber optic,No,No internet service,No,Yes,No internet service,No,One year,No,Electronic check,73.95,5327.76,No
3189-N726,Male,0,Yes,Yes,21,Yes,No phone service,No,Yes,No internet service,No,No,No,No internet service,One year,No,Electronic check,24.46,530.5,No
5831-K158,Female,0,No,Yes,21,Yes,No,Fiber optic,No internet service,Yes,No internet service,Yes,Yes,No,One year,No,Electronic check,87.44,1839.17,No
1170-L324,Male,1,No,Yes,72,Yes,No,DSL,No internet service,No internet service,Yes,No internet service,No,No,Month-to-month,Yes,Bank transfer (automatic),78.33,5632.86,No
5582-F362,Male,0,No,No,1,Yes,No,No,No,Yes,No,No internet service,No,No internet service,Two year,No,Electronic check,91.24,93.47,No
1256-R773,Male,0,No,Yes,58,Yes,No,DSL,No,Yes,No internet service,No internet service,No,No internet service,One year,No,Mailed check,90.28,5220.61,No
2743-X863,Female,0,No,No,13,No,No,Fiber optic,No internet service,Yes,Yes,Yes,No,No,Two year,No,Bank transfer (automatic),62.85,811.5,No
7258-U363,Male,0,Yes,Yes,6,Yes,No phone service,No,No,Yes,Yes,No,No,No internet service,Two year,Yes,Mailed check,38.82,229.84,No
4377-O325,Male,0,No,Yes,58,Yes,No,DSL,No internet service,No,No,No internet service,No internet service,No internet service,Month-to-month,No,Credit card (automatic),110.61,6411.48,No
6312-I308,Male,0,No,No,17,Yes,Yes,DSL,No,No,Yes,Yes,No internet service,Yes,Month-to-month,No,Mailed check,111.27,1875.72,No
7479-E556,Male,1,No,No,12,Yes,No,DSL,No,Yes,Yes,Yes,Yes,No internet service,Month-to-month,No,Mailed check,39.55,462.73,No
4796-X843,Male,0,No,Yes,52,Yes,Yes,Fiber optic,Yes,No internet service,No,No,No internet service,No internet service,Two year,Yes,Bank transfer (automatic),81.63,4244.56,No
8109-L251,Female,0,No,Yes,70,Yes,Yes,No,Yes,No,No,No,No internet service,No,Month-to-month,Yes,Credit card (automatic),38.64,2713.18,No
8848-C607,Female,0,No,No,52,Yes,Yes,DSL,No,Yes,Yes,Yes,Yes,No internet service,Month-to-month,No,Mailed check,104.8,5445.42,No
3973-O289,Female,0,Yes,Yes,37,Yes,Yes,Fiber optic,No internet service,No,No internet service,No,No internet service,No,Month-to-month,No,Electronic check,28.12,1041.19,No
3885-G683,Female,0,No,Yes,3,Yes,No,Fiber optic,No,Yes,No internet service,No,Yes,Yes,Month-to-month,Yes,Electronic check,117.76,362.05,No
9036-X284,Female,0,Yes,No,8,Yes,No,Fiber optic,Yes,No,No,No,Yes,No,One year,No,Credit card (automatic),79.64,663.83,No
5621-A417,Female,0,Yes,Yes,10,Yes,No,No,No internet service,Yes,Yes,No,No internet service,No,One year,No,Mailed check,20.55,202.34,No
3669-F937,Female,0,No,Yes,47,Yes,No,Fiber optic,No,No,No,No,No,Yes,Month-to-month,Yes,Bank transfer (automatic),106.88,5014.94,No
7458-V722,Male,0,No,Yes,41,Yes,No,Fiber optic,No,No,No internet service,Yes,Yes,Yes,One year,Yes,Credit card (automatic),87.04,3576.54,No
4077-C246,Female,0,No,Yes,64,Yes,No phone service,No,No,No internet service,No internet service,No internet service,No,No internet service,One year,No,Credit card (automatic),88.33,5661.64,No
2180-N351,Male,1,Yes,Yes,42,Yes,Yes,No,No,No,Yes,Yes,Yes,No,Month-to-month,Yes,Credit card (automatic),45.89,1914.3,No
8455-U512,Male,0,No,No,43,Yes,Yes,Fiber optic,Yes,No internet service,No,Yes,No internet service,No,Month-to-month,No,Credit card (automatic),52.1,2229.11,No
2642-X639,Female,0,No,Yes,9,No,No phone service,Fiber optic,Yes,No,No,Yes,No,No,Two year,Yes,Electronic check,110.15,977.65,No
3249-X868,Male,0,No,No,14,Yes,No phone service,DSL,Yes,Yes,No internet service,Yes,Yes,Yes,Month-to-month,Yes,Bank transfer (automatic),82.06,1141.68,No
1193-T202,Male,0,Yes,No,4,Yes,No,No,Yes,No internet service,No,Yes,No internet service,No,Month-to-month,No,Electronic check,19.95,88.43,No
7191-M121,Male,1,Yes,Yes,2,Yes,No,No,No internet service,No,No,No,No,No internet service,One year,Yes,Credit card (automatic),51.15,105.87,No
2802-A881,Male,0,No,No,1,Yes,Yes,DSL,No internet service,No internet service,No,No internet service,No internet service,Yes,Two year,Yes,Bank transfer (automatic),78.4,80.09,No
1716-E354,Female,0,Yes,Yes,65,Yes,No,Fiber optic,No internet service,Yes,Yes,No,No internet service,No,Month-to-month,No,Electronic check,33.12,2142.98,No
2369-I246,Female,0,No,No,46,Yes,Yes,Fiber optic,No,Yes,No internet service,No internet service,No,Yes,One year,No,Mailed check,28.13,1283.38,No
1221-Z109,Female,0,Yes,No,59,Yes,No,Fiber optic,No internet service,Yes,No,Yes,Yes,Yes,Month-to-month,No,Mailed check,24.22,1429.72,Yes
2742-R853,Female,0,No,No,7,Yes,No,Fiber optic,Yes,Yes,Yes,Yes,Yes,Yes,Month-to-month,No,Credit card (automatic),81.62,570.85,No
6544-W187,Female,0,Yes,Yes,66,No,Yes,DSL,Yes,Yes,No,Yes,No internet service,No,Month-to-month,Yes,Mailed check,50.47,3335.91,No
4314-E591,Female,1,No,No,15,Yes,No phone service,No,No,No internet service,No,Yes,Yes,No,Month-to-month,No,Bank transfer (automatic),55.8,850.88,No
8279-F414,Female,1,No,No,72,Yes,No phone service,No,No internet service,No internet service,No internet service,Yes,No,No internet service,Month-to-month,No,Credit card (automatic),24.28,1736.77,No
6435-P258,Female,0,Yes,No,47,Yes,No,Fiber optic,No,No,Yes,Yes,No,Yes,One year,Yes,Mailed check,92.42,4342.25,No
4994-B656,Female,0,Yes,Yes,40,Yes,No phone service,DSL,No,No,No,Yes,No internet service,No,Month-to-month,No,Bank transfer (automatic),95.31,3813.53,No
5382-U656,Female,1,Yes,Yes,42,Yes,No,Fiber optic,No internet service,Yes,No internet service,No internet service,No internet service,No,Two year,Yes,Electronic check,101.61,4269.55,No
3016-A944,Male,0,Yes,No,51,Yes,No phone service,Fiber optic,No,Yes,Yes,Yes,No,No internet service,Two year,Yes,Electronic check,83.74,4271.48,No
1729-D657,Female,0,Yes,No,35,Yes,No phone service,DSL,No internet service,No internet service,No,Yes,No,No,Month-to-month,Yes,Bank transfer (automatic),95.97,3358.58,No
5861-D623,Male,0,No,No,41,Yes,Yes,DSL,No internet service,Yes,No internet service,Yes,No internet service,No,Month-to-month,Yes,Mailed check,76.26,3128.55,No
7804-E101,Male,1,No,No,57,Yes,No phone service,No,No,Yes,No,No internet service,No internet service,No,Month-to-month,No,Bank transfer (automatic),67.66,3861.79,No
4675-A332,Male,1,Yes,Yes,38,Yes,No,No,Yes,Yes,No,No internet service,No,Yes,One year,Yes,Bank transfer (automatic),44.36,1678.62,No
7998-M250,Male,0,No,Yes,72,Yes,Yes,Fiber optic,No internet service,No,Yes,Yes,No internet service,No internet service,One year,No,Bank transfer (automatic),23.61,1704.62,No
6788-U393,Female,0,No,Yes,8,Yes,No phone service,Fiber optic,Yes,No internet service,No internet service,No,Yes,No internet service,Month-to-month,No,Electronic check,47.58,385.79,No
4700-V493,Male,0,Yes,No,63,Yes,Yes,No,Yes,No,Yes,No internet service,No,No internet service,Month-to-month,Yes,Electronic check,86.95,5480.2,No
2841-P273,Female,0,No,Yes,4,Yes,No phone service,DSL,No internet service,Yes,No,Yes,No,No,One year,Yes,Electronic check,111.4,461.36,No
2804-H204,Female,0,No,No,48,Yes,No,Fiber optic,Yes,Yes,No internet service,No internet service,No internet service,No,One year,No,Mailed check,44.0,2114.16,No
5617-L178,Male,0,Yes,No,52,Yes,No,Fiber optic,No,No,No,No,No internet service,No,One year,Yes,Credit card (automatic),85.57,4453.29,No
6467-D469,Female,0,Yes,No,38,No,Yes,DSL,No,No,No,Yes,No,Yes,Two year,Yes,Electronic check,66.31,2510.01,No
2389-B719,Male,1,No,Yes,5,Yes,No phone service,Fiber optic,Yes,No internet service,No,No internet service,No internet service,Yes,One year,No,Electronic check,81.32,417.0,No
3475-F538,Male,0,Yes,No,70,Yes,No phone service,DSL,No,Yes,No internet service,No,Yes,No internet service,Month-to-month,Yes,Bank transfer (automatic),18.41,1307.85,No
9691-K714,Female,0,No,Yes,24,Yes,Yes,No,No internet service,Yes,No,No internet service,No internet service,Yes,One year,No,Mailed check,30.58,735.48,No
3971-V535,Female,0,Yes,No,17,Yes,Yes,No,No internet service,No,No internet service,No internet service,No,Yes,Month-to-month,Yes,Bank transfer (automatic),40.06,660.38,No
3461-V803,Male,0,Yes,Yes,26,Yes,No,No,Yes,No internet service,No,Yes,No internet service,No,One year,Yes,Bank transfer (automatic),108.04,2819.79,No
5940-T937,Female,0,Yes,No,3,Yes,Yes,No,No,No internet service,Yes,Yes,No,No,Two year,No,Bank transfer (automatic),22.32,80.65,No
5702-L996,Female,1,Yes,Yes,2,Yes,No phone service,No,Yes,Yes,No internet service,No internet service,Yes,No internet service,Month-to-month,Yes,Bank transfer (automatic),75.5,153.17,No
2702-I611,Female,1,No,No,2,Yes,Yes,Fiber optic,No,Yes,No,No,No,No,Month-to-month,No,Electronic check,111.58,217.98,No
7047-I930,Male,0,Yes,Yes,22,Yes,No,No,No internet service,No,Yes,Yes,Yes,No,Month-to-month,Yes,Mailed check,83.78,1855.9,No
2251-Z102,Male,0,Yes,No,71,Yes,Yes,Fiber optic,No,Yes,No internet service,No internet service,Yes,Yes,Month-to-month,No,Electronic check,66.93,4764.01,No
3435-Y771,Female,1,No,No,4,Yes,No phone service,Fiber optic,No,No,Yes,No internet service,Yes,No internet service,One year,Yes,Credit card (automatic),57.04,230.68,No
3401-K251,Female,0,No,No,38,Yes,Yes,DSL,Yes,Yes,No,Yes,Yes,Yes,One year,No,Bank transfer (automatic),80.98,3088.64,No
7399-O838,Female,0,No,Yes,70,Yes,Yes,Fiber optic,No internet service,Yes,Yes,Yes,Yes,No internet service,Month-to-month,No,Electronic check,66.53,4649.85,No
8838-C215,Female,0,No,No,52,Yes,Yes,Fiber optic,No,Yes,No,No internet service,No internet service,No internet service,Month-to-month,Yes,Mailed check,89.14,4648.2,No
8003-X385,Female,1,Yes,No,31,Yes,No,No,No internet service,No internet service,No,Yes,Yes,No,One year,No,Credit card (automatic),80.34,2493.28,No
3370-C430,Male,0,No,No,26,Yes,No,No,No,Yes,No internet service,No internet service,No internet service,Yes,Month-to-month,No,Electronic check,75.27,1953.97,No
3089-F885,Female,0,Yes,Yes,36,Yes,No,DSL,No internet service,Yes,No,No,No internet service,Yes,One year,Yes,Electronic check,114.41,4119.91,No
7308-L426,Male,1,No,No,26,Yes,No,DSL,No,No internet service,No,Yes,No internet service,No,Month-to-month,Yes,Credit card (automatic),102.24,2666.32,No
9097-N592,Female,0,Yes,No,28,Yes,No phone service,Fiber optic,No internet service,No internet service,No internet service,Yes,No,No internet service,One year,No,Mailed check,79.44,2227.41,No
7782-T912,Male,0,No,Yes,5,Yes,No phone service,DSL,No,Yes,No internet service,No internet service,No,No internet service,One year,No,Credit card (automatic),72.38,380.26,No
6463-E921,Female,0,Yes,No,18,Yes,No,No,No internet service,No internet service,No,Yes,Yes,No internet service,One year,No,Credit card (automatic),91.01,1650.31,No
5028-M528,Male,1,Yes,Yes,15,Yes,No,No,No,No internet service,No,No,No internet service,No internet service,Month-to-month,Yes,Bank transfer (automatic),99.04,1473.88,No
9144-R646,Female,0,No,No,57,Yes,No,No,No,No internet service,No internet service,No internet service,No,No,One year,Yes,Bank transfer (automatic),47.92,2740.68,No
9070-R649,Male,1,Yes,Yes,5,Yes,Yes,Fiber optic,No internet service,No internet service,No internet service,No,No internet service,No internet service,One year,No,Credit card (automatic),85.28,436.46,No
4770-M185,Male,0,Yes,Yes,37,Yes,No phone service,Fiber optic,Yes,No,Yes,No,No,Yes,One year,Yes,Bank transfer (automatic),31.83,1183.86,No
7911-Q691,Male,0,Yes,Yes,22,Yes,Yes,DSL,No,Yes,Yes,No,No internet service,No internet service,Month-to-month,No,Mailed check,61.51,1343.72,No
4593-W189,Male,1,Yes,No,52,Yes,No,No,No,No,Yes,No,No,No internet service,Month-to-month,Yes,Electronic check,112.56,5864.31,No
4853-L102,Male,0,No,No,15,Yes,No phone service,Fiber optic,Yes,Yes,No internet service,No internet service,Yes,No internet service,Two year,Yes,Credit card (automatic),51.04,768.2,No
4330-A471,Male,0,Yes,Yes,17,Yes,No,Fiber optic,No,No internet service,No internet service,Yes,Yes,No,Month-to-month,No,Bank transfer (automatic),33.75,563.64,Yes
8764-E212,Female,0,Yes,No,51,Yes,Yes,DSL,No internet service,No,No internet service,No,Yes,No internet service,One year,Yes,Mailed check,32.94,1683.51,No
1976-L469,Male,0,No,No,45,Yes,No phone service,No,Yes,No internet service,Yes,No,No internet service,No,One year,Yes,Mailed check,57.82,2613.22,No
3283-J571,Female,0,No,Yes,63,Yes,Yes,No,No,No internet service,No,No internet service,Yes,Yes,One year,Yes,Mailed check,40.88,2567.02,No
3361-R531,Female,0,No,Yes,28,Yes,No phone service,DSL,No internet service,No internet service,No,No,Yes,No internet service,Month-to-month,No,Credit card (automatic),61.16,1704.06,No
4973-G947,Female,0,Yes,Yes,59,Yes,No,DSL,No internet service,Yes,No,No,No,No internet service,Month-to-month,Yes,Bank transfer (automatic),90.5,5346.79,No
4679-B864,Female,1,Yes,Yes,21,Yes,No phone service,DSL,Yes,No internet service,No internet service,No,No,Yes,Month-to-month,No,Mailed check,107.51,2261.38,No
3257-D812,Female,0,No,No,42,Yes,Yes,DSL,Yes,Yes,No,No,No,No internet service,Month-to-month,Yes,Bank transfer (automatic),29.32,1239.65,No
3344-M850,Male,1,Yes,No,69,Yes,Yes,No,Yes,Yes,No,Yes,Yes,No internet service,Two year,No,Electronic check,95.48,6588.83,No
1431-W534,Male,0,No,No,17,Yes,Yes,No,No internet service,No internet service,No internet service,No,No,No,Month-to-month,Yes,Mailed check,28.65,512.14,No
7089-B818,Male,0,Yes,No,68,Yes,Yes,DSL,No,Yes,No internet service,No internet service,No,No,One year,Yes,Mailed check,56.38,3830.32,No
2736-V695,Female,0,No,No,7,Yes,No,Fiber optic,No internet service,No,No internet service,Yes,Yes,Yes,Month-to-month,Yes,Bank transfer (automatic),118.4,835.49,No
2208-P957,Male,0,Yes,No,40,Yes,Yes,Fiber optic,No internet service,Yes,No internet service,No internet service,No,No,Two year,No,Bank transfer (automatic),25.15,1001.44,No
3591-A250,Male,0,No,Yes,40,Yes,No,No,Yes,No internet service,No internet service,Yes,No internet service,No,Month-to-month,Yes,Bank transfer (automatic),20.55,808.0,No
6984-E180,Male,0,Yes,No,43,Yes,No phone service,No,No,No internet service,Yes,Yes,No,Yes,Month-to-month,No,Electronic check,51.78,2225.32,No
5014-C112,Male,1,No,No,51,No,Yes,DSL,No internet service,No,No internet service,No,No internet service,Yes,One year,No,Credit card (automatic),113.84,5803.08,No
7823-E883,Male,1,Yes,No,23,Yes,No phone service,Fiber optic,Yes,No,No,No,No,No internet service,Month-to-month,No,Bank transfer (automatic),20.26,483.85,No
3988-P861,Female,0,Yes,Yes,32,Yes,No phone service,No,Yes,Yes,No,No internet service,No,No internet service,Month-to-month,Yes,Mailed check,40.63,,No
3295-X640,Male,1,Yes,Yes,31,Yes,No,Fiber optic,No,Yes,Yes,Yes,No internet service,No internet service,Month-to-month,Yes,Electronic check,78.87,2437.29,No
5907-P521,Female,0,No,No,17,Yes,Yes,DSL,No,No,No internet service,Yes,Yes,No internet service,Month-to-month,Yes,Bank transfer (automatic),41.74,710.24,No
6526-O900,Female,0,Yes,Yes,58,Yes,No,No,Yes,No internet service,No,No,No internet service,No,One year,Yes,Bank transfer (automatic),23.66,1363.31,No
1216-J213,Female,1,Yes,Yes,35,Yes,Yes,No,No,No internet service,No,Yes,Yes,No,Two year,No,Mailed check,23.52,820.78,No
3554-B757,Female,0,Yes,No,30,Yes,No phone service,Fiber optic,No,No,No internet service,No,No,Yes,Month-to-month,No,Mailed check,74.45,2243.95,No
1526-T869,Female,0,No,No,64,Yes,No,Fiber optic,No internet service,No,Yes,No,Yes,Yes,One year,Yes,Bank transfer (automatic),74.72,4786.88,No
3843-Q264,Male,0,Yes,No,53,Yes,Yes,No,No,No internet service,No internet service,No internet service,Yes,No,Month-to-month,No,Electronic check,89.25,4713.81,No
1178-M952,Male,0,No,Yes,51,No,No phone service,Fiber optic,Yes,No internet service,No internet service,No,No internet service,No internet service,Month-to-month,No,Bank transfer (automatic),31.49,1598.12,No
7940-V996,Male,0,Yes,Yes,37,Yes,No,Fiber optic,No,Yes,No internet service,No,Yes,No internet service,Month-to-month,No,Credit card (automatic),68.49,2525.87,No
8443-R828,Female,0,No,No,6,Yes,No,DSL,No internet service,No,No internet service,Yes,Yes,No internet service,One year,Yes,Electronic check,78.65,465.05,No
5227-S613,Male,1,No,Yes,34,No,No,Fiber optic,No,No,No internet service,No internet service,No internet service,No internet service,Month-to-month,No,Mailed check,40.6,1383.37,No
6014-W332,Male,0,Yes,Yes,56,Yes,No,No,No internet service,No,Yes,No internet service,Yes,Yes,One year,Yes,Mailed check,73.26,4113.04,No
7941-F378,Female,0,No,Yes,25,Yes,No phone service,DSL,No,No internet service,No,No internet service,Yes,No,Month-to-month,Yes,Electronic check,89.43,2232.4,No
2506-Q486,Female,0,No,No,13,Yes,No phone service,No,No,Yes,No internet service,No,No internet service,Yes,One year,Yes,Electronic check,117.83,1525.51,No
3050-X316,Female,0,Yes,No,63,No,No phone service,DSL,Yes,No internet service,No,No internet service,No internet service,No,One year,No,Mailed check,78.19,4934.34,No
7560-T157,Female,0,No,No,66,Yes,No phone service,DSL,Yes,No,No,No,No internet service,No internet service,Month-to-month,No,Credit card (automatic),104.8,6919.94,No
4586-M288,Male,0,No,No,5,Yes,Yes,Fiber optic,No,No,No internet service,No,Yes,Yes,One year,Yes,Electronic check,102.03,504.94,No
2264-W579,Female,1,No,No,11,No,No phone service,Fiber optic,No,No,No,No,No,No,Month-to-month,No,Mailed check,112.75,1236.37,No
8821-K768,Female,1,No,Yes,44,Yes,No,No,No internet service,No,No internet service,No,No internet service,No,Month-to-month,Yes,Bank transfer (automatic),90.92,3997.58,No
7637-M268,Male,1,Yes,Yes,69,Yes,No,Fiber optic,No internet service,No,No internet service,No internet service,No internet service,No,Month-to-month,Yes,Electronic check,39.67,2748.34,No
1895-Z480,Male,1,No,Yes,2,Yes,No,DSL,Yes,No internet service,No internet service,No internet service,Yes,No,Month-to-month,Yes,Credit card (automatic),48.21,100.84,No
7950-G376,Female,0,No,Yes,40,Yes,No,Fiber optic,No,Yes,Yes,Yes,No,No internet service,Month-to-month,Yes,Electronic check,97.11,3902.75,No
2776-D179,Male,1,Yes,Yes,37,Yes,Yes,No,No,No,No internet service,No internet service,No,No internet service,Month-to-month,No,Credit card (automatic),70.59,2617.31,No
6942-T897,Female,0,Yes,Yes,49,Yes,No,DSL,No internet service,No,No internet service,Yes,Yes,No,Month-to-month,Yes,Mailed check,43.51,2123.13,No
6496-A345,Female,0,No,No,36,Yes,No,No,No,No,No,No internet service,No internet service,No,Month-to-month,Yes,Electronic check,84.25,3016.33,No
5623-F654,Male,0,Yes,No,70,Yes,No,Fiber optic,No,No internet service,Yes,No internet service,Yes,No,Two year,No,Electronic check,109.36,7648.98,No
2744-C316,Male,0,Yes,Yes,34,Yes,No phone service,DSL,No,No internet service,No,No internet service,No,No internet service,One year,No,Credit card (automatic),54.2,1826.49,No
1179-Y416,Female,0,Yes,No,58,Yes,No phone service,No,No internet service,No,No,No,No internet service,Yes,Month-to-month,No,Credit card (automatic),78.17,4526.08,No
4075-R306,Female,1,Yes,Yes,37,Yes,Yes,Fiber optic,No internet service,No,No internet service,No internet service,No,No,One year,Yes,Bank transfer (automatic),76.69,2837.73,No
1530-H375,Female,0,Yes,Yes,60,Yes,Yes,Fiber optic,No internet service,No,Yes,No internet service,No,Yes,One year,Yes,Credit card (automatic),31.01,1847.6,No
2393-S678,Male,0,Yes,No,12,Yes,Yes,No,No,No,Yes,Yes,No,No internet service,Month-to-month,Yes,Mailed check,27.32,335.71,No
1735-S909,Female,0,Yes,No,32,Yes,No,DSL,No internet service,No,No internet service,No internet service,No,No internet service,Month-to-month,No,Electronic check,107.64,3439.42,No
8926-B149,Female,0,Yes,Yes,4,Yes,Yes,No,Yes,No internet service,Yes,No,No internet service,No internet service,Two year,Yes,Credit card (automatic),112.07,456.28,No
6154-C416,Female,0,Yes,No,33,Yes,No phone service,Fiber optic,Yes,No,No internet service,No internet service,No internet service,No internet service,One year,No,Bank transfer (automatic),109.13,3591.84,No
1138-L869,Female,0,No,Yes,43,Yes,No phone service,No,No internet service,No,Yes,Yes,No internet service,No internet service,One year,No,Bank transfer (automatic),58.11,2505.97,No
5626-M612,Female,0,No,Yes,9,Yes,No phone service,Fiber optic,No internet service,No,Yes,No internet service,Yes,Yes,One year,Yes,Credit card (automatic),47.16,419.39,No
4192-K869,Male,0,No,Yes,51,No,No,DSL,No,No internet service,No internet service,No internet service,No internet service,Yes,One year,Yes,Bank transfer (automatic),112.94,5757.58,No
7400-X464,Female,0,No,Yes,20,Yes,No,No,No internet service,No,Yes,Yes,No,Yes,Month-to-month,No,Electronic check,106.97,2133.05,No
3122-W790,Female,0,No,Yes,39,Yes,Yes,DSL,No internet service,No internet service,Yes,No internet service,No,Yes,One year,No,Mailed check,100.64,3923.46,No
2595-K517,Female,0,Yes,No,23,Yes,Yes,No,Yes,Yes,Yes,Yes,No internet service,No,One year,No,Bank transfer (automatic),51.84,1198.08,No
9250-D614,Female,0,Yes,Yes,41,No,Yes,Fiber optic,Yes,No internet service,No,Yes,No internet service,No internet service,Month-to-month,Yes,Credit card (automatic),82.44,3366.26,No
3460-A701,Male,0,No,No,44,Yes,Yes,DSL,Yes,No,No internet service,No,Yes,Yes,One year,No,Credit card (automatic),93.67,4143.7,No
7260-P700,Male,0,No,Yes,35,Yes,No,Fiber optic,Yes,No internet service,No,No,No internet service,Yes,One year,No,Electronic check,76.15,2687.58,No
1612-J265,Male,0,Yes,No,23,Yes,No phone service,No,No internet service,No,Yes,Yes,Yes,No,Month-to-month,Yes,Mailed check,78.75,1806.25,No
3482-V574,Female,0,No,Yes,58,Yes,No,Fiber optic,Yes,No internet service,Yes,No,No internet service,No,Month-to-month,No,Credit card (automatic),94.3,5479.36,No
2290-U195,Female,0,Yes,No,48,Yes,Yes,No,No,No internet service,No,No,Yes,No internet service,Two year,Yes,Mailed check,95.32,4563.4,No
4794-G926,Male,0,No,Yes,58,Yes,No,DSL,No,Yes,Yes,Yes,No internet service,No internet service,Two year,No,Bank transfer (automatic),42.36,2440.49,No
3307-Y835,Male,0,Yes,Yes,57,Yes,No phone service,Fiber optic,No internet service,No internet service,Yes,No internet service,No internet service,No,One year,No,Electronic check,57.51,3297.4,No
3638-Q628,Male,0,No,No,39,Yes,No,Fiber optic,No,Yes,No internet service,No internet service,No internet service,No,Month-to-month,Yes,Bank transfer (automatic),96.76,3781.58,No
9573-Y449,Female,1,Yes,No,28,Yes,No phone service,No,Yes,Yes,Yes,No internet service,Yes,No,Month-to-month,Yes,Mailed check,44.53,1248.41,No
8331-Z234,Female,1,No,No,64,Yes,Yes,No,Yes,No internet service,No internet service,No,No,No internet service,Month-to-month,No,Credit card (automatic),110.27,7064.82,No
6554-J468,Male,0,No,No,62,Yes,No,No,No,No internet service,No internet service,No,Yes,No,One year,Yes,Credit card (automatic),102.56,6352.07,No
8059-B829,Male,0,Yes,No,62,Yes,Yes,DSL,No internet service,No internet service,No,No internet service,No internet service,Yes,One year,Yes,Electronic check,108.24,6711.95,No
7350-H313,Male,0,Yes,No,26,Yes,Yes,Fiber optic,Yes,Yes,No,Yes,No,No internet service,Two year,No,Bank transfer (automatic),48.13,1253.81,No
2228-E680,Female,1,No,Yes,51,Yes,No phone service,No,Yes,No,Yes,Yes,Yes,No internet service,Two year,No,Mailed check,28.81,1454.9,No
9151-D924,Female,1,No,Yes,50,Yes,No phone service,No,No,No,No,Yes,Yes,Yes,Month-to-month,No,Credit card (automatic),28.36,1429.58,No
1244-E884,Female,0,Yes,Yes,36,Yes,Yes,Fiber optic,No internet service,Yes,No internet service,No,No,Yes,Month-to-month,Yes,Credit card (automatic),74.12,2663.87,No
6071-R988,Male,1,Yes,No,26,Yes,No phone service,DSL,No internet service,Yes,No,No internet service,No internet service,No internet service,Two year,Yes,Electronic check,48.96,1261.25,No
2428-P196,Male,0,Yes,No,33,Yes,No phone service,Fiber optic,No,No internet service,No internet service,Yes,No,No internet service,Two year,No,Electronic check,44.73,1493.01,No
8451-K273,Female,0,No,No,68,Yes,Yes,No,Yes,No internet service,No,No internet service,No internet service,No,Month-to-month,Yes,Bank transfer (automatic),40.6,2773.19,No
5843-F169,Male,0,No,Yes,8,Yes,Yes,Fiber optic,No,No,Yes,No internet service,No,No,Month-to-month,No,Credit card (automatic),74.74,595.86,No
5589-S472,Female,0,Yes,No,66,Yes,No phone service,No,No,No,No,No,Yes,Yes,One year,Yes,Bank transfer (automatic),73.33,4827.29,No
6789-C172,Male,1,No,Yes,23,Yes,Yes,No,No,No,Yes,Yes,Yes,Yes,One year,No,Mailed check,60.69,1401.22,No
3935-W890,Male,0,No,No,70,Yes,Yes,Fiber optic,Yes,No internet service,No,No,Yes,Yes,Month-to-month,Yes,Bank transfer (automatic),32.16,2251.98,No
8548-I584,Male,0,Yes,No,55,Yes,No phone service,Fiber optic,Yes,No internet service,No internet service,No internet service,No internet service,Yes,Month-to-month,Yes,Electronic check,111.59,6159.45,No
5194-Y997,Male,1,No,No,43,Yes,No,DSL,No,Yes,No,No internet service,No internet service,No,One year,No,Bank transfer (automatic),61.26,2647.67,No
8242-U243,Female,1,Yes,Yes,21,Yes,No,No,No internet service,No internet service,No,No internet service,No,No internet service,Month-to-month,Yes,Electronic check,30.68,639.79,No
3031-S599,Male,0,Yes,No,22,No,Yes,No,No,No,No internet service,Yes,No internet service,No,Two year,Yes,Credit card (automatic),21.98,498.24,No
1648-L979,Female,0,No,Yes,9,Yes,No phone service,No,Yes,Yes,No internet service,Yes,No internet service,Yes,Month-to-month,No,Mailed check,33.59,,No
5696-M518,Female,0,No,No,34,Yes,Yes,No,No internet service,No internet service,No,Yes,No,No,One year,No,Credit card (automatic),48.11,1618.34,No
3113-O475,Female,0,Yes,No,59,Yes,No phone service,No,No internet service,No,No internet service,No internet service,No internet service,Yes,One year,No,Bank transfer (automatic),81.57,4818.57,No
9396-T421,Male,1,Yes,No,26,Yes,Yes,Fiber optic,Yes,No internet service,No internet service,No internet service,No,No,Month-to-month,Yes,Credit card (automatic),115.83,3023.81,No
7122-C798,Female,1,Yes,No,1,Yes,Yes,No,Yes,Yes,No,Yes,No internet service,No internet service,Month-to-month,Yes,Electronic check,45.59,41.6,No
7769-Q560,Female,0,No,Yes,5,Yes,No phone service,Fiber optic,No,No internet service,Yes,No internet service,No internet service,Yes,One year,Yes,Credit card (automatic),97.63,475.9,No
5306-V143,Female,0,Yes,No,41,Yes,Yes,DSL,Yes,No,No,No internet service,Yes,No,Month-to-month,No,Mailed check,109.84,4533.65,No
1934-X909,Male,0,Yes,Yes,63,Yes,No,No,No internet service,Yes,No,No internet service,No internet service,Yes,Month-to-month,No,Electronic check,57.6,3644.83,No
5011-W940,Male,1,Yes,No,22,Yes,No,DSL,No,No,Yes,Yes,No,No internet service,Month-to-month,No,Mailed check,43.7,964.34,No
1130-E973,Female,0,Yes,No,68,Yes,No phone service,Fiber optic,No,Yes,No,No,No,Yes,Month-to-month,Yes,Bank transfer (automatic),67.6,4575.77,No
2725-J484,Male,0,No,No,48,No,Yes,Fiber optic,No internet service,No internet service,No,No,Yes,No internet service,Two year,No,Mailed check,108.37,5198.04,No
3592-S508,Female,0,No,Yes,66,Yes,No,DSL,Yes,No internet service,No internet service,No,No,No,One year,Yes,Electronic check,19.35,,No
2195-H497,Female,0,Yes,No,16,Yes,No phone service,No,No,No,No,Yes,Yes,No internet service,Month-to-month,Yes,Electronic check,67.16,1088.42,No
8573-V195,Male,0,No,Yes,53,Yes,No phone service,Fiber optic,No internet service,No internet service,Yes,No internet service,No internet service,Yes,Two year,Yes,Mailed check,94.39,5000.43,No
6716-O579,Female,0,No,Yes,65,Yes,No phone service,Fiber optic,No internet service,Yes,Yes,No,Yes,No,Month-to-month,No,Credit card (automatic),78.66,5108.34,Yes
9767-O211,Male,1,No,No,64,No,No,Fiber optic,No internet service,No internet service,No internet service,No,No internet service,Yes,Month-to-month,Yes,Bank transfer (automatic),68.23,4381.83,No
2406-F849,Male,1,Yes,Yes,68,Yes,No,Fiber optic,Yes,No internet service,No,Yes,No,Yes,Month-to-month,Yes,Electronic check,73.89,5022.6,No
2775-M886,Female,0,No,No,63,Yes,No,Fiber optic,Yes,No internet service,No,No internet service,Yes,No,One year,No,Bank transfer (automatic),80.48,5069.52,No
8096-G511,Male,0,No,Yes,62,Yes,No,Fiber optic,Yes,No internet service,No,No internet service,No,No internet service,One year,No,Credit card (automatic),86.8,5386.45,No
6385-C424,Male,0,Yes,Yes,71,Yes,Yes,DSL,Yes,No internet service,No,Yes,No,No internet service,Month-to-month,No,Mailed check,54.05,3843.99,No
6610-T597,Female,0,Yes,Yes,45,Yes,No,No,No internet service,No internet service,Yes,No,No,No,Month-to-month,No,Mailed check,70.25,3150.78,No
4483-W859,Female,0,No,Yes,52,Yes,No phone service,No,No,No internet service,Yes,No internet service,No,No,Month-to-month,Yes,Electronic check,45.74,2385.21,No
8802-D385,Male,1,No,No,65,Yes,Yes,No,No internet service,No internet service,No internet service,No internet service,No,Yes,One year,Yes,Electronic check,117.14,7604.67,No
8447-B658,Male,0,Yes,Yes,2,Yes,No,No,No,No,No,No,Yes,Yes,Two year,No,Bank transfer (automatic),37.07,87.68,No
3551-P249,Female,0,Yes,No,49,Yes,Yes,DSL,No,No,Yes,Yes,No,No,Month-to-month,Yes,Credit card (automatic),33.39,1633.28,No
4497-K681,Male,1,Yes,Yes,22,Yes,No phone service,DSL,No,No internet service,No,No,Yes,No,One year,No,Mailed check,45.27,999.41,No
1513-T892,Male,1,Yes,No,29,Yes,No,No,Yes,No,Yes,No internet service,Yes,Yes,One year,Yes,Bank transfer (automatic),110.72,3182.7,No
7230-B927,Male,0,No,No,35,Yes,Yes,Fiber optic,No internet service,No internet service,Yes,Yes,Yes,Yes,One year,No,Bank transfer (automatic),84.47,2965.39,No
6922-Z540,Male,0,Yes,Yes,24,Yes,No,No,No,No internet service,No internet service,No,No,No internet service,Month-to-month,No,Bank transfer (automatic),64.07,1548.02,No
8756-G155,Male,0,No,Yes,30,Yes,Yes,Fiber optic,No internet service,No internet service,No,No,No,No,Month-to-month,Yes,Credit card (automatic),111.25,3332.87,No
4465-A876,Male,0,No,No,42,Yes,Yes,Fiber optic,Yes,No,No internet service,Yes,Yes,Yes,One year,Yes,Mailed check,108.71,4552.66,No
7929-I358,Male,0,No,Yes,71,No,No phone service,DSL,No,Yes,No internet service,No internet service,No,No internet service,One year,Yes,Mailed check,58.61,4147.83,No
3885-C245,Female,0,Yes,Yes,50,Yes,No phone service,Fiber optic,Yes,No internet service,No internet service,Yes,Yes,Yes,Month-to-month,Yes,Credit card (automatic),74.9,3745.58,No
2134-I514,Female,1,Yes,Yes,71,Yes,No,DSL,Yes,No internet service,No internet service,Yes,No,No,Month-to-month,No,Credit card (automatic),109.24,7745.44,No
2338-J994,Female,0,No,Yes,60,Yes,No,No,No internet service,Yes,No internet service,No internet service,No,No internet service,Month-to-month,Yes,Bank transfer (automatic),50.35,3020.91,No
8396-N637,Female,0,No,Yes,30,Yes,Yes,DSL,No,No,No internet service,No,Yes,Yes,Month-to-month,Yes,Bank transfer (automatic),59.21,1778.03,No
4507-V365,Female,0,No,Yes,12,Yes,No phone service,Fiber optic,Yes,Yes,No internet service,Yes,No,No,Month-to-month,No,Bank transfer (automatic),97.95,1178.26,No
4015-B194,Male,0,No,Yes,49,Yes,No phone service,Fiber optic,No internet service,No internet service,No,Yes,Yes,No,Month-to-month,Yes,Credit card (automatic),88.46,4349.5,No
8021-K871,Male,1,No,Yes,46,Yes,Yes,Fiber optic,No,Yes,No internet service,No,Yes,No,Month-to-month,No,Mailed check,23.14,1078.1,No
5864-F303,Male,0,Yes,Yes,43,Yes,No phone service,No,No,No internet service,No,No internet service,No,No,Month-to-month,Yes,Mailed check,30.05,1294.29,No
6722-N593,Male,0,Yes,No,2,Yes,No phone service,DSL,Yes,No,No,No,No,No internet service,One year,Yes,Mailed check,103.3,213.88,No
8790-R805,Female,0,Yes,Yes,54,Yes,Yes,No,Yes,No,Yes,No,Yes,Yes,Month-to-month,No,Bank transfer (automatic),21.24,1151.53,No
3632-W547,Male,0,No,Yes,35,Yes,No,DSL,Yes,No,No internet service,Yes,Yes,Yes,One year,No,Mailed check,110.7,3889.79,No
6811-W684,Male,0,No,Yes,52,Yes,No,No,Yes,No internet service,No,Yes,Yes,No,Month-to-month,No,Bank transfer (automatic),45.56,2371.2,No
7375-A674,Female,0,Yes,Yes,33,Yes,No,No,No,No,Yes,No internet service,No internet service,Yes,Month-to-month,No,Credit card (automatic),78.39,2596.76,No
4253-C840,Male,0,Yes,Yes,72,Yes,Yes,Fiber optic,Yes,Yes,Yes,Yes,No,No,Month-to-month,Yes,Electronic check,74.99,5422.01,No
3369-K780,Male,0,No,No,51,Yes,No,No,Yes,No,No internet service,No,No internet service,Yes,One year,Yes,Credit card (automatic),58.07,2966.48,No
6185-A254,Female,0,Yes,No,26,Yes,Yes,No,Yes,No internet service,No internet service,No,Yes,Yes,One year,Yes,Bank transfer (automatic),21.41,552.58,No
8514-E611,Male,1,Yes,Yes,62,Yes,Yes,DSL,No,Yes,No internet service,No internet service,No internet service,Yes,Month-to-month,Yes,Mailed check,37.59,2326.93,No
6184-D911,Male,1,Yes,No,61,Yes,No phone service,No,No internet service,Yes,No internet service,Yes,Yes,No internet service,Month-to-month,No,Electronic check,80.05,4876.4,No
7658-I633,Male,0,No,Yes,26,Yes,No phone service,Fiber optic,No internet service,Yes,No,Yes,No internet service,No,Month-to-month,No,Electronic check,63.11,1649.2,No
1060-O952,Male,0,No,Yes,37,Yes,No,No,No,Yes,No,No internet service,No internet service,No internet service,One year,No,Electronic check,59.84,2218.43,No
3059-U560,Male,0,Yes,No,30,Yes,Yes,DSL,No internet service,No internet service,No internet service,No internet service,No,Yes,Month-to-month,No,Credit card (automatic),28.07,839.25,No
2596-B323,Female,0,No,No,11,Yes,No,DSL,No,No,No internet service,Yes,No,No internet service,One year,Yes,Electronic check,53.14,600.69,No
4074-N813,Female,0,Yes,No,53,Yes,No,No,Yes,Yes,No,No internet service,No internet service,No internet service,One year,Yes,Bank transfer (automatic),71.16,3768.28,No
9947-Y270,Female,1,Yes,No,41,Yes,No phone service,No,No internet service,No,No internet service,No,Yes,No internet service,One year,No,Bank transfer (automatic),26.06,1070.15,No
7185-G456,Female,1,No,No,5,Yes,No,DSL,No,No,Yes,No internet service,No,Yes,Two year,Yes,Credit card (automatic),24.95,117.67,No
4436-G795,Female,0,No,Yes,66,Yes,No,Fiber optic,No,No,No,No,No internet service,No internet service,Two year,No,Mailed check,67.65,4464.54,No
1235-L933,Female,0,No,Yes,13,Yes,No phone service,No,Yes,No,Yes,No,Yes,Yes,One year,Yes,Mailed check,74.66,963.29,No
6960-A409,Male,1,Yes,Yes,63,Yes,No,Fiber optic,No,No internet service,Yes,No,No,No,Two year,No,Credit card (automatic),44.14,2780.52,No
6029-Q938,Female,1,Yes,No,25,Yes,No,Fiber optic,No internet service,Yes,Yes,Yes,No internet service,Yes,Month-to-month,Yes,Mailed check,50.99,1264.99,No
3043-W611,Female,0,Yes,Yes,44,Yes,Yes,No,Yes,Yes,Yes,No,Yes,Yes,Month-to-month,Yes,Mailed check,98.34,4322.58,No
8471-N520,Male,0,No,No,14,Yes,No,Fiber optic,No,No,No internet service,No internet service,Yes,Yes,Month-to-month,Yes,Electronic check,105.61,1472.15,Yes
6762-L948,Male,0,Yes,Yes,69,Yes,No phone service,DSL,Yes,Yes,No internet service,No,No internet service,No,Two year,No,Credit card (automatic),50.94,3508.97,No
9887-N635,Female,0,Yes,No,59,Yes,No phone service,Fiber optic,No,No,No internet service,Yes,Yes,No,One year,No,Credit card (automatic),54.0,3177.66,No
6502-D280,Male,0,Yes,No,56,Yes,Yes,DSL,No internet service,No internet service,No internet service,Yes,No internet service,Yes,Month-to-month,No,Mailed check,101.7,,No
8517-N482,Female,0,Yes,Yes,52,No,No phone service,No,No internet service,Yes,No,Yes,Yes,Yes,One year,Yes,Mailed check,116.12,6013.7,No
3898-R709,Male,0,No,Yes,66,Yes,No phone service,Fiber optic,Yes,No,No internet service,Yes,No internet service,No,Month-to-month,Yes,Credit card (automatic),50.47,3338.35,No
3664-R546,Female,0,No,Yes,68,Yes,No phone service,DSL,No,Yes,No,No internet service,No,No,Month-to-month,Yes,Bank transfer (automatic),97.52,6634.75,No
7251-J965,Male,0,No,Yes,12,Yes,No,DSL,Yes,No,Yes,Yes,Yes,Yes,Month-to-month,Yes,Credit card (automatic),66.46,801.06,No
8167-U390,Male,0,Yes,No,68,Yes,Yes,No,Yes,Yes,No,No internet service,No internet service,No,Month-to-month,Yes,Electronic check,44.75,3041.78,No
2625-C925,Female,1,Yes,Yes,43,Yes,Yes,Fiber optic,No internet service,No internet service,No internet service,Yes,No internet service,Yes,Month-to-month,Yes,Mailed check,86.77,3744.15,No
2700-C765,Female,1,Yes,No,6,Yes,Yes,DSL,Yes,Yes,Yes,Yes,Yes,Yes,One year,Yes,Electronic check,64.74,381.75,No
1269-T521,Female,0,No,Yes,15,Yes,Yes,DSL,No,No internet service,Yes,No internet service,No,Yes,One year,No,Credit card (automatic),45.2,661.46,No
2698-P867,Female,0,No,Yes,42,No,No phone service,No,No internet service,No internet service,No internet service,No,No internet service,No,Month-to-month,No,Mailed check,29.03,1222.35,No
9924-D748,Female,1,No,Yes,31,Yes,No,Fiber optic,No,No,Yes,No internet service,No,No,Month-to-month,No,Credit card (automatic),105.38,3286.22,No
8276-Q695,Male,0,No,Yes,53,No,No phone service,Fiber optic,Yes,No,Yes,No,Yes,No,One year,No,Credit card (automatic),106.56,5662.51,No
1534-V396,Female,0,No,Yes,6,Yes,No phone service,DSL,No internet service,Yes,Yes,No internet service,No,Yes,Two year,Yes,Electronic check,25.78,164.19,No
7891-G328,Female,0,Yes,No,33,Yes,No phone service,Fiber optic,No,No internet service,No,No,Yes,Yes,Two year,Yes,Electronic check,84.92,2825.39,No
8448-R490,Male,0,No,Yes,29,Yes,No phone service,Fiber optic,No,No,Yes,Yes,No internet service,No internet service,Month-to-month,No,Bank transfer (automatic),34.59,999.36,No
2875-G976,Male,0,No,No,21,Yes,Yes,Fiber optic,Yes,No internet service,Yes,No,No,Yes,Month-to-month,Yes,Mailed check,83.21,1743.17,No
8693-D459,Female,1,No,Yes,54,Yes,Yes,Fiber optic,No,No internet service,No,No,Yes,Yes,Month-to-month,Yes,Credit card (automatic),109.47,5909.13,No
8601-N940,Male,0,Yes,No,56,Yes,No,Fiber optic,Yes,No internet service,No internet service,Yes,No internet service,No internet service,Month-to-month,Yes,Mailed check,44.4,2461.74,No
7484-A483,Male,0,No,Yes,21,Yes,No phone service,Fiber optic,Yes,Yes,No,Yes,No,Yes,One year,No,Electronic check,53.22,1132.52,No
4668-Q390,Female,1,No,Yes,55,No,Yes,Fiber optic,Yes,No internet service,No,No,Yes,Yes,Month-to-month,No,Mailed check,98.16,5399.06,Yes
5384-V370,Male,0,No,Yes,58,Yes,No,DSL,Yes,No internet service,No internet service,No,No,No,Two year,Yes,Bank transfer (automatic),92.16,5339.24,No
6036-Z524,Male,0,Yes,No,64,Yes,No phone service,DSL,No internet service,Yes,No internet service,No internet service,No internet service,No internet service,One year,No,Credit card (automatic),59.32,3794.69,No
4957-A524,Female,0,Yes,No,46,Yes,No phone service,Fiber optic,No,Yes,No,Yes,No internet service,No,Month-to-month,Yes,Credit card (automatic),103.53,4753.08,No
1535-A126,Female,0,No,Yes,22,No,Yes,Fiber optic,No,No,Yes,Yes,Yes,No internet service,One year,Yes,Credit card (automatic),110.77,2437.59,No
3512-Z483,Male,0,No,Yes,60,Yes,No phone service,No,No internet service,No internet service,No internet service,Yes,No,Yes,Month-to-month,No,Electronic check,63.74,3819.39,No
9502-X714,Male,0,No,Yes,11,Yes,No phone service,DSL,Yes,No internet service,Yes,No internet service,No,No internet service,One year,No,Credit card (automatic),22.21,239.77,No
6201-K274,Female,0,No,No,47,Yes,Yes,No,Yes,Yes,No internet service,No internet service,No internet service,No,Two year,Yes,Electronic check,69.45,3255.4,No
8045-H669,Male,0,Yes,Yes,31,Yes,No,DSL,Yes,Yes,Yes,No,No,Yes,Month-to-month,Yes,Bank transfer (automatic),92.59,2870.73,No
7412-G731,Male,0,No,No,18,Yes,No,No,Yes,No,No,No internet service,No,No,One year,Yes,Credit card (automatic),40.36,721.48,No
7444-B920,Male,0,Yes,Yes,22,Yes,Yes,No,No internet service,Yes,No,No internet service,No,No internet service,Month-to-month,Yes,Mailed check,28.24,634.88,No
8030-E751,Female,0,No,No,56,Yes,Yes,No,No,Yes,No,No internet service,Yes,No internet service,Month-to-month,No,Electronic check,46.91,2632.36,Yes
7396-X277,Male,0,Yes,No,17,Yes,No,DSL,Yes,Yes,No,Yes,No internet service,No internet service,One year,No,Electronic check,19.41,316.89,No
7604-K629,Male,0,Yes,No,38,Yes,No,DSL,Yes,Yes,No internet service,No,Yes,No,Month-to-month,No,Mailed check,90.15,3431.83,No
3595-N336,Female,1,No,Yes,25,Yes,Yes,Fiber optic,Yes,No,No,No internet service,No internet service,Yes,Month-to-month,No,Mailed check,32.93,826.67,No
2631-W920,Male,0,Yes,No,32,No,Yes,DSL,No,No internet service,Yes,No internet service,Yes,Yes,Month-to-month,Yes,Bank transfer (automatic),90.98,2912.07,No
3069-Q221,Male,0,No,Yes,15,Yes,Yes,DSL,No,No internet service,No,No internet service,Yes,No,Month-to-month,Yes,Electronic check,41.82,625.73,No
7422-Y742,Female,0,Yes,No,13,Yes,No phone service,DSL,No internet service,No internet service,No,Yes,Yes,No,One year,No,Bank transfer (automatic),117.95,1545.12,No
5263-R262,Female,0,Yes,Yes,58,Yes,Yes,DSL,No,No internet service,No,No,No,No,Two year,Yes,Mailed check,71.7,4147.54,No
6282-G195,Female,0,No,No,50,Yes,No phone service,Fiber optic,No,No internet service,No,No,No internet service,Yes,Month-to-month,No,Credit card (automatic),22.4,1119.32,No
2528-A547,Female,1,No,No,11,Yes,No,Fiber optic,Yes,Yes,No internet service,No internet service,Yes,No internet service,Month-to-month,Yes,Mailed check,95.9,1038.13,No
1189-U888,Male,1,Yes,Yes,13,Yes,No,DSL,No,No internet service,No internet service,No,No,No,Month-to-month,No,Mailed check,59.46,778.31,No
3507-A732,Male,0,Yes,Yes,50,Yes,Yes,No,Yes,Yes,No internet service,Yes,Yes,No,Month-to-month,No,Bank transfer (automatic),79.29,3963.85,No
9907-C685,Female,0,No,No,38,Yes,Yes,No,No internet service,No internet service,Yes,No internet service,No,No internet service,Month-to-month,Yes,Bank transfer (automatic),113.85,4316.49,No
7265-A860,Female,0,No,No,1,Yes,No,DSL,Yes,No internet service,Yes,No,Yes,Yes,One year,No,Mailed check,70.24,72.09,No
3138-O749,Male,0,No,Yes,39,Yes,No,Fiber optic,No internet service,Yes,No,No internet service,No internet service,No,Two year,No,Bank transfer (automatic),99.09,3878.15,No
6867-F345,Female,0,Yes,No,27,Yes,No,No,No,No internet service,Yes,Yes,No internet service,No,Two year,No,Electronic check,48.68,1315.47,No
4633-J298,Male,0,No,No,36,Yes,No,Fiber optic,No internet service,Yes,Yes,No internet service,Yes,No,Month-to-month,Yes,Bank transfer (automatic),90.06,3226.41,No
9772-H843,Female,1,No,Yes,32,Yes,Yes,Fiber optic,Yes,No,Yes,Yes,Yes,No internet service,Month-to-month,Yes,Bank transfer (automatic),28.23,903.17,No
7194-Y366,Male,0,Yes,Yes,41,Yes,No phone service,No,No,No,Yes,No internet service,Yes,No internet service,Month-to-month,No,Credit card (automatic),108.03,4432.18,No
1847-I184,Female,0,No,Yes,15,No,No,DSL,No,No,No internet service,No internet service,Yes,No internet service,Month-to-month,No,Credit card (automatic),38.32,567.87,No
3355-U123,Female,0,No,No,31,Yes,No,Fiber optic,Yes,No internet service,No internet service,No,No,No internet service,One year,No,Credit card (automatic),48.59,1528.49,No
2694-D570,Male,0,No,No,6,Yes,No phone service,No,No,No internet service,Yes,No,No internet service,Yes,Month-to-month,Yes,Electronic check,114.55,672.81,No
3010-D245,Female,0,No,No,52,Yes,Yes,Fiber optic,Yes,No internet service,Yes,Yes,No,No internet service,Month-to-month,No,Bank transfer (automatic),33.85,1734.77,No
5627-I284,Male,1,Yes,Yes,22,Yes,No phone service,No,No internet service,No internet service,No internet service,Yes,No internet service,No,Month-to-month,Yes,Bank transfer (automatic),43.82,954.67,No
2520-C606,Male,0,No,No,31,Yes,Yes,DSL,No internet service,Yes,No,Yes,Yes,No,Two year,No,Credit card (automatic),76.56,2353.87,No
6921-G500,Male,0,No,Yes,46,Yes,Yes,DSL,No,No,No internet service,No,No internet service,No,Month-to-month,Yes,Electronic check,116.81,5382.7,No
2649-P914,Male,0,No,Yes,67,No,Yes,DSL,Yes,Yes,Yes,No internet service,Yes,No,One year,No,Bank transfer (automatic),87.74,5889.2,No
1359-N175,Male,0,No,No,43,Yes,Yes,Fiber optic,Yes,No,Yes,Yes,Yes,Yes,Month-to-month,No,Bank transfer (automatic),29.73,1262.28,No
8971-U178,Female,1,No,Yes,1,Yes,Yes,DSL,No internet service,No,Yes,No internet service,No,Yes,One year,No,Bank transfer (automatic),93.44,82.55,No
4445-V529,Female,0,No,No,44,Yes,No,DSL,Yes,Yes,No internet service,No internet service,No internet service,Yes,Month-to-month,No,Bank transfer (automatic),61.08,2675.37,No
7148-K748,Male,0,Yes,Yes,57,Yes,Yes,DSL,No,Yes,Yes,No,No,Yes,One year,Yes,Electronic check,117.98,6724.63,No
8387-Z264,Female,1,Yes,Yes,9,Yes,No,DSL,No,Yes,No internet service,No,No,Yes,One year,No,Credit card (automatic),81.44,737.66,No
3945-J110,Male,0,Yes,Yes,5,Yes,Yes,No,No internet service,No,No,No internet service,No,Yes,Month-to-month,No,Credit card (automatic),71.71,373.5,No
3927-V680,Female,0,No,No,9,Yes,No,No,Yes,Yes,Yes,Yes,No,No internet service,Month-to-month,Yes,Electronic check,74.26,672.59,No
1515-D451,Female,0,No,Yes,45,No,No phone service,Fiber optic,No,No internet service,Yes,No,No internet service,Yes,Month-to-month,Yes,Bank transfer (automatic),82.73,3719.48,No
6681-P728,Female,1,No,No,24,Yes,No phone service,No,No,Yes,No,No internet service,No internet service,Yes,One year,No,Bank transfer (automatic),91.8,2199.38,No
9953-A262,Female,0,Yes,Yes,42,Yes,No,No,No,No,No internet service,No,No,No,One year,Yes,Electronic check,26.12,1098.02,No
9548-X360,Male,0,No,Yes,22,Yes,Yes,No,Yes,No,Yes,No internet service,No internet service,No,One year,No,Electronic check,31.38,691.94,No
2992-G720,Male,0,Yes,Yes,60,Yes,No,No,No internet service,Yes,Yes,No,Yes,Yes,One year,Yes,Mailed check,48.45,2905.77,No
1484-R123,Female,0,No,No,37,Yes,No,No,No internet service,Yes,Yes,Yes,No internet service,No internet service,Month-to-month,No,Electronic check,66.28,2453.33,No
9486-Q879,Female,0,No,No,39,Yes,Yes,DSL,No,No,Yes,Yes,No,No internet service,One year,Yes,Bank transfer (automatic),49.51,1930.65,No
3496-G987,Male,0,Yes,No,53,Yes,No phone service,Fiber optic,No internet service,No,No,No,Yes,No internet service,Month-to-month,Yes,Electronic check,39.74,2091.7,No
6978-D322,Female,0,Yes,No,28,Yes,No,No,No,Yes,No internet service,No,Yes,No internet service,Month-to-month,No,Credit card (automatic),111.22,3115.64,No
1483-K241,Male,0,Yes,No,15,Yes,No phone service,No,No,No internet service,No,No,Yes,Yes,Month-to-month,Yes,Bank transfer (automatic),21.53,314.2,No
4600-C845,Male,0,Yes,Yes,60,Yes,No phone service,Fiber optic,Yes,No internet service,No internet service,Yes,Yes,No internet service,One year,Yes,Electronic check,112.59,6757.47,No
3073-I380,Male,0,Yes,Yes,60,Yes,No phone service,No,No,No internet service,No,No,Yes,Yes,Two year,No,Electronic check,109.43,6570.69,No
8890-G194,Female,1,Yes,No,6,Yes,No,No,No,No,No,Yes,No,Yes,One year,Yes,Electronic check,86.97,533.59,No
6710-W664,Male,0,No,No,52,Yes,No,Fiber optic,Yes,No internet service,No internet service,No,No,Yes,Month-to-month,No,Bank transfer (automatic),21.52,1118.71,No
5822-O863,Female,0,Yes,No,12,Yes,Yes,DSL,Yes,No internet service,Yes,No,Yes,Yes,Month-to-month,No,Electronic check,40.9,484.42,No
9123-N624,Male,0,No,No,19,Yes,Yes,DSL,No internet service,Yes,Yes,No internet service,No,Yes,Month-to-month,Yes,Electronic check,116.65,2224.79,No
7552-G356,Female,0,No,Yes,2,Yes,No,Fiber optic,Yes,Yes,No,Yes,No internet service,No,Month-to-month,Yes,Credit card (automatic),109.3,219.23,No
3833-G803,Female,1,No,No,55,Yes,Yes,DSL,No,No internet service,No,No,No,Yes,One year,No,Mailed check,115.19,6355.09,No
5605-M205,Female,1,No,No,15,No,No phone service,DSL,Yes,No,No,Yes,No internet service,Yes,Month-to-month,No,Credit card (automatic),118.36,1761.22,No
6105-F913,Male,1,No,No,64,Yes,No phone service,DSL,Yes,No internet service,Yes,No internet service,No,Yes,Month-to-month,Yes,Mailed check,24.67,1573.08,No
4372-X599,Male,0,Yes,No,69,No,No,DSL,No internet service,Yes,No internet service,Yes,No internet service,No,One year,No,Credit card (automatic),75.62,5210.65,No
8101-O533,Female,0,Yes,Yes,15,Yes,No phone service,No,Yes,Yes,Yes,Yes,No internet service,No,Month-to-month,Yes,Electronic check,102.08,1549.64,No
5451-K737,Female,0,Yes,Yes,43,Yes,No,Fiber optic,No,Yes,No,Yes,Yes,Yes,One year,Yes,Electronic check,50.38,2170.89,No
2762-T492,Female,0,No,No,17,Yes,No,DSL,No,No internet service,Yes,Yes,No,No internet service,One year,Yes,Bank transfer (automatic),62.02,1035.63,No
8033-G680,Male,0,Yes,Yes,24,Yes,No,DSL,No,No,Yes,Yes,Yes,Yes,One year,Yes,Bank transfer (automatic),46.77,1104.55,No
6782-L747,Male,1,No,Yes,30,Yes,No phone service,Fiber optic,Yes,No internet service,Yes,Yes,No internet service,No internet service,Month-to-month,No,Credit card (automatic),22.08,670.99,No
2052-O271,Male,0,No,No,67,No,No,No,Yes,Yes,No internet service,Yes,No,No internet service,Month-to-month,Yes,Credit card (automatic),25.56,1701.94,No
1553-Q359,Male,0,No,No,51,Yes,No,DSL,No,Yes,No,No,No,Yes,One year,No,Mailed check,20.4,1040.45,No
7714-J718,Female,0,No,Yes,60,No,Yes,DSL,Yes,Yes,Yes,No,Yes,No internet service,Month-to-month,No,Bank transfer (automatic),71.24,4272.33,No
9691-L507,Female,1,Yes,Yes,3,Yes,No phone service,No,No internet service,Yes,Yes,Yes,No,No,Two year,Yes,Credit card (automatic),80.4,260.98,No
1490-D284,Male,0,Yes,Yes,5,No,No,Fiber optic,No internet service,No internet service,No,Yes,No,Yes,Month-to-month,Yes,Electronic check,49.17,243.48,No
6286-N909,Male,0,Yes,Yes,28,Yes,Yes,DSL,No internet service,No internet service,Yes,No,No,No,One year,Yes,Credit card (automatic),101.28,2831.62,No
4046-L351,Female,1,Yes,Yes,11,No,No,DSL,No internet service,No,Yes,No internet service,No internet service,No,Month-to-month,Yes,Mailed check,107.5,1188.14,No
2190-G772,Male,0,Yes,No,72,Yes,No phone service,Fiber optic,No,Yes,Yes,No,Yes,Yes,Month-to-month,No,Bank transfer (automatic),32.29,2336.0,No
7089-L248,Male,0,No,Yes,72,Yes,Yes,No,Yes,No internet service,Yes,No internet service,No internet service,Yes,Two year,Yes,Bank transfer (automatic),23.47,1691.07,No
6151-D109,Male,0,Yes,Yes,15,Yes,Yes,Fiber optic,No internet service,No internet service,No,Yes,Yes,Yes,One year,No,Electronic check,50.35,732.29,No
6219-W111,Male,0,No,Yes,48,Yes,No,DSL,No,Yes,Yes,Yes,No internet service,No,One year,No,Bank transfer (automatic),89.91,4323.77,No
6388-G576,Male,1,No,Yes,46,Yes,No,No,No internet service,No internet service,No internet service,No,No internet service,Yes,Month-to-month,Yes,Bank transfer (automatic),69.25,,No
6268-H675,Male,0,No,Yes,28,Yes,No phone service,No,Yes,Yes,Yes,No,No internet service,No,Two year,Yes,Mailed check,67.3,1869.05,No
2085-M390,Female,0,Yes,Yes,7,Yes,No phone service,No,No internet service,No,No internet service,No,No internet service,No internet service,One year,No,Bank transfer (automatic),33.57,230.07,No
4476-Q322,Male,0,No,Yes,71,Yes,No,Fiber optic,No internet service,Yes,No,Yes,Yes,Yes,Month-to-month,No,Credit card (automatic),53.57,3804.72,No
2686-R384,Male,0,No,Yes,6,Yes,Yes,Fiber optic,No internet service,Yes,Yes,No,No,No,Month-to-month,No,Electronic check,114.62,702.31,Yes
2225-S761,Female,0,Yes,No,58,Yes,No phone service,Fiber optic,No internet service,No internet service,No internet service,No,Yes,Yes,Month-to-month,No,Bank transfer (automatic),52.48,3023.47,No
7909-V874,Female,0,No,No,68,Yes,No phone service,DSL,Yes,No,No internet service,No internet service,No,No,Month-to-month,No,Credit card (automatic),77.69,5284.47,No
8130-K932,Female,0,No,Yes,55,Yes,Yes,Fiber optic,No,No,Yes,Yes,Yes,No,Two year,Yes,Electronic check,24.11,1340.83,No
6244-G301,Male,0,No,No,67,Yes,No,No,No internet service,No internet service,Yes,Yes,Yes,No internet service,Month-to-month,No,Electronic check,24.67,1651.87,No
1813-Z605,Female,1,Yes,No,49,Yes,No phone service,DSL,No,No,No,Yes,Yes,Yes,Month-to-month,No,Mailed check,60.89,2991.32,No
9169-B381,Male,0,No,No,51,Yes,Yes,DSL,Yes,No,No,No,Yes,No,Month-to-month,No,Bank transfer (automatic),78.96,4033.83,No
7901-D227,Male,0,No,No,59,Yes,No phone service,DSL,Yes,Yes,Yes,Yes,No internet service,Yes,Month-to-month,Yes,Electronic check,55.67,,No
8418-F715,Male,0,Yes,No,6,Yes,Yes,No,No internet service,No internet service,No,No,Yes,No,Month-to-month,No,Electronic check,36.24,223.51,No
6355-S492,Female,1,Yes,No,51,Yes,No phone service,Fiber optic,No,No,No,No internet service,Yes,No internet service,Month-to-month,Yes,Electronic check,92.21,4703.88,No
4873-S121,Female,0,No,Yes,38,No,No,No,No internet service,No,No,Yes,No,No,Month-to-month,No,Electronic check,32.32,1224.98,No
5670-A759,Female,0,Yes,Yes,11,Yes,Yes,Fiber optic,Yes,No,No,No internet service,No internet service,No,One year,Yes,Mailed check,85.39,955.25,No
1076-O391,Female,0,Yes,No,52,Yes,No phone service,DSL,No internet service,Yes,Yes,No internet service,No internet service,Yes,Month-to-month,Yes,Electronic check,114.4,5947.05,No
3147-M137,Female,0,Yes,Yes,20,Yes,No phone service,DSL,No internet service,Yes,Yes,Yes,Yes,No internet service,Two year,Yes,Electronic check,65.54,1325.9,No
9740-Q140,Male,0,Yes,No,10,Yes,Yes,No,No,No internet service,No internet service,Yes,Yes,No,Month-to-month,No,Mailed check,38.39,380.49,No
6527-U116,Male,1,Yes,Yes,26,Yes,Yes,Fiber optic,Yes,No internet service,No,No,No internet service,Yes,Month-to-month,No,Mailed check,102.87,2673.34,No
2137-P197,Male,1,Yes,Yes,48,Yes,No,DSL,No internet service,Yes,Yes,No internet service,No internet service,No,Two year,Yes,Mailed check,69.05,3312.07,No
7800-X408,Male,0,Yes,Yes,14,Yes,Yes,No,No internet service,No internet service,No internet service,No internet service,Yes,Yes,Month-to-month,Yes,Electronic check,111.03,1564.92,No
5500-K871,Female,0,No,No,59,Yes,No phone service,No,No internet service,No internet service,No,No,Yes,No internet service,Month-to-month,No,Credit card (automatic),90.67,5340.88,No
6665-M181,Female,0,Yes,Yes,12,No,No,Fiber optic,No,No internet service,No internet service,Yes,Yes,No internet service,Month-to-month,Yes,Credit card (automatic),61.53,742.97,No
6131-P727,Male,0,Yes,Yes,23,Yes,Yes,Fiber optic,Yes,Yes,No,No internet service,No,Yes,One year,Yes,Electronic check,80.3,1850.85,No
1771-M405,Female,1,Yes,No,72,Yes,No phone service,Fiber optic,No internet service,Yes,Yes,No,No internet service,No internet service,Month-to-month,Yes,Bank transfer (automatic),35.33,2547.77,No
8447-P969,Female,0,No,No,39,Yes,Yes,DSL,No internet service,No,No internet service,No internet service,No,Yes,One year,Yes,Bank transfer (automatic),57.17,2250.12,No
2989-L732,Male,0,Yes,Yes,9,No,No phone service,No,No internet service,No,Yes,No internet service,No internet service,Yes,Month-to-month,Yes,Bank transfer (automatic),77.93,699.25,No
2683-A329,Male,0,Yes,No,25,Yes,No phone service,Fiber optic,Yes,No,No,No,No internet service,No internet service,Month-to-month,Yes,Mailed check,77.55,1966.07,No
1783-A242,Female,0,No,Yes,17,Yes,No,No,No,No,No,No internet service,No internet service,No internet service,Two year,Yes,Bank transfer (automatic),77.27,1324.8,No
2722-K982,Female,0,Yes,Yes,42,Yes,No,DSL,No,No internet service,No,No,No internet service,Yes,Month-to-month,No,Bank transfer (automatic),92.98,3890.69,No
8138-H274,Male,0,No,No,29,Yes,Yes,DSL,No internet service,No internet service,No internet service,No,No internet service,Yes,Month-to-month,Yes,Mailed check,28.87,825.84,No
2442-G841,Male,0,No,No,60,Yes,No,Fiber optic,No internet service,Yes,No internet service,No internet service,Yes,No internet service,One year,Yes,Credit card (automatic),25.65,1549.27,No
7043-R105,Male,1,Yes,Yes,67,No,Yes,DSL,No,No internet service,No internet service,No internet service,No,No internet service,Two year,Yes,Electronic check,33.13,2212.27,No
1860-I903,Female,0,No,No,57,Yes,No,No,No,No internet service,Yes,Yes,No,Yes,One year,No,Credit card (automatic),97.89,5582.19,No
1705-D149,Male,0,Yes,Yes,72,Yes,No,No,No,No internet service,No internet service,Yes,No internet service,Yes,Month-to-month,No,Mailed check,24.77,1776.51,No
5985-C370,Male,0,Yes,No,14,Yes,Yes,DSL,No internet service,No,No,No internet service,No,Yes,Two year,Yes,Bank transfer (automatic),40.89,567.83,No
6395-W727,Female,0,No,No,39,Yes,No,DSL,No internet service,Yes,Yes,Yes,No,No internet service,Month-to-month,Yes,Bank transfer (automatic),43.85,1707.6,No
7218-I815,Female,0,No,No,16,Yes,No,DSL,No,No,No,Yes,Yes,No,Two year,No,Credit card (automatic),83.3,1342.66,No
3790-E697,Female,0,Yes,No,18,Yes,No,No,No,No internet service,No,No,No internet service,Yes,Month-to-month,Yes,Mailed check,58.61,1052.73,No
8548-D229,Female,0,Yes,No,20,Yes,No,DSL,Yes,No internet service,No internet service,No internet service,Yes,No,Two year,No,Mailed check,38.25,779.27,No
6231-E871,Female,0,No,Yes,46,Yes,Yes,Fiber optic,No internet service,Yes,No internet service,Yes,No,No internet service,Month-to-month,Yes,Credit card (automatic),63.43,2908.03,No
7771-U557,Male,1,Yes,Yes,45,Yes,No phone service,Fiber optic,Yes,No,No internet service,Yes,No internet service,No,One year,Yes,Bank transfer (automatic),87.14,3929.24,No
3004-Q640,Male,0,Yes,Yes,4,Yes,Yes,No,No,No internet service,No,Yes,No internet service,No,One year,No,Mailed check,97.25,391.14,No
4940-S589,Female,0,Yes,No,20,Yes,Yes,DSL,No internet service,Yes,Yes,No internet service,No internet service,Yes,One year,No,Credit card (automatic),30.7,601.65,No
9029-I429,Female,0,No,Yes,11,Yes,Yes,DSL,No internet service,No internet service,No internet service,No,No internet service,No,One year,No,Bank transfer (automatic),90.08,984.98,No
8908-H194,Female,0,Yes,Yes,65,Yes,No,DSL,Yes,No internet service,No internet service,No internet service,No internet service,No internet service,Month-to-month,Yes,Bank transfer (automatic),18.7,1214.32,No
5322-Y403,Female,0,Yes,No,18,Yes,No,Fiber optic,Yes,Yes,Yes,No,No internet service,Yes,Month-to-month,Yes,Bank transfer (automatic),91.04,1651.12,No
2356-L671,Female,1,Yes,No,39,No,No phone service,Fiber optic,Yes,Yes,No,Yes,Yes,No,Month-to-month,Yes,Electronic check,84.68,3301.26,No
4971-V762,Male,0,No,No,44,Yes,No,Fiber optic,Yes,No internet service,No,No internet service,Yes,No,One year,Yes,Mailed check,65.35,2896.08,No
4373-W179,Male,1,No,Yes,18,Yes,No phone service,Fiber optic,No internet service,Yes,Yes,No,No,No,One year,Yes,Mailed check,32.01,572.99,No
2231-P161,Male,0,No,Yes,47,Yes,No phone service,Fiber optic,No,No internet service,No internet service,Yes,No internet service,No,Month-to-month,Yes,Bank transfer (automatic),95.09,4470.21,No
4481-A786,Male,0,Yes,No,31,Yes,No,No,No,No,Yes,Yes,No internet service,Yes,Month-to-month,Yes,Electronic check,25.46,802.48,No
4541-O938,Female,0,No,Yes,39,Yes,No phone service,No,No,No internet service,No internet service,No internet service,Yes,Yes,Month-to-month,No,Mailed check,108.25,4209.16,No
7308-G599,Male,1,Yes,Yes,38,Yes,Yes,DSL,Yes,Yes,Yes,No,No,Yes,One year,Yes,Mailed check,95.98,3659.26,No
2712-K313,Female,0,No,No,47,Yes,Yes,DSL,No,No,No,Yes,No,No internet service,Two year,No,Electronic check,92.72,4351.34,No
9644-Q979,Female,1,Yes,Yes,70,Yes,Yes,Fiber optic,Yes,Yes,No,Yes,No internet service,No internet service,Month-to-month,Yes,Mailed check,94.07,6582.57,No
6134-Y419,Female,1,No,No,8,Yes,No phone service,DSL,Yes,No internet service,No,Yes,No,Yes,Two year,No,Mailed check,25.04,202.83,No
8438-U257,Male,1,Yes,Yes,65,Yes,No phone service,No,No,Yes,No,No,No,Yes,Two year,No,Credit card (automatic),117.74,7645.03,No
9265-D233,Female,0,Yes,No,13,Yes,Yes,No,No,No internet service,Yes,No,No internet service,No internet service,Month-to-month,Yes,Mailed check,104.54,1385.63,No
4584-L494,Male,0,No,Yes,55,No,No,DSL,No,Yes,Yes,Yes,No internet service,No,Month-to-month,Yes,Electronic check,69.3,3813.73,No
8412-T625,Male,0,Yes,Yes,43,No,Yes,Fiber optic,No internet service,Yes,No internet service,No,No internet service,Yes,One year,Yes,Electronic check,90.55,3895.03,No
4326-Y509,Female,0,No,No,4,Yes,No,No,Yes,No internet service,Yes,Yes,Yes,Yes,One year,Yes,Bank transfer (automatic),92.55,364.3,No
4079-C384,Female,0,No,No,71,Yes,No,DSL,No internet service,No,No internet service,Yes,No internet service,No,One year,Yes,Credit card (automatic),101.64,7203.02,No
7931-F802,Female,0,Yes,No,60,No,No phone service,Fiber optic,No,No internet service,Yes,No,No,No internet service,Month-to-month,No,Bank transfer (automatic),43.92,2646.56,No
6032-S763,Male,0,Yes,No,12,Yes,No phone service,DSL,No internet service,No,Yes,No,Yes,No internet service,Month-to-month,Yes,Credit card (automatic),55.64,664.97,No
2672-E572,Female,0,No,Yes,59,Yes,No,Fiber optic,No internet service,No,Yes,No internet service,No,Yes,Month-to-month,Yes,Credit card (automatic),98.62,5821.89,No
2755-X212,Male,0,No,No,54,Yes,No,Fiber optic,No,No,Yes,No internet service,Yes,No,Month-to-month,No,Bank transfer (automatic),95.53,5148.86,No
4941-A571,Female,0,No,No,44,Yes,No,No,No,No,No,No,No internet service,No internet service,One year,Yes,Mailed check,70.77,3122.02,No
4064-I129,Female,0,Yes,No,16,No,No phone service,No,Yes,No internet service,Yes,No,No,No,Month-to-month,No,Credit card (automatic),58.07,925.97,No
8802-V643,Male,0,No,No,6,Yes,Yes,DSL,Yes,No internet service,No internet service,No,Yes,No,Two year,No,Bank transfer (automatic),115.58,676.95,No
8416-L371,Male,0,Yes,No,14,Yes,No,DSL,No internet service,No,No,No,No,Yes,Month-to-month,Yes,Bank transfer (automatic),59.96,836.55,No
2938-R186,Male,0,Yes,Yes,58,Yes,No phone service,Fiber optic,No,No,Yes,Yes,No internet service,No,Month-to-month,No,Bank transfer (automatic),95.03,5519.53,No
6806-N317,Male,0,No,No,31,No,Yes,No,Yes,No,Yes,Yes,Yes,No,Two year,Yes,Bank transfer (automatic),59.72,1857.2,No
3467-M614,Male,0,No,No,41,Yes,No phone service,Fiber optic,Yes,No,No internet service,No internet service,No,No,Month-to-month,No,Bank transfer (automatic),49.39,2028.83,No
8059-Q441,Male,0,Yes,No,35,Yes,Yes,Fiber optic,No internet service,No,No,No,Yes,No,Month-to-month,No,Mailed check,82.67,2893.1,No
1870-O379,Female,0,Yes,Yes,10,Yes,No phone service,Fiber optic,No internet service,No,No,No internet service,No internet service,No,Two year,No,Electronic check,99.42,994.58,No
7058-D150,Female,0,Yes,Yes,30,No,Yes,Fiber optic,No internet service,Yes,No,No,Yes,Yes,Month-to-month,Yes,Mailed check,116.88,3500.84,No
7267-X532,Male,0,Yes,Yes,44,Yes,No,Fiber optic,No,No,No,No,Yes,No internet service,Month-to-month,Yes,Electronic check,33.21,1472.85,No
4177-J293,Female,0,No,No,55,Yes,No phone service,Fiber optic,Yes,Yes,No internet service,No,No,No internet service,Month-to-month,Yes,Credit card (automatic),106.3,5845.99,No
7597-F708,Male,0,Yes,No,71,Yes,Yes,DSL,Yes,No internet service,Yes,Yes,Yes,No,Two year,No,Credit card (automatic),70.93,5030.77,No
5520-Q722,Female,0,No,Yes,18,Yes,Yes,No,Yes,No internet service,Yes,No internet service,No internet service,Yes,One year,No,Bank transfer (automatic),29.08,541.35,No
9087-Q543,Female,0,No,Yes,39,Yes,Yes,No,No internet service,No,No,No,No,Yes,Month-to-month,No,Mailed check,98.09,3837.89,No
2788-V151,Male,0,No,No,42,Yes,No,Fiber optic,No,No internet service,No internet service,No internet service,Yes,No,Two year,Yes,Bank transfer (automatic),51.57,2166.91,No
5078-D324,Male,0,Yes,No,54,Yes,No phone service,Fiber optic,No internet service,No internet service,Yes,No internet service,No internet service,No,Month-to-month,No,Mailed check,105.51,5694.03,No
2887-B136,Male,0,Yes,No,30,Yes,Yes,Fiber optic,No internet service,No,No,Yes,No internet service,No internet service,Two year,Yes,Credit card (automatic),34.11,1020.09,No
5361-H167,Female,0,No,Yes,20,Yes,No,No,No,No internet service,No,Yes,Yes,No internet service,Month-to-month,No,Mailed check,89.71,1784.57,No
9718-D382,Male,0,No,No,42,Yes,No,No,No,No internet service,No internet service,No,Yes,No internet service,Month-to-month,No,Bank transfer (automatic),48.48,2045.69,No
4710-T816,Female,0,No,No,5,Yes,No,Fiber optic,No internet service,No,No internet service,No internet service,No,No,Month-to-month,No,Bank transfer (automatic),44.11,238.94,No
7628-M502,Male,1,No,Yes,50,Yes,No,No,No,No,No internet service,Yes,No internet service,No internet service,Month-to-month,No,Credit card (automatic),23.3,1170.73,No
2659-H851,Female,0,Yes,Yes,41,Yes,No,Fiber optic,No internet service,No,No,No internet service,No internet service,Yes,Month-to-month,No,Electronic check,66.68,2749.4,No
5395-P310,Female,0,No,Yes,39,Yes,No,Fiber optic,Yes,Yes,No internet service,No internet service,No internet service,Yes,Month-to-month,Yes,Credit card (automatic),57.6,2255.01,No
3802-Z308,Male,0,Yes,No,57,Yes,No,Fiber optic,No,No,No,No,Yes,No,Month-to-month,No,Bank transfer (automatic),24.45,1378.95,No
6695-U394,Female,0,Yes,Yes,57,Yes,No phone service,DSL,Yes,No internet service,Yes,No internet service,Yes,No,Month-to-month,No,Credit card (automatic),41.03,2353.34,No
5718-X103,Female,1,Yes,Yes,37,Yes,No phone service,No,No,No,No,Yes,Yes,No internet service,Two year,No,Electronic check,67.22,2484.9,No
2544-F615,Male,0,Yes,No,7,Yes,No,No,No internet service,Yes,No,No,No,Yes,Month-to-month,No,Bank transfer (automatic),99.48,698.55,No
8811-X412,Female,0,No,No,5,Yes,Yes,No,No internet service,No internet service,Yes,No,No internet service,No internet service,Month-to-month,No,Electronic check,111.66,549.2,No
4909-F422,Male,1,Yes,Yes,51,Yes,Yes,Fiber optic,No internet service,Yes,No internet service,No,No internet service,Yes,One year,Yes,Mailed check,70.04,3554.49,No
2137-F291,Male,0,No,No,8,Yes,Yes,DSL,No internet service,No internet service,No internet service,Yes,Yes,No internet service,One year,Yes,Mailed check,58.78,464.02,No
6442-O245,Male,0,Yes,Yes,56,Yes,No,Fiber optic,No internet service,No,No,No,No,No,One year,Yes,Credit card (automatic),114.2,6397.94,No
1208-V585,Male,1,No,No,11,Yes,Yes,Fiber optic,No internet service,Yes,No,No internet service,No,Yes,One year,No,Bank transfer (automatic),115.02,1266.51,No
8011-K121,Female,0,No,No,22,Yes,No phone service,Fiber optic,No,No,Yes,No,No,Yes,Two year,Yes,Mailed check,37.39,830.55,No
3908-I178,Female,0,No,Yes,11,Yes,No phone service,DSL,No,No internet service,No internet service,Yes,No,Yes,One year,No,Bank transfer (automatic),71.66,791.16,No
3797-V878,Female,0,No,Yes,60,Yes,No phone service,Fiber optic,Yes,No,Yes,Yes,No,No internet service,Two year,No,Bank transfer (automatic),100.75,6046.53,No
1159-T460,Male,0,No,Yes,15,Yes,No phone service,Fiber optic,No,No,No,No,Yes,No internet service,Month-to-month,No,Bank transfer (automatic),100.89,1507.91,No
8763-S101,Female,0,Yes,No,38,Yes,No,DSL,No,No internet service,No,No internet service,Yes,No internet service,One year,Yes,Electronic check,87.09,3329.66,No
9000-H583,Female,1,No,Yes,1,No,No phone service,Fiber optic,Yes,Yes,Yes,Yes,Yes,Yes,Month-to-month,No,Credit card (automatic),65.63,85.33,Yes
2792-B938,Male,0,Yes,No,46,Yes,Yes,Fiber optic,Yes,No internet service,Yes,Yes,No internet service,No,Month-to-month,Yes,Electronic check,58.82,2708.4,No
1284-S796,Male,0,No,No,43,Yes,Yes,No,No internet service,No internet service,No internet service,Yes,No,No internet service,Month-to-month,Yes,Bank transfer (automatic),99.29,4255.62,No
5762-H637,Female,1,Yes,Yes,22,No,No phone service,DSL,Yes,No,Yes,No,No,Yes,Month-to-month,No,Mailed check,40.94,904.37,No
9243-F873,Male,0,Yes,No,3,Yes,No phone service,No,Yes,No internet service,No internet service,Yes,No internet service,No internet service,Month-to-month,No,Mailed check,61.31,171.33,No
3401-Y196,Male,0,Yes,No,14,Yes,No phone service,Fiber optic,No,Yes,No internet service,Yes,No,Yes,Month-to-month,No,Mailed check,75.22,1039.11,No
2638-J923,Male,0,No,Yes,2,Yes,Yes,DSL,No internet service,No internet service,Yes,Yes,No,Yes,Month-to-month,No,Credit card (automatic),101.84,213.68,No
6499-O602,Male,1,Yes,No,61,Yes,Yes,DSL,Yes,No internet service,Yes,No,No,No internet service,Month-to-month,Yes,Electronic check,55.82,3396.48,No
6747-R363,Female,1,No,No,32,Yes,No phone service,Fiber optic,No internet service,No,No internet service,Yes,No,Yes,Two year,Yes,Electronic check,73.39,2343.56,No
8970-I473,Male,0,No,Yes,38,Yes,Yes,No,No internet service,Yes,Yes,Yes,No,No internet service,Month-to-month,No,Credit card (automatic),46.31,1768.96,No
8516-A947,Male,0,Yes,Yes,46,Yes,Yes,Fiber optic,Yes,No,No internet service,No,Yes,Yes,Month-to-month,Yes,Electronic check,102.36,4713.31,No
6777-J827,Male,0,Yes,No,42,Yes,No,DSL,Yes,No,No internet service,No,No,No,Month-to-month,No,Credit card (automatic),97.2,4089.41,Yes
6467-Q893,Male,1,No,No,6,Yes,No phone service,DSL,Yes,Yes,No,No internet service,Yes,No,Two year,Yes,Credit card (automatic),100.67,622.02,No
8935-D376,Male,0,No,No,41,Yes,No phone service,Fiber optic,Yes,Yes,No internet service,Yes,Yes,No,Two year,Yes,Mailed check,24.03,979.9,No
9508-X755,Male,0,No,No,25,Yes,No,Fiber optic,No internet service,No internet service,No,No,Yes,No,Two year,Yes,Credit card (automatic),67.18,1682.91,No
1339-E520,Male,1,No,Yes,11,Yes,No,Fiber optic,No,Yes,Yes,No internet service,Yes,No internet service,Month-to-month,Yes,Mailed check,31.9,365.93,No
4608-V245,Male,0,No,No,41,Yes,Yes,Fiber optic,No internet service,No,No internet service,Yes,No internet service,Yes,Month-to-month,Yes,Mailed check,85.96,3515.13,No
6852-P131,Female,0,No,No,71,Yes,No,No,No internet service,Yes,No internet service,No,Yes,Yes,Two year,No,Mailed check,49.54,3516.02,No
5003-S858,Male,0,Yes,No,57,Yes,No phone service,No,No internet service,Yes,Yes,No,No internet service,No,Month-to-month,Yes,Electronic check,96.09,5485.77,No
8056-L311,Female,0,No,No,46,Yes,No phone service,No,Yes,Yes,Yes,Yes,No internet service,No,Month-to-month,No,Credit card (automatic),24.8,1128.48,No
2462-G486,Male,0,No,Yes,48,Yes,No phone service,No,Yes,No,Yes,Yes,Yes,Yes,Month-to-month,Yes,Bank transfer (automatic),69.83,3354.14,No
2768-I998,Male,1,Yes,No,63,No,Yes,DSL,No,No internet service,No internet service,No internet service,No,Yes,Two year,Yes,Mailed check,30.68,1929.96,No
9927-O997,Male,0,Yes,Yes,39,Yes,Yes,DSL,No,No internet service,Yes,Yes,No,Yes,Month-to-month,No,Mailed check,74.32,2889.41,No
9632-F371,Male,0,Yes,Yes,10,Yes,No phone service,No,No,No,Yes,Yes,Yes,No,Two year,No,Electronic check,79.29,804.93,No
6715-K500,Female,0,No,Yes,70,Yes,No phone service,Fiber optic,No internet service,No internet service,No,Yes,Yes,Yes,Month-to-month,Yes,Electronic check,64.7,4538.18,No
7836-I416,Male,0,Yes,Yes,65,Yes,Yes,DSL,No,No internet service,No,No,No internet service,No,One year,No,Mailed check,46.35,3018.09,No
4122-B693,Male,0,Yes,Yes,59,Yes,Yes,Fiber optic,No internet service,No,No internet service,No internet service,No internet service,No,Month-to-month,No,Bank transfer (automatic),21.5,1275.58,No
9520-W451,Female,0,No,No,36,Yes,No,No,Yes,No,Yes,No internet service,No,No,Month-to-month,Yes,Electronic check,84.79,,No
3014-N914,Female,1,No,Yes,27,Yes,Yes,DSL,No internet service,No internet service,Yes,No internet service,No internet service,Yes,One year,No,Electronic check,105.73,2855.25,No
8455-S911,Male,0,No,Yes,55,Yes,Yes,DSL,Yes,Yes,No,No,No internet service,No,Month-to-month,Yes,Credit card (automatic),91.98,5050.69,No
6685-J212,Female,0,No,Yes,70,Yes,No phone service,DSL,Yes,No internet service,No internet service,Yes,Yes,No internet service,One year,Yes,Electronic check,108.0,7567.73,No
1136-P801,Female,0,Yes,No,53,Yes,No phone service,DSL,No,Yes,Yes,No,No internet service,Yes,Two year,No,Electronic check,111.66,5908.93,No
3410-O797,Female,1,No,Yes,60,Yes,No phone service,No,Yes,No,No internet service,No internet service,No internet service,Yes,Month-to-month,No,Credit card (automatic),63.43,3800.81,No
3461-Q396,Male,0,Yes,No,61,Yes,No,DSL,No,Yes,No,Yes,No internet service,Yes,Month-to-month,Yes,Mailed check,88.4,5382.17,No
3664-J598,Male,0,No,Yes,36,Yes,Yes,No,No,Yes,Yes,Yes,No,Yes,One year,No,Credit card (automatic),58.19,2097.01,No
5722-C918,Male,0,Yes,Yes,27,Yes,No,DSL,No,Yes,No,No internet service,Yes,No,Two year,Yes,Credit card (automatic),110.66,2985.23,No
5828-A564,Female,1,No,No,41,No,Yes,No,No internet service,No,No,Yes,No,No internet service,One year,Yes,Mailed check,74.83,3072.06,No
1670-G389,Male,0,No,No,28,No,Yes,No,No,No internet service,No,No,Yes,No,Month-to-month,No,Mailed check,93.87,2621.73,No
3022-B600,Female,0,No,No,16,Yes,No phone service,Fiber optic,No,No internet service,Yes,No internet service,Yes,No internet service,One year,Yes,Credit card (automatic),19.71,307.81,No
6010-A540,Male,0,Yes,Yes,35,No,Yes,No,Yes,Yes,No internet service,No,No internet service,Yes,Month-to-month,Yes,Bank transfer (automatic),76.09,2667.52,No
6771-V954,Male,0,Yes,No,36,Yes,No,Fiber optic,No internet service,No internet service,Yes,Yes,No,No,Month-to-month,Yes,Electronic check,92.82,3340.18,No
1010-B357,Female,0,Yes,No,56,Yes,No phone service,DSL,No,No,No,No internet service,No,No,One year,Yes,Electronic check,44.08,2496.9,No
3256-L999,Male,0,No,No,19,Yes,No,Fiber optic,No,No,No internet service,Yes,No internet service,No,Two year,Yes,Electronic check,19.69,380.63,No
5641-Z979,Female,0,Yes,No,57,Yes,No,No,No,No,No,No internet service,No,No internet service,Month-to-month,Yes,Mailed check,92.99,5301.84,No
9224-V887,Female,1,No,No,33,No,No phone service,Fiber optic,Yes,No,Yes,No internet service,Yes,No internet service,One year,No,Electronic check,52.23,1736.56,No
3540-C830,Male,1,No,Yes,23,Yes,Yes,DSL,Yes,No internet service,No internet service,No internet service,Yes,Yes,Month-to-month,No,Mailed check,61.34,1420.84,No
5434-E850,Female,0,No,No,63,Yes,No,Fiber optic,Yes,Yes,Yes,No internet service,Yes,No,Month-to-month,No,Mailed check,74.74,4710.45,No
4223-N699,Male,1,Yes,Yes,70,Yes,Yes,No,No,Yes,No internet service,No internet service,No internet service,Yes,Two year,Yes,Bank transfer (automatic),29.33,2083.56,No
2322-J324,Male,0,No,No,22,Yes,No phone service,No,No,Yes,No,Yes,No,No internet service,Month-to-month,Yes,Electronic check,28.66,642.08,No
1526-P463,Female,0,Yes,No,67,Yes,Yes,DSL,No,No,No,No internet service,Yes,Yes,Month-to-month,No,Mailed check,114.82,7681.8,No
5075-Z794,Male,0,No,Yes,59,Yes,Yes,DSL,No,No internet service,No,No,No internet service,No,One year,Yes,Electronic check,52.31,3082.95,No
7328-N508,Female,0,No,Yes,25,Yes,No phone service,Fiber optic,No,No internet service,Yes,No internet service,Yes,No,One year,Yes,Mailed check,43.93,1080.34,No
2607-I409,Male,0,No,Yes,17,Yes,Yes,DSL,Yes,No internet service,Yes,No,Yes,No internet service,One year,No,Credit card (automatic),23.05,377.21,No
6091-F677,Male,0,Yes,Yes,39,Yes,No,No,No,No internet service,No,Yes,No,No internet service,Two year,Yes,Mailed check,35.73,1423.3,No
8140-V996,Male,0,Yes,No,39,Yes,No,Fiber optic,No internet service,No internet service,No,No internet service,No internet service,Yes,Month-to-month,No,Mailed check,61.55,2413.97,No
6283-Z692,Male,0,No,Yes,24,Yes,No,Fiber optic,No,No internet service,No internet service,No internet service,Yes,No,Month-to-month,Yes,Mailed check,52.63,1246.28,No
3280-V886,Male,0,Yes,No,38,No,Yes,Fiber optic,Yes,Yes,No internet service,No,Yes,Yes,One year,No,Credit card (automatic),60.92,2314.9,No
4268-I238,Female,0,Yes,No,57,Yes,No,Fiber optic,No,No,Yes,No internet service,No internet service,No internet service,Month-to-month,No,Bank transfer (automatic),88.99,5068.87,No
7820-R304,Female,1,No,No,44,Yes,Yes,DSL,No internet service,Yes,No internet service,Yes,No internet service,No internet service,Two year,Yes,Electronic check,82.75,3667.52,No
5932-J187,Female,0,No,Yes,36,Yes,Yes,Fiber optic,No,No internet service,Yes,Yes,No,Yes,One year,Yes,Credit card (automatic),67.81,2417.61,No
5871-S743,Female,0,Yes,Yes,70,Yes,Yes,Fiber optic,No internet service,No,Yes,No internet service,Yes,No,One year,No,Electronic check,100.14,7003.45,No
8555-R287,Female,0,No,Yes,45,Yes,Yes,Fiber optic,No internet service,No,No internet service,No,No,No internet service,Two year,Yes,Credit card (automatic),104.41,4692.21,No
7159-Z996,Female,0,No,No,26,No,No phone service,No,Yes,No,No internet service,Yes,Yes,Yes,Month-to-month,No,Mailed check,77.63,2011.25,Yes
8158-D241,Male,1,Yes,Yes,11,Yes,No,No,No internet service,No,No internet service,No internet service,No,No,One year,No,Credit card (automatic),30.07,333.35,No
9627-O810,Male,0,Yes,Yes,52,No,No,DSL,No,No internet service,No,No,Yes,Yes,One year,Yes,Electronic check,59.07,3080.52,No
6132-Q801,Female,0,No,No,25,No,Yes,No,No internet service,No internet service,No,No,No internet service,No internet service,Two year,No,Electronic check,82.01,2045.04,No
6858-O462,Female,0,Yes,Yes,31,Yes,No phone service,No,No,No,No internet service,Yes,No,No,Month-to-month,No,Electronic check,24.57,760.9,No
8006-O530,Male,0,Yes,No,45,Yes,Yes,DSL,No,No internet service,No,No internet service,No internet service,No internet service,Month-to-month,Yes,Bank transfer (automatic),20.25,901.7,No
7721-O128,Male,1,No,Yes,67,Yes,No,DSL,No,No,Yes,Yes,Yes,No internet service,Month-to-month,Yes,Credit card (automatic),113.56,7599.78,No
1432-Y531,Male,0,No,Yes,40,Yes,No,Fiber optic,No,No internet service,No,No,No internet service,No internet service,Two year,No,Mailed check,91.62,3668.91,No
2448-Y243,Female,0,No,Yes,46,Yes,No phone service,Fiber optic,Yes,No,No,Yes,No,No internet service,Month-to-month,No,Credit card (automatic),33.64,1553.22,No
5954-Z348,Female,0,No,Yes,54,Yes,Yes,DSL,No,No internet service,No,No internet service,No,No internet service,One year,Yes,Bank transfer (automatic),62.99,3383.02,No
9391-L230,Female,0,Yes,Yes,41,Yes,No phone service,Fiber optic,Yes,Yes,Yes,Yes,No internet service,Yes,Month-to-month,No,Electronic check,37.7,1538.41,No
9900-S998,Male,0,Yes,No,38,Yes,Yes,Fiber optic,No internet service,Yes,Yes,No,Yes,No internet service,One year,Yes,Electronic check,19.28,729.41,No
5806-B873,Male,0,No,Yes,36,Yes,No phone service,Fiber optic,No,No internet service,No internet service,Yes,No,No internet service,Month-to-month,No,Bank transfer (automatic),57.62,2070.47,No
7433-E512,Female,0,No,Yes,44,Yes,No,DSL,No internet service,No internet service,No,No,Yes,No internet service,Two year,No,Credit card (automatic),83.41,3667.4,No
1097-O926,Female,0,No,Yes,57,Yes,No phone service,No,Yes,Yes,No,No,No,No,Two year,Yes,Mailed check,114.14,6480.89,No
9487-O959,Male,1,No,Yes,66,Yes,No,No,No,No internet service,Yes,No,Yes,No internet service,Month-to-month,No,Electronic check,95.62,6321.64,No
1890-C156,Male,0,Yes,Yes,30,Yes,No,DSL,No,No,No,Yes,Yes,No,One year,No,Bank transfer (automatic),41.38,1240.63,No
5426-U209,Male,0,Yes,Yes,10,Yes,Yes,DSL,Yes,No internet service,Yes,No internet service,No internet service,Yes,One year,Yes,Bank transfer (automatic),52.04,548.48,No
6463-T199,Male,0,No,Yes,61,Yes,No phone service,Fiber optic,No internet service,No internet service,No,No,Yes,No internet service,Two year,No,Mailed check,70.57,4311.05,No
5760-S593,Female,0,No,No,63,Yes,No phone service,DSL,Yes,Yes,No internet service,Yes,No,Yes,One year,No,Bank transfer (automatic),37.47,2364.44,No
6428-B224,Male,0,Yes,No,36,Yes,No phone service,DSL,No internet service,Yes,Yes,No,No internet service,Yes,Two year,Yes,Bank transfer (automatic),101.96,3661.99,No
9369-X834,Male,0,Yes,Yes,54,Yes,No phone service,DSL,No internet service,No internet service,Yes,Yes,No,No internet service,Month-to-month,No,Bank transfer (automatic),35.13,1891.2,No
1868-W309,Male,0,Yes,No,65,Yes,Yes,DSL,No internet service,No,Yes,No,No internet service,Yes,Month-to-month,Yes,Electronic check,47.39,3088.37,No
9458-E675,Female,0,Yes,Yes,4,Yes,Yes,Fiber optic,No,No internet service,No,Yes,No internet service,No internet service,One year,No,Electronic check,76.3,302.43,No
9115-E328,Female,1,No,No,55,Yes,Yes,Fiber optic,Yes,No,No internet service,No,Yes,Yes,One year,No,Credit card (automatic),30.63,1677.72,No
3535-J743,Male,0,Yes,Yes,54,Yes,No,DSL,No,No,Yes,No,Yes,No,Month-to-month,No,Mailed check,81.02,,No
6093-X106,Male,0,Yes,Yes,64,No,No,DSL,Yes,No internet service,No internet service,No,No,No,Month-to-month,Yes,Bank transfer (automatic),113.14,7244.69,No
8945-T804,Male,0,Yes,No,22,Yes,No,No,No internet service,No,Yes,No internet service,No,No,Two year,No,Bank transfer (automatic),87.75,1938.44,No
4288-D168,Female,1,No,Yes,25,Yes,Yes,No,No,Yes,No internet service,Yes,Yes,No internet service,One year,No,Electronic check,99.93,2495.18,No
1000-E718,Female,1,No,No,59,Yes,No,DSL,No,No,No,No internet service,No,Yes,Month-to-month,No,Electronic check,62.32,3689.08,No
2983-Q199,Female,0,Yes,Yes,57,Yes,No phone service,No,No,No,No,Yes,No,No,Two year,No,Electronic check,54.96,3127.42,No
5050-G206,Male,0,Yes,Yes,54,Yes,No,No,No internet service,No,No internet service,No,Yes,No internet service,Month-to-month,No,Mailed check,51.27,2780.48,No
8761-A952,Female,0,No,Yes,44,Yes,Yes,Fiber optic,Yes,Yes,No internet service,Yes,No internet service,No,Month-to-month,No,Electronic check,84.63,3719.24,No
9287-O500,Male,0,No,Yes,52,Yes,Yes,Fiber optic,No internet service,Yes,No,Yes,Yes,No,Month-to-month,Yes,Bank transfer (automatic),70.36,3675.07,No
1911-D407,Male,1,Yes,No,16,Yes,Yes,Fiber optic,No,No internet service,No internet service,No,No,No internet service,Two year,Yes,Bank transfer (automatic),65.72,1064.63,No
7628-P288,Male,0,No,Yes,16,Yes,Yes,No,No,No,No internet service,No,No internet service,No,One year,No,Bank transfer (automatic),28.37,449.73,No
4849-R366,Female,0,Yes,No,55,Yes,No phone service,DSL,No internet service,Yes,No internet service,No,Yes,No internet service,Month-to-month,Yes,Credit card (automatic),85.92,4748.35,No
8194-V731,Male,0,No,No,61,Yes,No,Fiber optic,No,No,Yes,Yes,No internet service,No,Month-to-month,Yes,Mailed check,91.15,5561.6,No
3018-N249,Female,0,Yes,Yes,40,No,No,No,No,No,No internet service,No,No,No internet service,One year,No,Bank transfer (automatic),37.97,1536.04,No
1354-F245,Female,0,Yes,Yes,21,Yes,Yes,DSL,Yes,No internet service,Yes,No,No internet service,No,One year,No,Bank transfer (automatic),94.6,1975.41,No
4943-F623,Male,0,No,No,66,Yes,No,Fiber optic,Yes,No,No,Yes,No,Yes,Two year,No,Bank transfer (automatic),106.63,7044.63,No
9956-G587,Male,0,Yes,No,8,Yes,No phone service,No,Yes,Yes,No,No internet service,Yes,Yes,One year,Yes,Electronic check,35.8,290.42,No
8871-J396,Female,0,No,Yes,71,Yes,Yes,Fiber optic,Yes,No internet service,No,Yes,No internet service,No internet service,Month-to-month,No,Bank transfer (automatic),63.68,4517.41,No
2638-S604,Male,0,No,No,10,Yes,No,No,Yes,No internet service,No internet service,Yes,No internet service,No internet service,One year,Yes,Electronic check,106.31,1072.74,No
7018-V381,Female,0,No,No,57,Yes,No,Fiber optic,Yes,No,No,Yes,No internet service,Yes,Month-to-month,No,Electronic check,67.22,3844.6,No
7409-M814,Male,0,Yes,No,4,Yes,No,No,No,No,Yes,No,No,No internet service,Two year,No,Mailed check,100.18,406.11,No
2758-O526,Female,0,Yes,Yes,43,Yes,No,DSL,No,Yes,Yes,Yes,Yes,No,Month-to-month,No,Mailed check,39.93,1720.95,No
7960-E128,Female,0,Yes,No,63,Yes,Yes,Fiber optic,Yes,No,No internet service,No internet service,Yes,No,Month-to-month,No,Bank transfer (automatic),24.68,1557.52,No
5643-O223,Female,1,No,No,43,Yes,Yes,Fiber optic,No internet service,Yes,Yes,Yes,No,No,Month-to-month,No,Mailed check,24.23,1047.16,No
7380-A694,Female,1,Yes,No,67,Yes,No phone service,No,Yes,No,Yes,Yes,No internet service,No,Month-to-month,No,Electronic check,115.97,7778.02,No
5960-B760,Male,1,Yes,No,51,Yes,Yes,DSL,No,Yes,No,No,No,No,Month-to-month,No,Electronic check,34.8,1782.33,No
8282-B463,Male,0,Yes,Yes,56,Yes,No,DSL,No internet service,No,Yes,No,No,No,Month-to-month,Yes,Bank transfer (automatic),105.17,5895.61,Yes
3282-O840,Female,0,Yes,Yes,43,Yes,No,Fiber optic,No internet service,No internet service,No,No internet service,Yes,No,Month-to-month,No,Bank transfer (automatic),49.98,2144.73,No
8509-I109,Female,0,No,No,24,Yes,No,No,No internet service,Yes,No,Yes,No,No internet service,Month-to-month,Yes,Bank transfer (automatic),22.28,544.84,No
3593-L612,Male,1,Yes,No,34,Yes,No phone service,Fiber optic,No,No internet service,Yes,Yes,No internet service,Yes,Two year,No,Electronic check,42.47,1449.76,No
9244-G457,Male,1,No,No,59,Yes,Yes,No,No internet service,No internet service,Yes,Yes,No,No,Month-to-month,Yes,Electronic check,69.05,4077.85,No
9602-M625,Male,1,No,Yes,2,No,Yes,DSL,No,No internet service,No internet service,Yes,No,No,Two year,Yes,Bank transfer (automatic),28.98,55.78,No
2028-F771,Male,0,No,Yes,2,Yes,Yes,Fiber optic,No,No internet service,No internet service,Yes,No,No internet service,Month-to-month,No,Bank transfer (automatic),110.93,231.77,No
3480-L771,Male,1,No,No,10,Yes,No,No,Yes,Yes,Yes,Yes,No internet service,No internet service,Month-to-month,Yes,Electronic check,108.69,1066.52,No
6558-O832,Male,0,Yes,No,23,Yes,No,DSL,No,No,No,No,No,Yes,One year,No,Mailed check,33.24,763.97,No
3294-I903,Female,0,Yes,Yes,15,Yes,No,No,No internet service,No internet service,No,No internet service,Yes,Yes,Month-to-month,No,Electronic check,92.33,1381.08,No
5963-M169,Male,0,Yes,No,17,Yes,No phone service,Fiber optic,No,No,No internet service,Yes,No,No internet service,Month-to-month,Yes,Mailed check,64.55,1092.6,No
8925-M583,Male,0,No,No,14,No,No phone service,No,No,Yes,No,Yes,No,No,Two year,Yes,Bank transfer (automatic),116.95,1634.69,No
3955-S825,Female,0,Yes,Yes,16,Yes,No,Fiber optic,Yes,No,No internet service,No,Yes,No,Month-to-month,Yes,Electronic check,23.82,370.81,No
9306-Y774,Male,0,No,Yes,32,No,No phone service,DSL,Yes,Yes,No,Yes,Yes,No,Month-to-month,No,Bank transfer (automatic),65.59,2095.43,No
9608-I232,Male,0,Yes,Yes,23,Yes,No phone service,No,No,No,Yes,No,Yes,No,One year,Yes,Bank transfer (automatic),46.94,1067.86,No
6309-S694,Male,0,Yes,Yes,34,Yes,No phone service,DSL,No,Yes,Yes,No internet service,Yes,No,Month-to-month,No,Bank transfer (automatic),91.25,3106.64,No
6703-S732,Male,1,Yes,Yes,16,Yes,Yes,DSL,No,Yes,No,Yes,Yes,No internet service,One year,Yes,Credit card (automatic),29.42,480.14,No
7615-C146,Male,0,No,No,34,Yes,No phone service,Fiber optic,Yes,No,No internet service,No internet service,Yes,Yes,Month-to-month,No,Credit card (automatic),81.37,2777.09,No
1483-X262,Female,0,Yes,Yes,71,Yes,No,Fiber optic,Yes,No internet service,Yes,Yes,No internet service,Yes,Month-to-month,No,Electronic check,113.53,8066.12,No
4796-D781,Male,1,No,Yes,33,Yes,Yes,DSL,No internet service,No internet service,No internet service,No internet service,No,No internet service,Month-to-month,No,Credit card (automatic),63.86,2101.77,No
2740-P795,Female,1,No,Yes,68,Yes,No phone service,Fiber optic,No internet service,No,Yes,No internet service,No internet service,No,Two year,Yes,Electronic check,63.9,4334.15,No
8805-K878,Female,0,No,Yes,43,Yes,No,DSL,No internet service,No internet service,No,Yes,No internet service,No internet service,Month-to-month,No,Mailed check,68.07,2920.5,No
4793-Y927,Male,0,Yes,Yes,64,Yes,No phone service,Fiber optic,No internet service,No internet service,Yes,No internet service,Yes,Yes,Month-to-month,Yes,Electronic check,60.03,3838.75,No
4876-D278,Female,0,Yes,Yes,71,Yes,No,Fiber optic,Yes,Yes,No,No,No,Yes,Month-to-month,Yes,Credit card (automatic),63.22,4482.32,No
7292-Y530,Male,0,No,No,18,Yes,No,No,Yes,No,No internet service,No,No internet service,Yes,Month-to-month,No,Credit card (automatic),64.81,1190.87,No
2054-B726,Female,0,No,Yes,68,Yes,No phone service,No,No,No internet service,Yes,No internet service,No,Yes,Month-to-month,No,Mailed check,118.56,8069.13,No
5103-D138,Female,1,No,No,61,Yes,No phone service,Fiber optic,No internet service,No internet service,No internet service,No internet service,No,No internet service,Month-to-month,Yes,Mailed check,29.95,1832.74,No
2194-O881,Male,0,No,No,20,Yes,Yes,DSL,No,No internet service,No internet service,No,Yes,No,One year,No,Electronic check,46.92,941.51,No
7132-T746,Male,1,No,Yes,11,Yes,No phone service,DSL,No,No,No,Yes,No,No,Two year,Yes,Electronic check,39.43,428.7,No
1482-F428,Male,1,Yes,Yes,46,Yes,No,DSL,Yes,No internet service,No internet service,No,No internet service,No internet service,Month-to-month,No,Bank transfer (automatic),72.94,3356.62,No
2763-W560,Male,1,Yes,No,64,Yes,Yes,Fiber optic,No,No internet service,Yes,No internet service,No internet service,No,Month-to-month,No,Bank transfer (automatic),18.53,1192.89,No
7187-E752,Male,0,Yes,No,28,Yes,No,Fiber optic,No,No internet service,No,No,Yes,No,Two year,No,Electronic check,110.82,3112.6,No
4272-G358,Female,1,No,No,48,Yes,No,DSL,Yes,Yes,No,Yes,No internet service,No,Two year,No,Mailed check,71.63,3441.21,No
9046-O795,Female,0,No,Yes,35,Yes,No phone service,No,Yes,No,No,No,Yes,No,Month-to-month,No,Electronic check,108.31,3798.48,No
5687-H306,Female,0,Yes,No,8,No,No,No,Yes,No internet service,No internet service,Yes,No internet service,Yes,Month-to-month,No,Bank transfer (automatic),52.92,418.56,No
3655-N933,Female,0,Yes,Yes,22,No,No phone service,DSL,Yes,Yes,Yes,No internet service,No internet service,No,Month-to-month,No,Mailed check,33.32,717.33,No
9659-Z908,Female,0,No,Yes,24,No,No,Fiber optic,No internet service,No,Yes,No,Yes,No internet service,Month-to-month,Yes,Bank transfer (automatic),37.58,915.07,No
4150-C696,Female,0,No,No,66,Yes,Yes,Fiber optic,No internet service,Yes,Yes,No,No,Yes,Month-to-month,No,Electronic check,65.56,4321.01,No
1397-U784,Female,0,No,Yes,64,Yes,No phone service,DSL,No internet service,Yes,No,Yes,Yes,Yes,Two year,No,Electronic check,22.3,1421.21,No
2576-G134,Male,0,Yes,Yes,65,Yes,Yes,No,No,No,No,No,No,No internet service,Month-to-month,Yes,Credit card (automatic),96.82,6284.52,No
3302-A468,Male,0,No,No,14,Yes,No phone service,DSL,No internet service,No internet service,Yes,No,No,No,Month-to-month,Yes,Electronic check,97.71,1371.03,No
7685-S659,Female,0,No,No,25,Yes,Yes,DSL,Yes,No internet service,No internet service,Yes,Yes,Yes,One year,No,Credit card (automatic),88.8,2214.62,No
2179-K289,Female,0,No,Yes,3,Yes,No phone service,DSL,No internet service,Yes,No,No,Yes,No internet service,Month-to-month,Yes,Credit card (automatic),108.33,339.87,No
9653-P294,Male,1,Yes,No,5,No,Yes,No,Yes,No,Yes,Yes,Yes,No internet service,Month-to-month,Yes,Credit card (automatic),73.47,381.96,No
4399-S947,Male,0,No,Yes,65,Yes,Yes,DSL,No internet service,No,No internet service,No internet service,No,No,Two year,Yes,Credit card (automatic),66.42,4321.18,No
8761-Q460,Male,0,Yes,No,54,Yes,No phone service,No,No internet service,No internet service,No,No,No,No,Month-to-month,Yes,Bank transfer (automatic),71.43,3850.23,No
6840-T672,Male,0,No,No,19,Yes,No phone service,Fiber optic,Yes,Yes,No,Yes,No,No internet service,Two year,No,Electronic check,36.54,712.85,No
3258-Z168,Female,0,No,No,54,Yes,No,No,Yes,No internet service,No,Yes,No,No,Month-to-month,No,Electronic check,69.74,3777.5,No
8190-N740,Male,0,Yes,No,10,Yes,No,No,No,No,Yes,No,Yes,No internet service,Month-to-month,No,Electronic check,72.7,720.34,No
7162-C682,Female,0,No,Yes,16,Yes,No phone service,DSL,No,No,No,Yes,Yes,No,Two year,No,Credit card (automatic),95.09,1525.68,No
2280-E901,Female,1,Yes,No,46,Yes,No phone service,Fiber optic,No,No internet service,No,No internet service,No,No,Month-to-month,Yes,Bank transfer (automatic),53.22,2451.0,No
9474-J203,Female,0,No,Yes,29,Yes,Yes,DSL,No internet service,No internet service,No internet service,No internet service,No internet service,No internet service,One year,Yes,Bank transfer (automatic),27.52,803.97,No
2932-P336,Male,0,Yes,Yes,15,Yes,Yes,No,No internet service,No,Yes,No,Yes,No internet service,Month-to-month,Yes,Credit card (automatic),78.29,1175.83,No
1843-T653,Male,0,No,No,48,Yes,No,No,Yes,Yes,No internet service,No internet service,No internet service,No,Month-to-month,Yes,Credit card (automatic),97.44,4677.35,No
6421-A329,Female,1,Yes,No,11,Yes,No,DSL,Yes,No,No,No,No internet service,No internet service,One year,No,Electronic check,115.69,1301.98,No
5749-I499,Female,0,Yes,No,34,Yes,No,Fiber optic,No,Yes,Yes,No,No internet service,Yes,One year,No,Bank transfer (automatic),27.32,934.86,No
6863-C993,Female,0,No,No,36,Yes,Yes,No,Yes,No internet service,Yes,Yes,No,No,Two year,No,Mailed check,93.26,3350.87,No
3586-J176,Male,0,Yes,No,30,Yes,Yes,No,No internet service,No internet service,No,Yes,Yes,Yes,Month-to-month,Yes,Mailed check,78.13,2340.03,No
9755-S347,Female,0,No,Yes,19,Yes,Yes,No,Yes,Yes,Yes,Yes,No internet service,Yes,One year,No,Mailed check,19.79,394.97,No
9482-T612,Male,0,Yes,No,68,Yes,No,Fiber optic,Yes,No,Yes,Yes,No,Yes,Month-to-month,Yes,Mailed check,90.43,6146.42,No
6115-M733,Female,0,No,Yes,70,No,No phone service,DSL,Yes,No,No internet service,No,Yes,No internet service,One year,No,Credit card (automatic),20.88,1452.87,No
1928-R814,Female,0,No,Yes,33,Yes,No,Fiber optic,Yes,Yes,Yes,Yes,No,No,Month-to-month,Yes,Electronic check,97.17,3207.83,No
2816-S582,Female,0,No,Yes,22,Yes,Yes,Fiber optic,Yes,Yes,Yes,Yes,Yes,No,Month-to-month,Yes,Mailed check,90.74,1995.13,No
5309-U130,Male,0,No,Yes,36,Yes,No,No,No,Yes,No internet service,No internet service,Yes,Yes,Month-to-month,Yes,Electronic check,87.39,3160.77,No
1528-K531,Male,0,Yes,No,23,Yes,No,Fiber optic,No,Yes,No,No,No,No internet service,Month-to-month,No,Electronic check,30.31,713.77,No
5274-G442,Female,0,No,No,63,Yes,No,No,No internet service,No,No internet service,No internet service,No internet service,No,One year,No,Bank transfer (automatic),110.61,6966.25,No
1973-E309,Male,0,No,Yes,26,Yes,No,Fiber optic,No,No internet service,No,No internet service,Yes,No,Month-to-month,Yes,Mailed check,108.59,2832.42,No
9963-X437,Female,1,No,Yes,60,Yes,Yes,Fiber optic,Yes,No,No,No internet service,Yes,No,One year,Yes,Electronic check,108.73,6523.31,No
2021-H605,Male,1,No,No,5,Yes,No,DSL,No,Yes,No,Yes,No internet service,Yes,Month-to-month,Yes,Bank transfer (automatic),54.47,265.13,No
2194-Z677,Male,0,No,Yes,54,Yes,Yes,Fiber optic,No internet service,No,No internet service,No,Yes,Yes,Month-to-month,Yes,Credit card (automatic),67.71,3675.13,No
1579-L172,Male,0,Yes,No,38,Yes,No,DSL,No,Yes,No,No internet service,No internet service,Yes,Month-to-month,Yes,Electronic check,29.8,1152.81,No
7819-T857,Female,0,No,Yes,62,Yes,Yes,No,No internet service,Yes,No internet service,No internet service,Yes,Yes,Two year,Yes,Electronic check,23.39,1454.61,No
2320-R590,Male,0,Yes,No,25,Yes,No phone service,No,No internet service,Yes,No internet service,No,No internet service,Yes,Two year,No,Bank transfer (automatic),24.16,598.67,No
3121-I840,Male,0,Yes,Yes,12,Yes,Yes,DSL,No internet service,Yes,No,Yes,Yes,No,Month-to-month,No,Electronic check,75.41,896.08,No
1683-D136,Female,1,No,Yes,22,Yes,Yes,No,Yes,No,No,No internet service,Yes,Yes,Month-to-month,Yes,Credit card (automatic),50.55,1119.69,No
9136-Q330,Female,0,No,Yes,9,Yes,No phone service,No,No internet service,Yes,No internet service,No,Yes,No internet service,Month-to-month,No,Credit card (automatic),76.5,702.82,No
6738-N589,Female,0,Yes,No,29,Yes,No phone service,Fiber optic,No,No,No internet service,Yes,No internet service,Yes,One year,No,Bank transfer (automatic),77.81,2259.02,No
5971-Z970,Female,0,Yes,No,44,Yes,No phone service,DSL,No,No,No,Yes,Yes,Yes,One year,No,Mailed check,109.41,4826.13,No
4731-A156,Male,0,Yes,No,27,Yes,No phone service,No,No,No internet service,No,Yes,No,Yes,Month-to-month,No,Electronic check,106.92,2885.86,No
1431-Y900,Male,0,No,Yes,55,Yes,No phone service,DSL,No internet service,No,No,Yes,No,No,Month-to-month,No,Electronic check,90.47,4971.44,No
4214-R722,Male,0,Yes,Yes,5,Yes,No phone service,Fiber optic,No internet service,No internet service,No internet service,Yes,No,No,Two year,No,Mailed check,100.51,506.33,No
7215-V800,Male,0,Yes,Yes,52,Yes,No,No,Yes,No internet service,No internet service,No,Yes,No internet service,Month-to-month,No,Credit card (automatic),18.57,946.78,No
1296-R593,Male,1,No,Yes,13,Yes,No,No,No internet service,No internet service,No internet service,Yes,No internet service,No,One year,Yes,Electronic check,19.81,253.93,No
1854-M884,Female,0,Yes,Yes,42,Yes,No phone service,DSL,No,No,No,No internet service,No internet service,Yes,Month-to-month,No,Bank transfer (automatic),64.34,2711.75,Yes
7180-W228,Male,1,No,Yes,15,No,Yes,No,Yes,No internet service,Yes,No,Yes,No internet service,One year,Yes,Bank transfer (automatic),83.95,1236.26,No
8040-W537,Male,1,Yes,No,18,Yes,Yes,DSL,No,Yes,Yes,No internet service,No,No internet service,Month-to-month,No,Bank transfer (automatic),98.06,1753.54,No
3257-D548,Male,0,No,No,50,Yes,No phone service,No,Yes,No,Yes,No internet service,No internet service,No internet service,Month-to-month,No,Electronic check,63.2,3159.98,No
2933-T476,Female,0,Yes,No,2,Yes,No,Fiber optic,No internet service,Yes,Yes,Yes,Yes,Yes,One year,Yes,Mailed check,112.74,214.88,No
6763-G451,Female,0,No,Yes,13,No,No,Fiber optic,Yes,No,Yes,Yes,No internet service,No,Month-to-month,Yes,Electronic check,100.16,1298.65,No
8152-B343,Male,1,No,No,68,Yes,Yes,DSL,No internet service,No internet service,No internet service,No,No,No,Month-to-month,No,Mailed check,28.58,1924.43,No
4801-C702,Female,0,Yes,Yes,47,Yes,No phone service,No,No internet service,No internet service,No,No,No,Yes,Month-to-month,No,Mailed check,62.49,2944.78,No
1164-H522,Female,0,No,Yes,50,Yes,No,No,No,No,No,No internet service,No internet service,No,Two year,Yes,Electronic check,118.24,5924.28,No
9785-S146,Female,0,Yes,No,12,Yes,No phone service,DSL,No internet service,No internet service,No,Yes,Yes,Yes,Two year,No,Credit card (automatic),59.45,699.56,No
1244-X355,Female,0,No,Yes,13,Yes,No phone service,Fiber optic,No internet service,Yes,No,Yes,Yes,Yes,Month-to-month,No,Mailed check,57.07,745.39,No
1931-C158,Female,1,No,Yes,9,No,Yes,Fiber optic,No internet service,Yes,No,No internet service,No internet service,No internet service,Month-to-month,No,Electronic check,47.81,429.63,No
3076-O284,Female,0,No,Yes,59,Yes,No phone service,Fiber optic,No,No internet service,Yes,Yes,No,No,Month-to-month,Yes,Credit card (automatic),67.14,3967.23,No
5630-B421,Female,0,No,Yes,45,Yes,No phone service,DSL,No internet service,No,No,No,Yes,No internet service,Two year,No,Credit card (automatic),91.6,4138.09,No
6728-T770,Male,0,No,Yes,70,Yes,Yes,Fiber optic,No,No,No,No internet service,No internet service,No,Two year,No,Electronic check,23.02,1601.31,No
5001-J232,Male,1,No,No,43,Yes,No,DSL,Yes,Yes,Yes,Yes,No internet service,Yes,Month-to-month,Yes,Electronic check,102.24,4410.26,No
7517-P773,Female,0,No,No,23,No,No phone service,Fiber optic,No,No internet service,No,No internet service,No,No internet service,One year,No,Credit card (automatic),110.47,2559.06,No
3005-V178,Male,0,Yes,Yes,45,Yes,Yes,Fiber optic,No,No internet service,Yes,Yes,No,Yes,One year,No,Electronic check,96.75,4337.76,No
2251-I656,Male,0,Yes,Yes,23,Yes,No,DSL,No internet service,Yes,Yes,Yes,Yes,Yes,Month-to-month,No,Credit card (automatic),110.27,2547.45,No
4372-P822,Female,0,No,No,34,Yes,No phone service,No,No,No,No internet service,Yes,Yes,No internet service,Month-to-month,No,Credit card (automatic),27.79,937.62,No
6848-H554,Male,0,No,No,16,Yes,No,No,Yes,No internet service,No,No,Yes,No internet service,One year,No,Credit card (automatic),63.49,1023.58,No
5959-L898,Female,0,No,No,63,Yes,Yes,No,No,No,No,No internet service,No,No,Month-to-month,Yes,Bank transfer (automatic),25.39,1593.08,No
5795-U350,Female,0,Yes,Yes,51,Yes,No phone service,Fiber optic,No internet service,No,No,No,No internet service,No,Month-to-month,Yes,Electronic check,102.35,5215.68,No
9631-I426,Female,0,No,No,32,Yes,Yes,Fiber optic,Yes,Yes,Yes,No,Yes,No internet service,Month-to-month,Yes,Bank transfer (automatic),113.98,3642.23,No
9870-Q206,Male,0,Yes,No,38,Yes,Yes,No,No internet service,No,No internet service,No internet service,Yes,No,Two year,Yes,Electronic check,48.17,1822.19,No
1884-L520,Male,0,No,Yes,56,Yes,No phone service,Fiber optic,No internet service,Yes,No,No internet service,Yes,Yes,One year,No,Mailed check,72.06,4044.2,No
8966-I180,Male,0,No,Yes,69,Yes,Yes,Fiber optic,No,No internet service,Yes,Yes,No internet service,Yes,Month-to-month,No,Bank transfer (automatic),48.17,3329.92,No
4335-E961,Male,1,No,No,17,Yes,No,No,No internet service,No,Yes,Yes,Yes,Yes,One year,No,Electronic check,56.33,964.05,No
9535-H412,Female,1,No,Yes,39,Yes,Yes,DSL,Yes,Yes,Yes,No internet service,Yes,Yes,Two year,No,Electronic check,66.14,2577.13,No
4453-D481,Female,0,No,No,41,No,No phone service,No,Yes,Yes,Yes,Yes,No,Yes,Month-to-month,No,Credit card (automatic),97.73,4005.6,No
3325-B340,Male,0,Yes,No,48,Yes,No phone service,No,Yes,No,No internet service,Yes,No,Yes,Month-to-month,Yes,Mailed check,33.02,1590.05,No
8213-U882,Female,0,No,Yes,28,Yes,No,DSL,Yes,Yes,No internet service,No internet service,No,No,Month-to-month,No,Mailed check,34.03,946.11,No
8434-D121,Female,0,Yes,Yes,50,Yes,No phone service,Fiber optic,No,No internet service,Yes,No,No internet service,No internet service,Two year,No,Electronic check,38.54,1923.43,No
9174-B376,Male,0,Yes,No,1,Yes,Yes,No,Yes,No,No,No internet service,No,No internet service,Month-to-month,No,Mailed check,23.59,34.17,No
5554-S493,Female,0,No,Yes,50,Yes,Yes,No,No,No internet service,No internet service,No internet service,Yes,No,One year,Yes,Mailed check,82.92,4151.22,No
5921-C161,Male,0,No,Yes,19,Yes,No phone service,Fiber optic,No internet service,Yes,No,No,Yes,No,Month-to-month,No,Bank transfer (automatic),37.33,722.18,No
5572-T493,Female,1,No,Yes,59,Yes,No,Fiber optic,No internet service,No internet service,No,Yes,No internet service,No,Month-to-month,Yes,Mailed check,62.22,3647.01,No
9115-A983,Male,0,Yes,Yes,68,No,No,DSL,No,Yes,No internet service,No,No internet service,No internet service,Month-to-month,Yes,Mailed check,87.15,5942.2,No
7268-M554,Female,0,Yes,Yes,67,Yes,No phone service,Fiber optic,No internet service,Yes,No,No,Yes,No,Month-to-month,No,Credit card (automatic),63.37,4256.37,No
1727-H310,Female,0,Yes,Yes,41,Yes,Yes,No,No internet service,No internet service,No internet service,No internet service,No internet service,No,Month-to-month,No,Credit card (automatic),109.3,4492.06,No
7214-F775,Male,0,No,Yes,10,Yes,No phone service,Fiber optic,Yes,No,No internet service,Yes,Yes,No internet service,Month-to-month,Yes,Bank transfer (automatic),95.55,940.68,No
8062-R153,Male,0,Yes,No,28,Yes,No phone service,Fiber optic,No internet service,No,No,Yes,No,No,One year,Yes,Electronic check,45.69,1275.11,No
5999-B654,Male,0,Yes,Yes,34,Yes,No,DSL,No internet service,No,No,No,Yes,Yes,Two year,No,Credit card (automatic),31.36,1063.3,No
6698-A723,Male,0,Yes,No,39,No,Yes,DSL,No,No internet service,Yes,No internet service,No internet service,No internet service,Month-to-month,No,Bank transfer (automatic),108.14,4220.45,No
6508-I929,Female,0,No,Yes,56,Yes,No,No,Yes,No internet service,No internet service,No,No,No internet service,One year,Yes,Mailed check,58.14,3274.92,No
4547-Y128,Female,1,Yes,No,52,Yes,No,No,No internet service,No internet service,No,Yes,Yes,No internet service,Two year,Yes,Bank transfer (automatic),56.69,,No
6586-X949,Male,0,Yes,Yes,3,Yes,Yes,Fiber optic,No internet service,No internet service,No internet service,Yes,No internet service,No,Month-to-month,No,Credit card (automatic),99.66,312.02,No
8111-N901,Female,0,No,No,23,Yes,Yes,No,No,No,Yes,No internet service,No internet service,No internet service,One year,No,Mailed check,19.19,456.62,No
1935-Z211,Male,0,No,Yes,17,Yes,Yes,No,No internet service,No,Yes,No internet service,No,Yes,One year,Yes,Bank transfer (automatic),63.59,1089.24,No
7358-X794,Male,0,No,No,71,Yes,No phone service,Fiber optic,Yes,Yes,Yes,No,Yes,Yes,Month-to-month,Yes,Credit card (automatic),90.04,6396.39,No
5709-R574,Female,0,Yes,Yes,26,Yes,Yes,Fiber optic,Yes,No internet service,Yes,No internet service,Yes,No internet service,Month-to-month,Yes,Bank transfer (automatic),103.54,2705.74,No
7944-S836,Female,0,Yes,Yes,18,Yes,No phone service,Fiber optic,Yes,No,Yes,No,No internet service,Yes,Month-to-month,Yes,Electronic check,107.21,1915.31,No
9501-I266,Male,1,Yes,No,46,Yes,No,DSL,No,No,Yes,No internet service,No,No,One year,No,Mailed check,65.05,2999.92,No
7247-O863,Male,1,No,No,70,Yes,Yes,DSL,Yes,No,Yes,No,Yes,No internet service,Month-to-month,No,Bank transfer (automatic),103.44,7257.42,No
4903-E115,Male,0,Yes,Yes,31,Yes,No phone service,Fiber optic,Yes,No,Yes,Yes,No,Yes,Month-to-month,No,Bank transfer (automatic),21.84,679.79,No
5598-Z798,Female,1,No,No,9,No,No phone service,DSL,Yes,No,No internet service,Yes,No internet service,No,One year,Yes,Mailed check,48.95,447.71,No
5495-C355,Female,0,No,No,35,Yes,No phone service,DSL,Yes,No,No,Yes,Yes,No internet service,Month-to-month,No,Credit card (automatic),19.31,687.34,No
9893-J445,Female,0,Yes,Yes,60,Yes,No phone service,DSL,Yes,No internet service,No internet service,Yes,No internet service,No internet service,Month-to-month,No,Bank transfer (automatic),34.89,2090.89,No
7465-B730,Female,0,Yes,No,63,Yes,No,No,Yes,Yes,No internet service,Yes,Yes,No internet service,Month-to-month,Yes,Credit card (automatic),91.09,5770.02,No
5493-L375,Male,1,Yes,Yes,52,Yes,Yes,Fiber optic,No,Yes,No,Yes,No internet service,Yes,Two year,Yes,Electronic check,18.69,961.04,No
5104-Z768,Male,0,No,No,48,Yes,Yes,Fiber optic,Yes,No internet service,No,No internet service,Yes,No internet service,Month-to-month,Yes,Mailed check,70.82,3381.78,No
1202-D414,Male,0,No,Yes,61,Yes,Yes,No,No internet service,No,Yes,No internet service,No,Yes,Month-to-month,Yes,Credit card (automatic),59.86,3659.62,No
6259-I967,Male,0,Yes,No,24,Yes,Yes,DSL,No,No internet service,No,No internet service,Yes,No,Month-to-month,Yes,Credit card (automatic),30.6,729.31,No
3929-O573,Male,0,No,Yes,58,Yes,Yes,Fiber optic,No internet service,No,No internet service,No,Yes,No,Month-to-month,No,Credit card (automatic),87.16,5058.1,No
1282-O109,Male,0,Yes,Yes,64,Yes,Yes,DSL,No internet service,No,Yes,No internet service,No internet service,No,One year,Yes,Electronic check,87.91,5630.0,No
8642-B467,Female,1,Yes,No,30,Yes,No phone service,No,Yes,No,No internet service,No internet service,Yes,No internet service,Two year,No,Mailed check,91.25,2742.95,No
8867-U964,Female,0,Yes,No,29,Yes,Yes,DSL,No internet service,No,No,No,Yes,No,One year,No,Credit card (automatic),95.16,2747.46,No
4569-N159,Male,0,No,Yes,10,Yes,No phone service,No,No internet service,No,No internet service,No,Yes,Yes,Month-to-month,Yes,Credit card (automatic),49.91,492.58,No
2303-I724,Male,0,No,Yes,39,Yes,No,No,No internet service,No internet service,No internet service,Yes,No internet service,Yes,Month-to-month,No,Electronic check,118.16,4620.56,No
6145-C551,Female,0,Yes,No,55,Yes,No phone service,DSL,Yes,No internet service,Yes,No internet service,Yes,Yes,Month-to-month,Yes,Mailed check,25.58,1402.37,No
3945-I884,Female,0,Yes,No,28,Yes,No,DSL,Yes,Yes,Yes,No internet service,No,Yes,Month-to-month,No,Bank transfer (automatic),83.34,2333.18,No
5524-I989,Female,0,No,No,18,Yes,Yes,Fiber optic,Yes,No,No internet service,No,No,Yes,One year,No,Mailed check,115.81,2079.58,No
9108-E332,Female,0,Yes,No,41,No,No,No,No,No internet service,No,Yes,No internet service,Yes,Month-to-month,No,Bank transfer (automatic),40.79,1677.91,No
3858-E992,Male,0,No,No,65,Yes,No,DSL,Yes,No internet service,Yes,No internet service,Yes,No,Month-to-month,Yes,Electronic check,46.2,2999.38,No
1812-H217,Male,0,Yes,No,46,Yes,No phone service,DSL,Yes,No,No internet service,No,No internet service,No internet service,Month-to-month,No,Bank transfer (automatic),76.14,3519.25,No
1630-F800,Male,0,No,Yes,60,Yes,No phone service,Fiber optic,No internet service,No,Yes,No,Yes,Yes,Month-to-month,No,Electronic check,96.77,5798.88,No
9302-O693,Male,0,Yes,No,9,Yes,No,Fiber optic,Yes,No internet service,Yes,No internet service,No internet service,No,One year,No,Bank transfer (automatic),51.31,447.95,No
6199-B666,Male,0,No,No,45,Yes,No,Fiber optic,No internet service,No,No,No,Yes,No,Month-to-month,No,Electronic check,102.35,4594.2,No
4734-B831,Female,1,Yes,No,60,Yes,Yes,No,Yes,No internet service,No internet service,No,Yes,Yes,One year,No,Mailed check,42.47,2560.14,No
5244-I116,Male,0,No,No,28,Yes,No phone service,Fiber optic,Yes,Yes,No internet service,No internet service,No internet service,No,One year,Yes,Mailed check,106.12,2959.69,No
6789-R835,Female,0,No,Yes,3,Yes,No,No,Yes,No,No internet service,Yes,No internet service,Yes,Month-to-month,Yes,Bank transfer (automatic),43.67,117.84,No
1732-T340,Male,0,No,Yes,51,Yes,No phone service,Fiber optic,Yes,Yes,No internet service,No internet service,No internet service,No internet service,Two year,No,Mailed check,80.3,4103.38,No
6729-D179,Male,0,No,Yes,8,Yes,Yes,No,Yes,Yes,No internet service,Yes,Yes,Yes,Month-to-month,No,Bank transfer (automatic),54.21,452.12,No
9305-O215,Male,1,Yes,Yes,70,Yes,Yes,Fiber optic,Yes,Yes,Yes,No,No internet service,No internet service,Month-to-month,No,Electronic check,50.59,3563.18,No
9372-C342,Male,0,No,No,59,Yes,No,No,Yes,No,Yes,No internet service,Yes,No,Two year,No,Credit card (automatic),53.83,3175.15,No
4343-K684,Male,0,No,Yes,61,Yes,Yes,Fiber optic,No internet service,Yes,Yes,No internet service,No,No,Month-to-month,No,Electronic check,68.42,4143.28,No
7084-V525,Female,0,Yes,No,58,Yes,No,Fiber optic,No,No internet service,Yes,Yes,No,Yes,Month-to-month,Yes,Credit card (automatic),103.18,5982.99,No
2169-U536,Female,0,No,No,70,Yes,No phone service,DSL,No,No internet service,No,No,Yes,No,Two year,No,Mailed check,94.56,6631.9,No
5638-E125,Female,1,Yes,Yes,12,Yes,No phone service,No,Yes,No,No,No internet service,Yes,No,One year,Yes,Mailed check,63.41,750.87,No
6350-T907,Male,0,No,Yes,9,Yes,No,DSL,No,No,No internet service,No internet service,No internet service,No internet service,Month-to-month,Yes,Bank transfer (automatic),46.61,414.31,No
6902-K517,Male,0,No,No,49,Yes,No,No,No internet service,Yes,No,No,Yes,Yes,One year,Yes,Bank transfer (automatic),104.11,5105.03,No
7139-P401,Female,0,No,Yes,17,Yes,No,DSL,No internet service,No,Yes,Yes,Yes,Yes,Two year,No,Credit card (automatic),105.7,1809.36,No
1510-F477,Male,0,No,Yes,54,Yes,No phone service,Fiber optic,No internet service,No internet service,Yes,No internet service,No,No internet service,Month-to-month,Yes,Electronic check,63.84,3438.18,No
1730-J253,Male,1,No,No,44,Yes,No phone service,DSL,No,No internet service,Yes,No,No internet service,No internet service,One year,No,Credit card (automatic),88.18,3891.25,No
1418-D723,Female,0,No,No,32,Yes,Yes,Fiber optic,No,No internet service,Yes,No internet service,No internet service,No internet service,Two year,Yes,Credit card (automatic),55.36,1779.2,No
4464-Z420,Male,0,Yes,No,35,Yes,Yes,No,No,No,Yes,No internet service,Yes,Yes,Two year,No,Electronic check,33.23,1161.06,No
9368-W899,Female,0,Yes,No,49,Yes,No phone service,Fiber optic,Yes,No internet service,No internet service,No internet service,No internet service,No internet service,Month-to-month,Yes,Bank transfer (automatic),50.56,2485.76,No
9326-Z695,Male,0,No,No,54,Yes,No phone service,DSL,No internet service,No,No internet service,Yes,No,Yes,Month-to-month,Yes,Mailed check,86.8,4697.88,No
6636-G487,Female,0,No,Yes,16,Yes,No,No,No internet service,Yes,Yes,No,No,No internet service,One year,No,Mailed check,95.58,1546.43,No
1534-V843,Male,0,Yes,No,12,Yes,No phone service,DSL,Yes,No internet service,No internet service,No internet service,No,No,Month-to-month,No,Bank transfer (automatic),103.84,1261.81,No
3458-M880,Male,0,Yes,No,8,Yes,No phone service,Fiber optic,No,Yes,No,No internet service,Yes,Yes,One year,Yes,Credit card (automatic),20.03,149.45,No
2285-C329,Female,0,No,No,21,Yes,Yes,Fiber optic,No internet service,No internet service,No,No internet service,Yes,Yes,Month-to-month,No,Bank transfer (automatic),67.13,1415.12,Yes
9249-S745,Male,0,No,Yes,48,Yes,Yes,DSL,No,No internet service,Yes,Yes,No,Yes,One year,Yes,Credit card (automatic),45.78,2197.62,No
9982-X528,Male,1,No,No,8,Yes,No,No,Yes,No internet service,No internet service,No internet service,No,No,Month-to-month,Yes,Mailed check,86.99,700.21,No
9830-X224,Female,0,No,No,28,Yes,Yes,DSL,No,Yes,Yes,No,No internet service,No,Two year,No,Credit card (automatic),42.91,1202.55,No
9646-Z152,Male,0,No,Yes,10,Yes,No,Fiber optic,Yes,No internet service,No internet service,Yes,No internet service,Yes,Month-to-month,No,Mailed check,75.16,753.83,No
8738-V637,Female,0,No,No,52,Yes,No phone service,No,No,Yes,Yes,No,No internet service,No internet service,Month-to-month,No,Mailed check,89.8,4670.08,No
9525-O424,Male,0,Yes,No,15,Yes,No phone service,DSL,Yes,No,Yes,No internet service,No internet service,Yes,One year,No,Credit card (automatic),95.64,1428.96,No
5410-G956,Male,0,No,No,4,Yes,No,Fiber optic,No internet service,No internet service,Yes,No internet service,No,Yes,Month-to-month,Yes,Mailed check,45.33,184.36,No
5801-H436,Male,1,No,Yes,62,Yes,Yes,No,Yes,No internet service,No,Yes,No internet service,No,Month-to-month,Yes,Bank transfer (automatic),27.08,1688.78,No
4982-Z886,Male,0,Yes,Yes,4,Yes,Yes,DSL,No,Yes,No internet service,No internet service,No,No,Two year,Yes,Credit card (automatic),40.23,159.65,No
6930-H566,Female,0,Yes,No,41,Yes,No phone service,No,No internet service,No internet service,No internet service,No,No,No internet service,One year,No,Electronic check,78.46,3212.29,No
6157-X218,Male,0,Yes,No,55,Yes,Yes,Fiber optic,No,No,No,No,Yes,No internet service,One year,Yes,Mailed check,22.32,1230.34,No
4949-O850,Female,0,Yes,No,28,No,No,DSL,No,No internet service,No,No,No internet service,Yes,Month-to-month,No,Credit card (automatic),34.22,962.52,No
7716-L181,Male,0,No,Yes,47,Yes,No phone service,DSL,Yes,No,No internet service,No internet service,No,Yes,One year,Yes,Credit card (automatic),118.3,5553.82,No
6766-R617,Male,0,Yes,Yes,9,Yes,Yes,Fiber optic,Yes,No,No internet service,No internet service,Yes,No internet service,Month-to-month,No,Credit card (automatic),56.67,506.61,No
2252-L769,Male,0,Yes,Yes,2,Yes,No phone service,Fiber optic,No,No internet service,Yes,Yes,Yes,Yes,Month-to-month,Yes,Electronic check,68.15,125.64,No
8932-T335,Male,0,No,Yes,67,Yes,No phone service,Fiber optic,Yes,No internet service,Yes,Yes,No,Yes,Two year,No,Electronic check,19.36,1301.06,No
8355-Z528,Female,0,Yes,Yes,48,Yes,Yes,DSL,No,No,No internet service,No,No,No internet service,Month-to-month,No,Mailed check,77.74,3728.85,No
4764-S947,Female,0,Yes,Yes,69,Yes,No,Fiber optic,Yes,No,No internet service,No,No internet service,No internet service,Two year,Yes,Bank transfer (automatic),50.94,3529.24,No
3052-R350,Female,0,No,No,28,Yes,Yes,DSL,Yes,No,Yes,Yes,No internet service,No internet service,One year,No,Electronic check,71.53,2008.7,No
7678-V698,Female,0,No,Yes,14,Yes,Yes,DSL,No,No internet service,No,Yes,No,No,One year,No,Electronic check,71.12,1003.22,No
3263-T366,Male,0,No,No,46,Yes,Yes,No,No internet service,Yes,No internet service,No,No,No internet service,One year,Yes,Credit card (automatic),115.48,5314.31,No
5700-K421,Female,0,No,Yes,13,Yes,Yes,Fiber optic,Yes,No internet service,No internet service,Yes,Yes,No,Month-to-month,Yes,Credit card (automatic),45.21,597.2,No
2932-C518,Female,0,No,No,16,Yes,Yes,Fiber optic,No,Yes,No,No internet service,Yes,No internet service,Month-to-month,No,Bank transfer (automatic),75.58,1193.7,No
7898-Q251,Male,0,No,Yes,40,Yes,Yes,No,No internet service,Yes,No,No internet service,Yes,No internet service,Month-to-month,Yes,Mailed check,56.6,2264.47,No
9096-U891,Male,0,No,No,72,Yes,No,DSL,Yes,No internet service,No,Yes,Yes,No,Month-to-month,Yes,Credit card (automatic),60.66,4365.05,No
4245-F997,Male,0,Yes,No,30,Yes,No phone service,DSL,Yes,Yes,No internet service,Yes,Yes,No,Two year,No,Mailed check,23.83,727.01,No
8439-A270,Male,0,Yes,No,65,Yes,No,DSL,No,No,No internet service,No internet service,No internet service,Yes,Month-to-month,Yes,Bank transfer (automatic),87.44,5671.49,No
2979-N369,Female,0,No,Yes,58,Yes,Yes,Fiber optic,Yes,No internet service,No internet service,No internet service,Yes,Yes,One year,Yes,Bank transfer (automatic),37.88,2199.95,No
8698-X203,Female,0,Yes,Yes,48,Yes,No,DSL,No,Yes,Yes,No,No,Yes,One year,Yes,Electronic check,65.33,3149.39,No
3070-B953,Male,1,No,Yes,49,Yes,No phone service,No,No,No,No,Yes,No internet service,No,One year,Yes,Mailed check,61.89,3032.35,No
8068-A806,Male,0,Yes,No,2,Yes,No,DSL,Yes,Yes,No,No internet service,Yes,No internet service,One year,No,Credit card (automatic),65.3,130.29,No
3735-C235,Male,0,No,No,14,Yes,Yes,Fiber optic,No internet service,Yes,Yes,Yes,Yes,No,Month-to-month,Yes,Credit card (automatic),55.99,787.36,No
9436-Q497,Female,0,Yes,No,17,Yes,No phone service,Fiber optic,Yes,No,Yes,No internet service,Yes,No internet service,Two year,No,Mailed check,42.61,722.95,No
7919-L230,Female,0,No,Yes,31,No,Yes,DSL,No internet service,No,Yes,No internet service,No,No internet service,Two year,Yes,Credit card (automatic),63.35,1968.62,No
7591-W670,Male,0,Yes,Yes,10,Yes,Yes,DSL,Yes,No internet service,Yes,Yes,Yes,No internet service,One year,Yes,Credit card (automatic),22.9,240.81,No
4955-W400,Male,0,No,No,70,Yes,No phone service,Fiber optic,No internet service,Yes,No,No,No,Yes,Two year,No,Credit card (automatic),42.6,2985.95,No
2950-K944,Female,0,Yes,Yes,37,Yes,No phone service,DSL,Yes,No internet service,Yes,No internet service,No,No,Month-to-month,Yes,Credit card (automatic),97.13,3594.31,No
6515-S723,Male,0,Yes,Yes,64,Yes,Yes,No,No internet service,No internet service,Yes,Yes,Yes,No,Month-to-month,Yes,Bank transfer (automatic),102.95,6597.45,No
2765-X146,Male,0,No,Yes,30,Yes,No,Fiber optic,No internet service,Yes,No,No internet service,Yes,Yes,One year,No,Bank transfer (automatic),90.14,2720.19,No
2208-X463,Female,0,Yes,Yes,34,No,No phone service,DSL,Yes,Yes,No,Yes,No internet service,No internet service,Two year,Yes,Credit card (automatic),81.82,2776.13,No
8354-N745,Male,0,Yes,No,18,Yes,No,DSL,Yes,No internet service,No,Yes,No internet service,Yes,Month-to-month,Yes,Mailed check,99.78,1815.76,No
8368-X954,Female,0,Yes,Yes,63,Yes,No,DSL,No,No,No,No internet service,No internet service,No internet service,Month-to-month,No,Credit card (automatic),31.1,1954.24,No
8138-J875,Male,0,Yes,Yes,49,Yes,No phone service,No,No internet service,No internet service,No internet service,No,No,Yes,Month-to-month,Yes,Mailed check,71.04,,No
8816-W237,Male,0,Yes,No,56,Yes,No,Fiber optic,Yes,Yes,No internet service,No internet service,Yes,No,Two year,Yes,Mailed check,29.94,1680.63,No
4005-X884,Female,0,No,No,58,Yes,No phone service,No,No,No,No internet service,No internet service,No internet service,Yes,One year,Yes,Electronic check,96.43,5597.51,No
9345-C255,Female,0,No,Yes,27,Yes,No phone service,DSL,Yes,No internet service,No internet service,No,No,No,Month-to-month,No,Electronic check,70.57,1889.67,No
1127-S707,Male,0,Yes,Yes,55,Yes,No phone service,No,No internet service,Yes,No,No,No internet service,No internet service,Two year,Yes,Electronic check,99.66,5469.59,No
7060-V764,Female,0,No,Yes,19,No,No phone service,DSL,Yes,No,No internet service,Yes,No internet service,Yes,Month-to-month,No,Mailed check,98.56,1869.36,No
8430-M428,Male,1,Yes,Yes,23,Yes,No,DSL,Yes,No,Yes,Yes,Yes,Yes,Month-to-month,No,Mailed check,65.1,1491.4,No
8185-F620,Male,1,No,No,47,No,No,Fiber optic,No,No,Yes,No,Yes,Yes,Month-to-month,No,Mailed check,68.19,3210.75,No
5576-Y199,Female,0,Yes,No,66,Yes,No phone service,Fiber optic,Yes,Yes,Yes,No,No,Yes,Month-to-month,No,Mailed check,21.09,1404.54,No
4805-J605,Male,0,Yes,No,51,Yes,No phone service,DSL,No,No internet service,No internet service,No internet service,Yes,No,Month-to-month,No,Mailed check,70.86,3593.97,No
6588-B677,Male,0,Yes,Yes,28,Yes,No phone service,DSL,No internet service,Yes,No internet service,No,No internet service,No,Month-to-month,Yes,Bank transfer (automatic),86.34,2406.58,No
9481-Q693,Female,0,Yes,Yes,57,Yes,No phone service,DSL,No internet service,Yes,Yes,No internet service,No,Yes,Two year,No,Credit card (automatic),41.73,2373.84,No
9326-N392,Female,0,No,No,58,Yes,Yes,Fiber optic,Yes,No,No internet service,No internet service,No,No,Month-to-month,No,Electronic check,117.4,6798.49,No
6288-M426,Male,0,No,Yes,15,Yes,No,Fiber optic,No,No internet service,No,No internet service,No,Yes,Month-to-month,Yes,Mailed check,116.22,1740.47,No
3923-E142,Female,1,No,No,16,Yes,No,DSL,No internet service,No,No internet service,No,No,No,One year,Yes,Bank transfer (automatic),46.67,738.64,No
4451-N631,Female,0,Yes,No,47,Yes,No phone service,Fiber optic,Yes,Yes,Yes,No,Yes,No,One year,No,Electronic check,89.9,4230.69,No
5558-S730,Female,0,No,No,63,Yes,Yes,DSL,Yes,No,Yes,No internet service,No internet service,No,Two year,No,Credit card (automatic),21.27,1367.65,No
6150-D455,Female,0,No,No,12,Yes,Yes,No,Yes,Yes,No internet service,No,Yes,Yes,Month-to-month,No,Bank transfer (automatic),85.16,1013.85,No
5666-F221,Male,1,Yes,No,43,Yes,Yes,Fiber optic,Yes,Yes,No internet service,Yes,Yes,Yes,One year,Yes,Mailed check,80.96,3494.31,No
5716-I598,Male,0,Yes,No,29,No,No phone service,DSL,Yes,Yes,Yes,Yes,No,No,Month-to-month,Yes,Bank transfer (automatic),100.88,2952.36,No
8191-H273,Male,0,Yes,No,49,Yes,Yes,No,No,No,Yes,No internet service,Yes,No internet service,Month-to-month,No,Bank transfer (automatic),48.84,2386.93,No
5726-I720,Female,0,No,Yes,3,No,No phone service,DSL,Yes,No internet service,No internet service,No,Yes,No,Month-to-month,No,Credit card (automatic),106.49,341.54,No
2738-H782,Female,1,No,No,69,Yes,Yes,No,Yes,No,No internet service,Yes,No internet service,Yes,Month-to-month,Yes,Bank transfer (automatic),104.48,7200.82,No
5565-E198,Female,0,Yes,No,60,Yes,No phone service,Fiber optic,Yes,Yes,Yes,No internet service,No,No internet service,Month-to-month,No,Electronic check,85.55,5145.83,No
4388-R958,Female,1,No,Yes,66,Yes,No phone service,Fiber optic,Yes,No,Yes,Yes,Yes,Yes,One year,Yes,Bank transfer (automatic),65.72,4329.94,No
9334-Y272,Female,0,Yes,No,26,Yes,No,DSL,Yes,Yes,Yes,No internet service,No,No internet service,Month-to-month,No,Electronic check,80.4,2072.24,No
1448-T140,Female,0,No,Yes,71,Yes,No phone service,Fiber optic,Yes,No internet service,Yes,No internet service,No internet service,No internet service,Two year,No,Mailed check,91.61,6515.11,No
9844-R918,Female,0,Yes,No,69,Yes,Yes,Fiber optic,Yes,No internet service,Yes,No internet service,Yes,Yes,Two year,No,Mailed check,116.26,8027.55,No
4197-A600,Male,0,No,Yes,47,Yes,No,No,No internet service,Yes,Yes,Yes,No internet service,No,Month-to-month,Yes,Electronic check,30.48,1432.14,No
1422-L308,Male,0,No,Yes,42,No,Yes,Fiber optic,No internet service,No internet service,Yes,No internet service,No internet service,Yes,One year,Yes,Mailed check,49.71,2071.65,No
5617-S536,Female,1,No,Yes,31,Yes,No phone service,No,Yes,Yes,No internet service,No internet service,No,Yes,Month-to-month,No,Credit card (automatic),96.71,3011.53,No
8288-Q229,Female,0,Yes,No,22,Yes,No,No,No,No,No,Yes,No,No,Month-to-month,No,Credit card (automatic),59.37,1317.36,No
8435-J212,Female,0,Yes,Yes,17,Yes,No phone service,No,Yes,No,No,No internet service,No,No,Two year,Yes,Credit card (automatic),85.83,1441.19,No
2965-O542,Male,0,Yes,No,20,Yes,No phone service,Fiber optic,No,No internet service,No internet service,Yes,Yes,No internet service,Month-to-month,No,Credit card (automatic),31.63,635.16,No
9081-I188,Male,0,No,No,8,Yes,Yes,DSL,No,No internet service,No,No internet service,No,No internet service,Month-to-month,No,Electronic check,89.52,721.96,No
3241-I849,Female,0,Yes,No,49,Yes,Yes,DSL,No,Yes,No internet service,No,Yes,No,Month-to-month,Yes,Credit card (automatic),85.99,4202.42,No
2908-L922,Female,0,No,No,38,Yes,Yes,Fiber optic,No,No internet service,No internet service,No,No internet service,Yes,One year,No,Electronic check,77.12,2940.89,No
2295-X912,Male,0,Yes,No,53,Yes,No,No,No,No internet service,No internet service,Yes,No,No,Month-to-month,No,Bank transfer (automatic),95.16,5068.76,No
4644-X176,Male,0,Yes,No,28,Yes,Yes,Fiber optic,No internet service,No internet service,No internet service,No internet service,No internet service,No,Two year,Yes,Electronic check,106.7,2998.64,No
6359-F619,Male,1,No,No,29,Yes,No phone service,DSL,Yes,Yes,No,Yes,No,No,Month-to-month,Yes,Mailed check,101.59,2963.93,No
6494-I564,Male,0,No,Yes,72,No,No,No,No internet service,No,No internet service,No internet service,No internet service,Yes,Two year,No,Credit card (automatic),31.07,2246.34,No
9402-V895,Female,1,Yes,No,11,Yes,Yes,Fiber optic,No internet service,Yes,Yes,Yes,Yes,Yes,Two year,Yes,Electronic check,93.06,1012.63,No
2213-W804,Male,0,Yes,No,47,Yes,Yes,No,Yes,Yes,No internet service,No,No internet service,No internet service,One year,Yes,Electronic check,63.45,2990.81,No
6157-B543,Male,0,No,Yes,45,Yes,Yes,No,No internet service,No internet service,No,Yes,Yes,No,One year,Yes,Electronic check,51.81,2318.58,No
2645-W913,Female,0,No,No,18,Yes,No phone service,DSL,Yes,No,No,No,No,No,Month-to-month,Yes,Bank transfer (automatic),106.65,1914.7,No
9540-K294,Male,0,Yes,Yes,50,Yes,Yes,No,Yes,Yes,No,No,No,Yes,Two year,Yes,Electronic check,74.49,3722.1,No
1583-U742,Male,1,No,Yes,49,Yes,No phone service,Fiber optic,Yes,No internet service,No,No,No,No,One year,No,Credit card (automatic),68.62,3358.85,No
1130-H240,Male,0,Yes,No,22,No,No,No,Yes,Yes,Yes,Yes,Yes,Yes,Month-to-month,No,Mailed check,97.1,2128.31,No
7163-H789,Female,0,Yes,No,45,Yes,Yes,No,No,No internet service,No internet service,Yes,No,No internet service,Month-to-month,Yes,Bank transfer (automatic),73.86,3321.2,No
4205-I581,Male,1,Yes,Yes,61,Yes,No phone service,Fiber optic,No,No,Yes,No,Yes,No internet service,Month-to-month,Yes,Mailed check,104.48,6372.08,No
3481-P933,Female,0,No,No,21,Yes,Yes,DSL,No internet service,No,No internet service,Yes,Yes,No internet service,One year,No,Bank transfer (automatic),28.59,613.29,No
4065-X608,Female,0,Yes,Yes,71,Yes,Yes,DSL,Yes,No internet service,No internet service,No internet service,No internet service,Yes,Month-to-month,No,Bank transfer (automatic),96.25,6838.05,No
